epoch,step,critic_loss,gen_loss
1,1,2272.084228515625,-0.9607136249542236
1,2,7010.16845703125,-3.2073864936828613
1,3,302.0020751953125,-4.469115257263184
1,4,1524.37841796875,-5.885396957397461
1,5,6373.2490234375,-3.727104663848877
1,6,890.091064453125,-3.4402918815612793
1,7,4019.64990234375,-0.12762482464313507
1,8,52.47737503051758,-1.5839052200317383
1,9,133.48011779785156,-2.671431303024292
1,10,2340.665283203125,-4.030815124511719
1,11,1873.1619873046875,-0.24583882093429565
1,12,417.8465576171875,-1.5193220376968384
1,13,8.556812286376953,-1.7188204526901245
1,14,382.5113830566406,-1.8080112934112549
1,15,1393.122802734375,1.3388742208480835
1,16,310.60272216796875,-1.094496488571167
1,17,194.37045288085938,-2.3461551666259766
1,18,133.39442443847656,-2.3745951652526855
1,19,71.61088562011719,-2.3622241020202637
1,20,17.815134048461914,-2.184297561645508
1,21,968.6275024414062,-1.6960458755493164
1,22,127.66348266601562,-1.2409286499023438
1,23,16.90801239013672,-2.4888663291931152
1,24,22.601940155029297,-2.380486488342285
1,25,730.2354736328125,0.22603195905685425
1,26,10.656100273132324,-2.095247745513916
1,27,594.0997314453125,0.9882864356040955
1,28,110.76954650878906,-1.1204736232757568
1,29,41.899314880371094,-1.8761656284332275
1,30,15.815168380737305,-1.2353057861328125
1,31,939.7493286132812,-2.2310476303100586
1,32,21.502971649169922,-2.786879777908325
1,33,7.391777038574219,-1.5076594352722168
1,34,8.84872055053711,-0.9558010101318359
1,35,35.30010223388672,-0.9321309328079224
1,36,82.92720794677734,-0.3471154272556305
1,37,7.24137020111084,-0.8572156429290771
1,38,45.55751037597656,-0.8854024410247803
1,39,158.60983276367188,-0.7288198471069336
1,40,12.261534690856934,-0.76619553565979
1,41,41.57631301879883,-0.697380781173706
1,42,248.38307189941406,-0.8107429146766663
1,43,19.49969482421875,-0.881271243095398
1,44,14.326070785522461,-0.8966823816299438
1,45,19.6168270111084,-0.9228034019470215
1,46,9.682896614074707,-0.30537086725234985
1,47,10.23829460144043,-0.8934354782104492
1,48,22.59409523010254,-0.9806777834892273
1,49,8.740167617797852,-0.9024357795715332
1,50,7.8769659996032715,-0.18497034907341003
1,51,23.499568939208984,0.05066397413611412
1,52,10.471654891967773,-0.6746762990951538
1,53,116.58683013916016,-0.8198815584182739
1,54,19.5015926361084,-0.6440302729606628
1,55,6.408166408538818,-0.9124231934547424
1,56,28.88933753967285,-0.03178878128528595
1,57,31.055057525634766,-0.26188766956329346
1,58,13.821208000183105,-0.5994904041290283
1,59,28.080230712890625,-0.4794962406158447
1,60,5.207995414733887,-0.3611409366130829
1,61,41.84735870361328,-0.7611177563667297
1,62,16.463478088378906,-0.8062913417816162
1,63,9.732366561889648,-0.35316306352615356
1,64,7.2089152336120605,-0.740151047706604
1,65,6.878024101257324,-0.660471498966217
1,66,4.008876323699951,-0.7538502812385559
1,67,5.526397228240967,-0.6540014743804932
1,68,7.709195613861084,-1.0710132122039795
1,69,130.81350708007812,-1.1371304988861084
1,70,34.157203674316406,-0.424113929271698
1,71,3.0492360591888428,-0.41089916229248047
1,72,4.697748184204102,-0.6396672129631042
1,73,2.4504570960998535,-0.4986450672149658
1,74,21.546009063720703,-0.23105673491954803
1,75,0.1289045214653015,-0.4682598114013672
1,76,23.369338989257812,-0.7432650923728943
1,77,57.87165069580078,-1.0830378532409668
1,78,15.233765602111816,-0.6030014753341675
1,79,4.110633850097656,-0.858015775680542
1,80,7.270404815673828,-0.6303565502166748
1,81,19.847375869750977,-1.138817548751831
1,82,13.107560157775879,-1.4474161863327026
1,83,62.00053405761719,-0.5225589871406555
1,84,10.787473678588867,-0.43539565801620483
1,85,5.687582969665527,-0.6979191303253174
1,86,2.2734580039978027,-0.35754311084747314
1,87,0.7874398231506348,-0.8393638134002686
1,88,18.221031188964844,-0.5976775288581848
1,89,-0.9817061424255371,-0.8611325025558472
1,90,26.916282653808594,-0.9087730646133423
1,91,24.068378448486328,0.0866362452507019
1,92,1.7281166315078735,-0.795884370803833
1,93,14.600639343261719,-2.0074257850646973
1,94,8.512713432312012,-0.999373733997345
1,95,133.6085205078125,-1.7189557552337646
1,96,16.526031494140625,-0.44121798872947693
1,97,-2.0000088214874268,-0.23917071521282196
1,98,5.007881164550781,-0.5430316925048828
1,99,0.08976387977600098,-0.9176629781723022
1,100,18.174644470214844,-0.009350137785077095
1,101,-2.248631000518799,-0.35296282172203064
1,102,68.611083984375,-1.088374137878418
1,103,17.185970306396484,-0.5952222347259521
1,104,169.80393981933594,-1.5709022283554077
1,105,58.22117233276367,-0.31426167488098145
1,106,16.954238891601562,-0.6433993577957153
1,107,10.755500793457031,-0.6543983221054077
1,108,21.472732543945312,-0.6691411137580872
1,109,-2.0274887084960938,-0.4552219808101654
1,110,102.26766967773438,-1.8253939151763916
1,111,1.9992547035217285,-1.1681064367294312
1,112,21.882720947265625,-0.9833040237426758
1,113,58.724334716796875,-0.3047657012939453
1,114,18.214962005615234,-1.2052206993103027
1,115,2.3675782680511475,-0.880293607711792
1,116,-1.900392770767212,-0.7656761407852173
1,117,14.511091232299805,-0.7579492330551147
1,118,22.927797317504883,-0.780142605304718
1,119,40.70591354370117,-0.5989850759506226
1,120,4.566952705383301,-0.7726604342460632
1,121,116.75408172607422,-0.7728294134140015
1,122,68.14524841308594,-0.6104403734207153
1,123,5.747343063354492,-0.21281698346138
1,124,3.555481433868408,-0.33969205617904663
1,125,-0.023027420043945312,-0.5121446251869202
1,126,13.600550651550293,-0.20937711000442505
1,127,0.27944397926330566,-0.5284438729286194
1,128,29.000282287597656,-0.5959370732307434
1,129,4.059784889221191,-1.0816030502319336
1,130,4.726268768310547,-0.2735108435153961
1,131,-0.8892321586608887,-1.3018410205841064
1,132,-1.6373794078826904,-0.9142621755599976
1,133,3.4216179847717285,-0.7199423313140869
1,134,-1.5330939292907715,-0.7693518996238708
1,135,-0.4793257713317871,-0.9333351850509644
1,136,43.17050552368164,0.5091431140899658
1,137,8.949785232543945,-1.6878881454467773
1,138,2.5721819400787354,-1.1681889295578003
1,139,26.111873626708984,-0.994966983795166
1,140,-1.046433925628662,-0.6982964277267456
1,141,-2.471512794494629,-0.5393543243408203
1,142,-1.1500906944274902,-0.1874336451292038
1,143,0.08127021789550781,-0.3943314850330353
1,144,23.58391571044922,-0.09918640553951263
1,145,5.164458751678467,-1.2532553672790527
1,146,12.67495346069336,-0.3601343631744385
1,147,3.872343063354492,-0.5086911916732788
1,148,-4.096772193908691,-0.5582163333892822
1,149,-1.4179401397705078,-0.9260651469230652
1,150,13.988101959228516,-0.9784500598907471
1,151,-4.135312080383301,-0.5079983472824097
1,152,-5.882142066955566,-0.4049767851829529
1,153,-5.582012176513672,-0.5642261505126953
1,154,9.611112594604492,-0.606410026550293
1,155,-4.2983598709106445,-0.6464871168136597
1,156,-4.881708145141602,-0.625956654548645
2,157,-3.396566867828369,-0.3548961579799652
2,158,-7.241035461425781,-0.1275523155927658
2,159,3.6085872650146484,-0.836827278137207
2,160,-4.348715782165527,-0.3137575685977936
2,161,-1.4010343551635742,0.012990893796086311
2,162,4.385845184326172,-0.9905916452407837
2,163,81.86792755126953,-1.047742247581482
2,164,-7.498928070068359,-0.8593617677688599
2,165,-3.7992286682128906,-0.7459716200828552
2,166,-9.038541793823242,-0.5713548064231873
2,167,-8.916614532470703,-0.5282776355743408
2,168,-0.7468059062957764,0.23809084296226501
2,169,-5.751291275024414,-0.24320721626281738
2,170,-8.00590705871582,0.05035129189491272
2,171,-9.228671073913574,0.03320005536079407
2,172,-8.471318244934082,0.1609921157360077
2,173,9.876521110534668,-0.7496930956840515
2,174,-7.190263748168945,0.16458265483379364
2,175,-8.274386405944824,0.3959938883781433
2,176,-10.014071464538574,0.28722310066223145
2,177,-6.993376731872559,0.20444738864898682
2,178,-12.258661270141602,0.4084421992301941
2,179,-11.223875045776367,0.18920060992240906
2,180,-9.731954574584961,-0.0836406871676445
2,181,-11.357853889465332,0.4189814329147339
2,182,-13.887433052062988,0.6247175931930542
2,183,-13.204771041870117,0.8031326532363892
2,184,-12.059915542602539,0.7222169041633606
2,185,-15.656782150268555,0.44562530517578125
2,186,-10.571659088134766,0.9344327449798584
2,187,-12.57784652709961,0.5070183277130127
2,188,-15.351686477661133,0.916440486907959
2,189,-18.19099235534668,1.6928011178970337
2,190,-19.638988494873047,2.374274730682373
2,191,-14.919235229492188,2.4805474281311035
2,192,-19.254009246826172,2.864043951034546
2,193,-23.836074829101562,4.015445709228516
2,194,-23.371498107910156,4.60504150390625
2,195,-14.038165092468262,5.036910533905029
2,196,-21.860118865966797,5.907095909118652
2,197,-22.303585052490234,7.884787559509277
2,198,-27.082901000976562,9.159627914428711
2,199,-25.079421997070312,12.71151351928711
2,200,-24.758455276489258,15.45930004119873
2,201,-22.295387268066406,12.421403884887695
2,202,-24.034557342529297,19.65262794494629
2,203,-25.04283332824707,19.901321411132812
2,204,-25.167205810546875,18.756406784057617
2,205,-29.717288970947266,26.587203979492188
2,206,-27.43716049194336,24.269699096679688
2,207,-35.31819152832031,17.198139190673828
2,208,-32.50444412231445,28.872831344604492
2,209,-32.515140533447266,30.697261810302734
2,210,-32.26983642578125,32.58856201171875
2,211,-33.35578918457031,31.472999572753906
2,212,-39.086402893066406,30.796722412109375
2,213,-33.38811492919922,37.29441833496094
2,214,-36.84603500366211,39.81031799316406
2,215,-35.00813674926758,33.78156280517578
2,216,-34.050865173339844,41.305145263671875
2,217,-35.54680633544922,42.570438385009766
2,218,-36.649253845214844,42.820186614990234
2,219,-36.347354888916016,34.25899887084961
2,220,-39.864280700683594,37.067386627197266
2,221,-31.30197525024414,33.93999481201172
2,222,-34.143943786621094,37.90800476074219
2,223,-34.74213409423828,37.20683670043945
2,224,-33.3992919921875,33.241790771484375
2,225,-34.96026611328125,41.56138610839844
2,226,-33.38616180419922,34.02809143066406
2,227,-34.541534423828125,28.024303436279297
2,228,-34.15863037109375,40.06537628173828
2,229,-33.97928237915039,39.1495361328125
2,230,-38.35361099243164,29.872243881225586
2,231,-33.42095184326172,36.216712951660156
2,232,-28.65465545654297,36.33070755004883
2,233,-35.95316696166992,36.118263244628906
2,234,-34.6743278503418,39.92885971069336
2,235,-36.0368766784668,35.6807975769043
2,236,-32.122337341308594,36.37862014770508
2,237,-29.91386604309082,32.2561149597168
2,238,-35.078216552734375,24.597610473632812
2,239,-33.19532012939453,30.494056701660156
2,240,-34.91986846923828,33.13444519042969
2,241,-33.8185920715332,33.59480285644531
2,242,-31.659299850463867,30.580394744873047
2,243,-33.57701110839844,34.67572784423828
2,244,-38.30230712890625,24.79085922241211
2,245,-31.91053009033203,30.98312759399414
2,246,-31.228973388671875,32.66645050048828
2,247,-34.45073699951172,35.58811950683594
2,248,-32.490726470947266,32.99427032470703
2,249,-32.984764099121094,29.79131317138672
2,250,-30.834863662719727,38.65614318847656
2,251,-35.784034729003906,31.597633361816406
2,252,-30.277664184570312,31.993925094604492
2,253,-32.908203125,37.04010009765625
2,254,-32.6995849609375,26.60262680053711
2,255,-32.797142028808594,29.41347312927246
2,256,-35.06816101074219,28.236499786376953
2,257,-34.6424674987793,39.827239990234375
2,258,-35.94580841064453,36.84083938598633
2,259,-33.982208251953125,40.557273864746094
2,260,-34.98039245605469,35.48974609375
2,261,-32.39979553222656,39.43804168701172
2,262,-30.091814041137695,31.964696884155273
2,263,-31.205171585083008,32.46833038330078
2,264,-32.59113311767578,29.601051330566406
2,265,-33.78446960449219,30.50186538696289
2,266,-40.67115783691406,32.43610382080078
2,267,-29.88881492614746,21.0670223236084
2,268,-31.97211456298828,26.573322296142578
2,269,-33.40105438232422,27.369300842285156
2,270,-31.097450256347656,37.84424591064453
2,271,-33.15821838378906,25.279380798339844
2,272,-36.17922592163086,27.331653594970703
2,273,-37.01179504394531,29.99875259399414
2,274,-31.871749877929688,37.67898941040039
2,275,-39.57353210449219,32.91577911376953
2,276,-31.333110809326172,27.577503204345703
2,277,-29.801782608032227,28.76474380493164
2,278,-32.875694274902344,28.896806716918945
2,279,-34.160797119140625,36.69728469848633
2,280,-34.321563720703125,28.095867156982422
2,281,-33.41912078857422,43.14454650878906
2,282,-34.66770553588867,27.242399215698242
2,283,-34.453094482421875,38.754913330078125
2,284,-35.501243591308594,35.508567810058594
2,285,-39.060707092285156,31.49876594543457
2,286,-41.745731353759766,35.9719123840332
2,287,-37.184654235839844,41.707366943359375
2,288,-30.29861831665039,40.778564453125
2,289,-31.141143798828125,34.27146911621094
2,290,-31.745559692382812,28.80637550354004
2,291,-31.40044593811035,37.485595703125
2,292,-32.126277923583984,36.38887405395508
2,293,-33.22634506225586,30.918582916259766
2,294,-39.230560302734375,26.54855728149414
2,295,-32.37269592285156,31.547948837280273
2,296,-33.71068572998047,40.141475677490234
2,297,-33.213897705078125,37.083717346191406
2,298,-35.27045440673828,38.088165283203125
2,299,-32.881385803222656,31.468311309814453
2,300,-33.1491584777832,34.28587341308594
2,301,-30.810171127319336,28.166547775268555
2,302,-30.324703216552734,27.419811248779297
2,303,-29.70224380493164,28.212665557861328
2,304,-32.425575256347656,22.19078826904297
2,305,-33.41337585449219,35.71959686279297
2,306,-32.01134490966797,31.58279037475586
2,307,-29.175973892211914,35.275115966796875
2,308,-29.05743408203125,26.068099975585938
2,309,-29.20244026184082,35.10536575317383
2,310,-34.76715850830078,40.812835693359375
2,311,-35.9099235534668,31.521392822265625
2,312,-27.477418899536133,30.260133743286133
3,313,-27.48926544189453,31.140636444091797
3,314,-28.676921844482422,28.47101402282715
3,315,-25.932235717773438,34.303466796875
3,316,-29.247535705566406,32.96317672729492
3,317,-34.477272033691406,36.32912063598633
3,318,-32.24066162109375,34.01247024536133
3,319,-28.264196395874023,33.82158660888672
3,320,-27.70489501953125,29.98365020751953
3,321,-28.94683837890625,28.739643096923828
3,322,-27.859477996826172,21.48887062072754
3,323,-29.958585739135742,24.40560531616211
3,324,-28.27404022216797,24.75498390197754
3,325,-33.35007858276367,29.164779663085938
3,326,-41.296016693115234,32.41094970703125
3,327,-34.5612907409668,32.01994323730469
3,328,-28.287504196166992,33.402549743652344
3,329,-30.09566879272461,35.82490539550781
3,330,-30.91391944885254,29.128681182861328
3,331,-26.7291259765625,29.730770111083984
3,332,-27.228660583496094,29.325775146484375
3,333,-31.386333465576172,32.430511474609375
3,334,-27.201698303222656,37.13953399658203
3,335,-28.662246704101562,37.899658203125
3,336,-28.843608856201172,27.186416625976562
3,337,-32.640113830566406,32.983116149902344
3,338,-34.37562561035156,35.74879837036133
3,339,-29.469213485717773,33.45458984375
3,340,-27.14395523071289,30.3349609375
3,341,-29.889541625976562,32.06517791748047
3,342,-28.214879989624023,34.84571838378906
3,343,-28.409473419189453,28.9929141998291
3,344,-32.78174591064453,29.470096588134766
3,345,-27.371280670166016,33.55294418334961
3,346,-25.586990356445312,30.47625732421875
3,347,-27.238269805908203,35.25885009765625
3,348,-26.383054733276367,27.175800323486328
3,349,-28.874643325805664,33.092742919921875
3,350,-28.692359924316406,32.79078674316406
3,351,-26.493980407714844,27.17615509033203
3,352,-28.01519012451172,25.236013412475586
3,353,-39.48980712890625,37.432029724121094
3,354,-34.98597717285156,33.87803268432617
3,355,-28.84739112854004,36.509986877441406
3,356,-30.688575744628906,31.917255401611328
3,357,-30.248249053955078,33.60337448120117
3,358,-32.51758575439453,32.54292297363281
3,359,-28.873287200927734,34.01699447631836
3,360,-28.65382194519043,35.15004348754883
3,361,-29.720176696777344,39.08290481567383
3,362,-28.936582565307617,33.39533233642578
3,363,-27.480262756347656,33.9636116027832
3,364,-26.497318267822266,27.59315299987793
3,365,-28.663043975830078,31.661670684814453
3,366,-27.950809478759766,35.26203536987305
3,367,-25.172122955322266,28.55539321899414
3,368,-27.89539337158203,30.663219451904297
3,369,-29.49217987060547,31.73989486694336
3,370,-27.44035530090332,31.120773315429688
3,371,-26.342256546020508,32.084693908691406
3,372,-23.90328025817871,34.42565155029297
3,373,-26.90229606628418,35.8757438659668
3,374,-31.543678283691406,33.777740478515625
3,375,-31.589466094970703,31.966411590576172
3,376,-32.77149963378906,39.33074188232422
3,377,-28.88561248779297,35.631927490234375
3,378,-28.983901977539062,34.46632766723633
3,379,-27.669269561767578,32.24925994873047
3,380,-25.691205978393555,28.386962890625
3,381,-25.40119171142578,34.492584228515625
3,382,-26.704029083251953,30.661699295043945
3,383,-29.558120727539062,29.950403213500977
3,384,-33.431053161621094,31.718036651611328
3,385,-31.401756286621094,37.166481018066406
3,386,-26.379030227661133,31.741992950439453
3,387,-27.09031105041504,32.263648986816406
3,388,-27.053865432739258,23.529895782470703
3,389,-27.427309036254883,34.61638641357422
3,390,-26.09076690673828,36.58011245727539
3,391,-26.305084228515625,32.88904571533203
3,392,-24.75917625427246,38.690956115722656
3,393,-26.15619659423828,34.282012939453125
3,394,-25.763763427734375,34.931114196777344
3,395,-25.26171875,29.723482131958008
3,396,-28.060476303100586,33.22776412963867
3,397,-29.237117767333984,36.26874542236328
3,398,-22.515522003173828,33.35663986206055
3,399,-26.783153533935547,33.86395263671875
3,400,-26.180862426757812,30.927602767944336
3,401,-31.524362564086914,35.51406478881836
3,402,-27.553802490234375,26.769840240478516
3,403,-26.483591079711914,24.868640899658203
3,404,-27.35334014892578,35.04177474975586
3,405,-28.401470184326172,30.802595138549805
3,406,-27.081798553466797,32.967098236083984
3,407,-24.729454040527344,33.639801025390625
3,408,-26.506132125854492,37.327030181884766
3,409,-26.16790008544922,29.76009750366211
3,410,-24.697622299194336,28.27219009399414
3,411,-25.903562545776367,36.504783630371094
3,412,-27.94188117980957,39.672515869140625
3,413,-23.85064125061035,31.50695037841797
3,414,-24.70071029663086,33.08098602294922
3,415,-24.339252471923828,27.228302001953125
3,416,-28.255577087402344,28.991291046142578
3,417,-24.508651733398438,31.65890121459961
3,418,-22.91179084777832,28.062652587890625
3,419,-24.895261764526367,27.262632369995117
3,420,-25.584110260009766,25.373098373413086
3,421,-26.613201141357422,25.71662712097168
3,422,-24.799869537353516,26.249500274658203
3,423,-24.79607391357422,29.524505615234375
3,424,-26.172401428222656,26.88945770263672
3,425,-27.122234344482422,25.622222900390625
3,426,-22.220840454101562,32.57609558105469
3,427,-23.1177921295166,33.699241638183594
3,428,-23.32818603515625,31.910341262817383
3,429,-23.622669219970703,23.52206039428711
3,430,-20.724294662475586,22.401565551757812
3,431,-25.088951110839844,28.902271270751953
3,432,-23.190702438354492,34.24543762207031
3,433,-27.47113800048828,35.9155158996582
3,434,-25.861549377441406,33.891807556152344
3,435,-25.05501937866211,33.46344757080078
3,436,-25.04840850830078,28.23861312866211
3,437,-25.104312896728516,34.12720489501953
3,438,-21.359975814819336,29.889652252197266
3,439,-23.291580200195312,26.497547149658203
3,440,-28.119407653808594,36.57819366455078
3,441,-28.81707763671875,29.331459045410156
3,442,-26.986831665039062,32.11919403076172
3,443,-22.29351043701172,31.57556915283203
3,444,-22.146854400634766,31.147869110107422
3,445,-24.683727264404297,30.80557632446289
3,446,-22.97232437133789,23.216449737548828
3,447,-19.946718215942383,26.08098602294922
3,448,-24.45867919921875,23.7000732421875
3,449,-22.93671226501465,32.330902099609375
3,450,-22.7618465423584,30.586681365966797
3,451,-27.626976013183594,31.458431243896484
3,452,-27.97451400756836,35.62178421020508
3,453,-25.25168228149414,31.366241455078125
3,454,-23.730194091796875,26.458385467529297
3,455,-21.608707427978516,33.22986602783203
3,456,-21.03671646118164,27.815505981445312
3,457,-20.976673126220703,29.72334098815918
3,458,-23.458717346191406,30.460834503173828
3,459,-22.298681259155273,24.810848236083984
3,460,-23.888229370117188,23.309856414794922
3,461,-24.8258056640625,27.104084014892578
3,462,-25.119182586669922,28.336626052856445
3,463,-24.833005905151367,35.533573150634766
3,464,-26.00229263305664,25.93147850036621
3,465,-24.457923889160156,28.693584442138672
3,466,-23.27044677734375,30.491378784179688
3,467,-21.312297821044922,27.04677963256836
3,468,-23.75227165222168,25.61618423461914
4,469,-19.626760482788086,29.92376708984375
4,470,-21.483779907226562,26.33809471130371
4,471,-23.94430923461914,27.094575881958008
4,472,-25.220767974853516,26.65597915649414
4,473,-21.71878433227539,22.218849182128906
4,474,-21.695602416992188,21.479942321777344
4,475,-19.96703338623047,29.10316276550293
4,476,-23.126296997070312,21.796688079833984
4,477,-22.092817306518555,31.831951141357422
4,478,-22.32880401611328,27.74131202697754
4,479,-22.309120178222656,28.842926025390625
4,480,-24.45055389404297,30.536108016967773
4,481,-20.069477081298828,27.068313598632812
4,482,-21.778453826904297,23.959505081176758
4,483,-20.23958969116211,27.73758316040039
4,484,-22.484600067138672,20.63704490661621
4,485,-21.029142379760742,24.46700096130371
4,486,-18.79806900024414,23.072288513183594
4,487,-23.12295150756836,21.631248474121094
4,488,-22.726465225219727,31.500513076782227
4,489,-23.155132293701172,30.948789596557617
4,490,-24.918155670166016,32.01544952392578
4,491,-21.271697998046875,24.360469818115234
4,492,-23.10406494140625,30.61041259765625
4,493,-21.63324737548828,24.457338333129883
4,494,-21.020723342895508,27.304584503173828
4,495,-19.65113639831543,27.58889389038086
4,496,-21.377880096435547,27.419116973876953
4,497,-21.098129272460938,25.660213470458984
4,498,-21.154125213623047,21.467384338378906
4,499,-21.63039779663086,26.20538330078125
4,500,-21.528728485107422,29.610416412353516
4,501,-23.006874084472656,25.591148376464844
4,502,-20.452917098999023,30.029891967773438
4,503,-21.224849700927734,23.552425384521484
4,504,-23.646337509155273,24.595096588134766
4,505,-24.452800750732422,22.92876625061035
4,506,-19.884647369384766,27.263778686523438
4,507,-18.986339569091797,25.137779235839844
4,508,-19.88564109802246,26.818939208984375
4,509,-18.661277770996094,24.799617767333984
4,510,-19.000581741333008,28.504674911499023
4,511,-21.107328414916992,26.511306762695312
4,512,-20.97760772705078,22.084915161132812
4,513,-21.864059448242188,25.814437866210938
4,514,-27.087276458740234,24.342525482177734
4,515,-22.279281616210938,29.519229888916016
4,516,-18.20763397216797,26.630767822265625
4,517,-21.830781936645508,24.748647689819336
4,518,-21.626388549804688,25.34844970703125
4,519,-21.155101776123047,25.245563507080078
4,520,-20.70667839050293,23.35226058959961
4,521,-18.73661231994629,25.652250289916992
4,522,-19.231142044067383,23.957782745361328
4,523,-20.07316780090332,23.581756591796875
4,524,-19.750293731689453,22.067949295043945
4,525,-19.430999755859375,17.836997985839844
4,526,-18.430633544921875,27.666894912719727
4,527,-21.48902130126953,22.701881408691406
4,528,-19.8183650970459,22.364025115966797
4,529,-19.79418182373047,23.849884033203125
4,530,-19.810428619384766,23.643890380859375
4,531,-21.92635726928711,22.068359375
4,532,-19.623823165893555,23.32004165649414
4,533,-17.569129943847656,18.602445602416992
4,534,-20.83904266357422,22.81722640991211
4,535,-20.14700698852539,18.59423828125
4,536,-21.648963928222656,27.76021957397461
4,537,-19.559803009033203,21.41107177734375
4,538,-18.977352142333984,26.344274520874023
4,539,-18.007434844970703,23.990264892578125
4,540,-18.555429458618164,22.644943237304688
4,541,-19.044288635253906,27.170886993408203
4,542,-18.660886764526367,21.96628189086914
4,543,-19.03653907775879,25.96695327758789
4,544,-20.973636627197266,18.475067138671875
4,545,-17.972858428955078,23.475696563720703
4,546,-17.64322853088379,24.507970809936523
4,547,-19.15948486328125,20.692020416259766
4,548,-19.441072463989258,22.897113800048828
4,549,-20.45069122314453,21.28339385986328
4,550,-17.652225494384766,19.807703018188477
4,551,-17.80154800415039,25.31259536743164
4,552,-18.224966049194336,24.246957778930664
4,553,-19.49111557006836,21.092464447021484
4,554,-18.565387725830078,22.896541595458984
4,555,-20.89462661743164,24.460121154785156
4,556,-17.983238220214844,21.588172912597656
4,557,-17.96349334716797,22.002410888671875
4,558,-19.750436782836914,18.15454864501953
4,559,-16.96058464050293,17.145004272460938
4,560,-17.970827102661133,25.756345748901367
4,561,-18.89605712890625,22.38362693786621
4,562,-17.951135635375977,20.642553329467773
4,563,-16.46934700012207,17.44464111328125
4,564,-19.971986770629883,20.11160659790039
4,565,-20.842390060424805,22.135141372680664
4,566,-20.469926834106445,22.904090881347656
4,567,-18.63861846923828,19.615886688232422
4,568,-18.657123565673828,22.555444717407227
4,569,-18.3988037109375,16.53929901123047
4,570,-18.785860061645508,21.74996566772461
4,571,-16.673147201538086,18.94143295288086
4,572,-17.851106643676758,16.436477661132812
4,573,-17.076902389526367,18.178916931152344
4,574,-17.47203826904297,18.43222999572754
4,575,-18.12335968017578,22.07223129272461
4,576,-17.348106384277344,19.041770935058594
4,577,-19.418853759765625,21.529155731201172
4,578,-21.30777359008789,19.98007583618164
4,579,-20.28965950012207,26.76185417175293
4,580,-22.036643981933594,20.404232025146484
4,581,-17.457855224609375,21.8863525390625
4,582,-18.303874969482422,20.6331844329834
4,583,-19.20648765563965,22.617305755615234
4,584,-18.359952926635742,24.4097900390625
4,585,-17.46584701538086,15.583089828491211
4,586,-17.944787979125977,22.047466278076172
4,587,-19.442514419555664,19.66336441040039
4,588,-17.207122802734375,22.256256103515625
4,589,-18.737751007080078,22.5423641204834
4,590,-19.588796615600586,20.973735809326172
4,591,-19.63602066040039,20.56405258178711
4,592,-19.87679100036621,22.75311851501465
4,593,-18.332651138305664,22.659616470336914
4,594,-17.568809509277344,26.310543060302734
4,595,-19.037250518798828,21.89126205444336
4,596,-21.082889556884766,20.766620635986328
4,597,-18.179698944091797,22.461095809936523
4,598,-16.048015594482422,20.822681427001953
4,599,-17.89321517944336,22.733190536499023
4,600,-17.4642333984375,18.8634033203125
4,601,-16.651138305664062,19.106063842773438
4,602,-18.136018753051758,21.484073638916016
4,603,-17.51813507080078,25.725547790527344
4,604,-19.756309509277344,17.59711456298828
4,605,-19.853748321533203,24.429136276245117
4,606,-20.26017189025879,22.597402572631836
4,607,-16.93645477294922,23.910097122192383
4,608,-19.2835636138916,17.98472023010254
4,609,-16.811664581298828,21.16429901123047
4,610,-17.58678436279297,21.105173110961914
4,611,-17.334823608398438,25.17212677001953
4,612,-16.54083251953125,19.123149871826172
4,613,-15.798116683959961,20.234561920166016
4,614,-19.1588077545166,18.52509880065918
4,615,-19.091644287109375,21.191062927246094
4,616,-17.657196044921875,19.654598236083984
4,617,-17.795185089111328,19.912395477294922
4,618,-16.89126968383789,16.88048553466797
4,619,-16.317386627197266,20.638961791992188
4,620,-17.78096580505371,17.5
4,621,-16.444345474243164,16.765907287597656
4,622,-16.754518508911133,23.11013412475586
4,623,-19.303802490234375,20.631866455078125
4,624,-16.32408905029297,18.94216537475586
5,625,-17.01961898803711,17.038867950439453
5,626,-16.59418487548828,22.927845001220703
5,627,-17.926029205322266,17.726608276367188
5,628,-18.0725154876709,19.920879364013672
5,629,-18.203392028808594,19.659217834472656
5,630,-18.06810760498047,20.688634872436523
5,631,-19.466169357299805,24.991485595703125
5,632,-20.54636573791504,25.843008041381836
5,633,-19.620302200317383,23.28696060180664
5,634,-19.240276336669922,21.102306365966797
5,635,-18.607694625854492,23.409561157226562
5,636,-19.01962661743164,20.274532318115234
5,637,-16.69727897644043,20.20932388305664
5,638,-15.946122169494629,23.628339767456055
5,639,-20.276817321777344,25.541866302490234
5,640,-20.05673599243164,19.56871223449707
5,641,-18.958616256713867,22.80893325805664
5,642,-18.948898315429688,17.183422088623047
5,643,-16.35453224182129,21.176151275634766
5,644,-18.85418701171875,18.740081787109375
5,645,-18.752805709838867,17.18926429748535
5,646,-16.80340576171875,19.110301971435547
5,647,-17.904129028320312,20.40628433227539
5,648,-17.135316848754883,18.546964645385742
5,649,-16.705753326416016,19.446269989013672
5,650,-18.278404235839844,21.724567413330078
5,651,-16.78037452697754,18.655641555786133
5,652,-16.54405975341797,15.884429931640625
5,653,-20.980056762695312,19.40658950805664
5,654,-19.026592254638672,21.28990936279297
5,655,-17.596080780029297,16.14035415649414
5,656,-16.576648712158203,17.23421859741211
5,657,-18.13787078857422,22.758028030395508
5,658,-19.489397048950195,20.905105590820312
5,659,-15.255650520324707,19.95431137084961
5,660,-16.812053680419922,20.186187744140625
5,661,-16.281375885009766,19.194440841674805
5,662,-16.51443862915039,19.201557159423828
5,663,-18.79175567626953,14.812868118286133
5,664,-17.47540283203125,21.076881408691406
5,665,-19.481903076171875,17.723018646240234
5,666,-19.06114959716797,25.459712982177734
5,667,-17.021398544311523,17.27946662902832
5,668,-18.88614845275879,22.87236785888672
5,669,-19.483184814453125,19.648109436035156
5,670,-17.224327087402344,19.894744873046875
5,671,-18.024126052856445,17.333105087280273
5,672,-15.48157024383545,17.33062744140625
5,673,-17.07868194580078,15.901918411254883
5,674,-16.350709915161133,18.00129508972168
5,675,-20.949737548828125,21.100933074951172
5,676,-18.47659683227539,23.3298282623291
5,677,-19.244596481323242,19.34555435180664
5,678,-17.49329948425293,18.85295295715332
5,679,-15.02452278137207,15.93921947479248
5,680,-17.332443237304688,16.19832992553711
5,681,-15.915273666381836,19.108922958374023
5,682,-17.883575439453125,15.536600112915039
5,683,-17.518096923828125,17.785846710205078
5,684,-17.923442840576172,21.932090759277344
5,685,-17.790996551513672,18.94170570373535
5,686,-15.925769805908203,21.001907348632812
5,687,-18.29795265197754,18.94138526916504
5,688,-20.239700317382812,20.843481063842773
5,689,-19.574073791503906,16.087726593017578
5,690,-16.946044921875,18.78032684326172
5,691,-18.333370208740234,19.88292694091797
5,692,-15.98558521270752,17.723106384277344
5,693,-17.55443572998047,16.696401596069336
5,694,-18.467914581298828,18.81775665283203
5,695,-16.317039489746094,17.430564880371094
5,696,-17.066673278808594,15.47785472869873
5,697,-16.58960723876953,20.87218475341797
5,698,-16.50782012939453,18.195079803466797
5,699,-18.866640090942383,19.54460334777832
5,700,-17.76886749267578,15.380575180053711
5,701,-16.411725997924805,18.263195037841797
5,702,-18.442258834838867,16.120067596435547
5,703,-19.364356994628906,23.925037384033203
5,704,-17.475112915039062,15.91181468963623
5,705,-14.49535846710205,15.810213088989258
5,706,-15.448583602905273,14.03862190246582
5,707,-16.827285766601562,22.820907592773438
5,708,-19.42461585998535,19.25052261352539
5,709,-16.759780883789062,16.862186431884766
5,710,-16.061477661132812,18.83514404296875
5,711,-16.324249267578125,12.549901962280273
5,712,-16.196300506591797,15.678923606872559
5,713,-16.907167434692383,18.3826847076416
5,714,-17.22426414489746,12.53807258605957
5,715,-14.12741470336914,14.67035961151123
5,716,-15.055822372436523,15.293977737426758
5,717,-15.897671699523926,14.885551452636719
5,718,-16.157745361328125,19.687864303588867
5,719,-17.20881462097168,17.81379508972168
5,720,-19.9476261138916,17.19271469116211
5,721,-15.969103813171387,17.36974334716797
5,722,-17.73440933227539,14.908960342407227
5,723,-18.803359985351562,15.998452186584473
5,724,-17.37849998474121,12.578886032104492
5,725,-15.984335899353027,15.165492057800293
5,726,-15.765296936035156,20.590076446533203
5,727,-15.22929859161377,15.302705764770508
5,728,-16.51877784729004,19.994516372680664
5,729,-16.580821990966797,16.933521270751953
5,730,-18.452899932861328,18.504867553710938
5,731,-21.1856632232666,22.92125701904297
5,732,-18.506607055664062,15.4024019241333
5,733,-15.397136688232422,16.147253036499023
5,734,-18.186433792114258,15.971317291259766
5,735,-16.126277923583984,19.460708618164062
5,736,-15.591672897338867,15.553827285766602
5,737,-15.622747421264648,11.561750411987305
5,738,-15.552770614624023,18.3096866607666
5,739,-16.61522102355957,11.540555000305176
5,740,-14.198934555053711,15.25125503540039
5,741,-15.00964069366455,16.281211853027344
5,742,-17.09102439880371,14.046895980834961
5,743,-17.855300903320312,17.312885284423828
5,744,-17.933929443359375,18.55176544189453
5,745,-16.464120864868164,15.69251823425293
5,746,-16.628276824951172,16.444477081298828
5,747,-15.975446701049805,14.149534225463867
5,748,-14.778839111328125,17.38346290588379
5,749,-17.616458892822266,15.204212188720703
5,750,-15.892562866210938,18.554401397705078
5,751,-15.964406967163086,19.438426971435547
5,752,-15.171424865722656,15.000415802001953
5,753,-15.83822250366211,15.75894832611084
5,754,-16.992706298828125,18.99335479736328
5,755,-16.4157657623291,16.550386428833008
5,756,-15.068559646606445,14.860635757446289
5,757,-17.650779724121094,12.935213088989258
5,758,-15.516716003417969,16.345001220703125
5,759,-16.5213565826416,10.79985237121582
5,760,-13.978933334350586,15.056398391723633
5,761,-16.357620239257812,14.160149574279785
5,762,-15.227131843566895,16.714923858642578
5,763,-15.970499992370605,12.724494934082031
5,764,-15.532341003417969,14.037715911865234
5,765,-18.424190521240234,9.855707168579102
5,766,-15.890982627868652,22.047565460205078
5,767,-17.99579429626465,15.269108772277832
5,768,-15.114358901977539,18.28026580810547
5,769,-17.75430679321289,16.554332733154297
5,770,-18.533260345458984,18.35737419128418
5,771,-16.091018676757812,17.71245574951172
5,772,-15.445236206054688,14.263132095336914
5,773,-15.961999893188477,13.451295852661133
5,774,-15.497509002685547,11.826553344726562
5,775,-16.623809814453125,12.700711250305176
5,776,-15.861790657043457,18.12608528137207
5,777,-16.92546844482422,12.361927032470703
5,778,-17.068777084350586,16.864572525024414
5,779,-16.637563705444336,13.613740921020508
5,780,-14.69758415222168,14.783594131469727
6,781,-15.376198768615723,16.723051071166992
6,782,-14.871234893798828,13.97807788848877
6,783,-15.67025375366211,18.371444702148438
6,784,-14.308280944824219,12.953948020935059
6,785,-17.011394500732422,15.684496879577637
6,786,-16.776424407958984,13.380399703979492
6,787,-16.242843627929688,15.573650360107422
6,788,-15.300753593444824,16.537940979003906
6,789,-15.014790534973145,15.017972946166992
6,790,-14.462348937988281,12.621136665344238
6,791,-14.482288360595703,15.714519500732422
6,792,-14.311792373657227,12.0313720703125
6,793,-15.04376220703125,11.569324493408203
6,794,-15.90458869934082,11.549041748046875
6,795,-15.681196212768555,15.295160293579102
6,796,-18.214874267578125,13.626873016357422
6,797,-16.666532516479492,13.7852783203125
6,798,-17.921295166015625,14.130393981933594
6,799,-14.659481048583984,18.916015625
6,800,-17.51077651977539,15.051359176635742
6,801,-15.870635986328125,20.979408264160156
6,802,-16.595584869384766,14.976484298706055
6,803,-13.907184600830078,12.288832664489746
6,804,-15.100229263305664,12.682504653930664
6,805,-14.907281875610352,16.11595344543457
6,806,-15.187355041503906,11.335206985473633
6,807,-15.635627746582031,14.026931762695312
6,808,-13.44669246673584,11.653507232666016
6,809,-15.833151817321777,17.259235382080078
6,810,-19.035297393798828,13.142948150634766
6,811,-16.460220336914062,18.80835723876953
6,812,-17.720277786254883,9.619916915893555
6,813,-15.048035621643066,14.537940979003906
6,814,-15.43008804321289,18.133712768554688
6,815,-17.97946548461914,11.274566650390625
6,816,-15.636669158935547,14.029813766479492
6,817,-14.821159362792969,11.627636909484863
6,818,-14.493036270141602,15.420208930969238
6,819,-15.632547378540039,12.91264533996582
6,820,-14.6006498336792,9.713567733764648
6,821,-14.944544792175293,10.25783634185791
6,822,-14.839035034179688,17.785457611083984
6,823,-18.274580001831055,9.420404434204102
6,824,-15.822298049926758,15.912635803222656
6,825,-19.024234771728516,14.828939437866211
6,826,-14.767436981201172,13.73686695098877
6,827,-17.025833129882812,11.073125839233398
6,828,-18.84647560119629,14.668014526367188
6,829,-15.708784103393555,17.441295623779297
6,830,-16.409587860107422,12.270492553710938
6,831,-16.310489654541016,13.13365364074707
6,832,-16.404972076416016,14.996147155761719
6,833,-16.991464614868164,13.464210510253906
6,834,-14.67181396484375,12.284448623657227
6,835,-15.197036743164062,10.181440353393555
6,836,-13.374408721923828,7.483416557312012
6,837,-13.55357551574707,12.40584659576416
6,838,-16.336421966552734,12.25731086730957
6,839,-15.685440063476562,12.82640266418457
6,840,-14.946759223937988,17.536354064941406
6,841,-17.05435562133789,10.996868133544922
6,842,-15.3720703125,16.339378356933594
6,843,-16.561742782592773,8.816032409667969
6,844,-13.900501251220703,10.581899642944336
6,845,-14.566993713378906,14.790545463562012
6,846,-16.619953155517578,9.749452590942383
6,847,-18.147430419921875,16.95712661743164
6,848,-18.156530380249023,17.420459747314453
6,849,-15.102612495422363,10.252715110778809
6,850,-14.682480812072754,10.408916473388672
6,851,-15.30871295928955,14.05174446105957
6,852,-14.668913841247559,16.91883659362793
6,853,-15.371732711791992,11.655176162719727
6,854,-14.704510688781738,8.787711143493652
6,855,-15.507040023803711,16.90370750427246
6,856,-15.933507919311523,10.318799018859863
6,857,-15.022224426269531,13.027459144592285
6,858,-17.70526885986328,13.655181884765625
6,859,-16.591480255126953,14.883228302001953
6,860,-18.714229583740234,14.415817260742188
6,861,-15.876867294311523,12.358881950378418
6,862,-14.655899047851562,9.319547653198242
6,863,-15.740245819091797,12.085731506347656
6,864,-16.05019187927246,13.314380645751953
6,865,-14.161556243896484,12.00922966003418
6,866,-15.192550659179688,7.555111408233643
6,867,-15.42909049987793,6.841694355010986
6,868,-15.600587844848633,15.931386947631836
6,869,-15.196989059448242,12.25043773651123
6,870,-14.652915954589844,10.17353630065918
6,871,-13.769027709960938,11.891035079956055
6,872,-15.269110679626465,7.164778709411621
6,873,-14.791275024414062,12.064053535461426
6,874,-15.800371170043945,13.406933784484863
6,875,-16.291229248046875,12.264383316040039
6,876,-14.451117515563965,9.27694320678711
6,877,-13.819869995117188,15.455488204956055
6,878,-17.297536849975586,11.291202545166016
6,879,-14.034370422363281,11.574640274047852
6,880,-13.29183578491211,10.094045639038086
6,881,-13.309157371520996,9.771835327148438
6,882,-14.474212646484375,8.03807258605957
6,883,-14.764471054077148,11.666529655456543
6,884,-15.14816951751709,12.585687637329102
6,885,-15.479242324829102,13.740345001220703
6,886,-14.311840057373047,11.516658782958984
6,887,-15.191385269165039,3.9596290588378906
6,888,-16.019962310791016,13.72774887084961
6,889,-17.13869285583496,7.644685745239258
6,890,-15.129060745239258,10.310371398925781
6,891,-16.039203643798828,14.458661079406738
6,892,-16.322092056274414,14.963412284851074
6,893,-14.945343017578125,10.236921310424805
6,894,-15.057743072509766,11.51679801940918
6,895,-16.69405746459961,10.099693298339844
6,896,-16.198162078857422,6.520255088806152
6,897,-15.34554672241211,14.80958080291748
6,898,-16.92121124267578,8.011222839355469
6,899,-14.904914855957031,12.219651222229004
6,900,-16.348268508911133,14.008256912231445
6,901,-14.720061302185059,12.93280029296875
6,902,-13.237141609191895,6.74575662612915
6,903,-14.552044868469238,13.163471221923828
6,904,-14.970841407775879,7.353348731994629
6,905,-12.676019668579102,9.067720413208008
6,906,-14.95687484741211,9.071768760681152
6,907,-14.705687522888184,9.04088020324707
6,908,-17.535144805908203,9.95683479309082
6,909,-18.631690979003906,9.83925724029541
6,910,-14.292657852172852,14.026518821716309
6,911,-14.607698440551758,9.6632719039917
6,912,-14.65635871887207,13.862388610839844
6,913,-16.272884368896484,6.834977149963379
6,914,-12.722936630249023,12.383584976196289
6,915,-14.207645416259766,14.715316772460938
6,916,-18.086395263671875,9.083379745483398
6,917,-14.764927864074707,12.416874885559082
6,918,-16.996116638183594,11.604561805725098
6,919,-14.759615898132324,12.473621368408203
6,920,-14.069428443908691,10.455649375915527
6,921,-14.08557415008545,6.865176200866699
6,922,-14.383801460266113,10.729801177978516
6,923,-14.894083976745605,13.81617259979248
6,924,-14.941880226135254,7.45213508605957
6,925,-14.718571662902832,13.996652603149414
6,926,-15.414316177368164,12.037275314331055
6,927,-13.555747985839844,11.311800956726074
6,928,-14.890851974487305,11.589332580566406
6,929,-14.76793384552002,7.677842617034912
6,930,-14.365800857543945,8.731598854064941
6,931,-15.420433044433594,9.263967514038086
6,932,-14.305146217346191,7.767128944396973
6,933,-16.388778686523438,12.367643356323242
6,934,-16.328662872314453,16.956985473632812
6,935,-14.021708488464355,13.674221992492676
6,936,-16.014963150024414,7.129775047302246
7,937,-16.00922393798828,8.873359680175781
7,938,-16.63140106201172,10.654319763183594
7,939,-14.426982879638672,10.097074508666992
7,940,-13.507970809936523,12.199220657348633
7,941,-14.323235511779785,3.7143239974975586
7,942,-15.77879524230957,11.925797462463379
7,943,-16.827056884765625,8.837661743164062
7,944,-16.801239013671875,15.178997993469238
7,945,-15.042427062988281,10.068868637084961
7,946,-13.85243034362793,11.080023765563965
7,947,-14.620155334472656,8.903886795043945
7,948,-14.108160018920898,9.017050743103027
7,949,-14.618633270263672,11.425582885742188
7,950,-15.568517684936523,8.821321487426758
7,951,-15.171016693115234,9.999943733215332
7,952,-16.056812286376953,9.833337783813477
7,953,-13.560586929321289,5.944090843200684
7,954,-14.305721282958984,9.125545501708984
7,955,-15.066993713378906,7.368133544921875
7,956,-15.520184516906738,9.545333862304688
7,957,-14.624290466308594,9.947309494018555
7,958,-14.065727233886719,12.583658218383789
7,959,-15.480904579162598,10.206850051879883
7,960,-14.221654891967773,10.53504753112793
7,961,-14.943467140197754,3.6019105911254883
7,962,-14.63067626953125,14.164278030395508
7,963,-15.618968963623047,9.853588104248047
7,964,-14.902584075927734,10.994359970092773
7,965,-13.276052474975586,9.038219451904297
7,966,-15.128565788269043,8.305988311767578
7,967,-14.416678428649902,5.574010848999023
7,968,-14.302206039428711,11.588850021362305
7,969,-17.085010528564453,6.336950778961182
7,970,-14.39459228515625,12.743227005004883
7,971,-14.758514404296875,10.306686401367188
7,972,-14.26817798614502,8.91462516784668
7,973,-13.402192115783691,7.3836212158203125
7,974,-13.59682559967041,9.937870025634766
7,975,-13.484739303588867,7.7534074783325195
7,976,-15.135497093200684,7.088978290557861
7,977,-14.768245697021484,11.004911422729492
7,978,-15.954858779907227,11.037023544311523
7,979,-15.21777057647705,7.531910419464111
7,980,-13.843038558959961,9.003861427307129
7,981,-13.529852867126465,12.068678855895996
7,982,-15.358316421508789,9.731654167175293
7,983,-14.240882873535156,8.827829360961914
7,984,-15.559162139892578,10.61207389831543
7,985,-12.52961254119873,4.9529194831848145
7,986,-12.738899230957031,12.009471893310547
7,987,-14.945089340209961,10.623326301574707
7,988,-14.177302360534668,10.120564460754395
7,989,-14.24652099609375,7.803454875946045
7,990,-15.633838653564453,12.741191864013672
7,991,-17.50109100341797,12.436687469482422
7,992,-14.145112991333008,10.151229858398438
7,993,-14.120857238769531,7.137607574462891
7,994,-13.619197845458984,11.324359893798828
7,995,-17.102886199951172,6.065612316131592
7,996,-15.118675231933594,13.877522468566895
7,997,-17.873001098632812,6.516486644744873
7,998,-14.280229568481445,8.453530311584473
7,999,-15.156444549560547,13.23021125793457
7,1000,-13.42660140991211,13.729955673217773
7,1001,-14.92631721496582,10.373891830444336
7,1002,-14.635871887207031,7.2342400550842285
7,1003,-15.514080047607422,6.105128288269043
7,1004,-13.97059440612793,6.891185283660889
7,1005,-14.544054985046387,9.813694953918457
7,1006,-13.88062858581543,6.441864967346191
7,1007,-12.990517616271973,5.899392127990723
7,1008,-13.78996467590332,7.188237190246582
7,1009,-14.317741394042969,11.350727081298828
7,1010,-13.656951904296875,4.449246406555176
7,1011,-14.278409957885742,13.288162231445312
7,1012,-17.47838592529297,9.79952621459961
7,1013,-14.546253204345703,12.126960754394531
7,1014,-14.33919906616211,6.37052059173584
7,1015,-13.675610542297363,8.369855880737305
7,1016,-15.473182678222656,7.227802753448486
7,1017,-14.664436340332031,8.42039966583252
7,1018,-15.106151580810547,9.922445297241211
7,1019,-12.887125015258789,9.110815048217773
7,1020,-13.55693531036377,6.410733699798584
7,1021,-12.891643524169922,5.48679256439209
7,1022,-13.165549278259277,7.141942024230957
7,1023,-14.251988410949707,8.551189422607422
7,1024,-14.87921142578125,12.67879867553711
7,1025,-15.737096786499023,9.80146312713623
7,1026,-12.95357894897461,6.723809242248535
7,1027,-13.690628051757812,5.999137878417969
7,1028,-14.331451416015625,10.570937156677246
7,1029,-17.222911834716797,13.12485408782959
7,1030,-13.54859733581543,8.147865295410156
7,1031,-12.912123680114746,9.402740478515625
7,1032,-15.695089340209961,6.583230972290039
7,1033,-14.97625732421875,13.409339904785156
7,1034,-15.285268783569336,5.619663238525391
7,1035,-13.471429824829102,11.23443603515625
7,1036,-13.739619255065918,4.172325134277344
7,1037,-12.714438438415527,4.857178688049316
7,1038,-15.063558578491211,4.535789489746094
7,1039,-14.682587623596191,9.526876449584961
7,1040,-15.120323181152344,8.208012580871582
7,1041,-13.95140266418457,8.84909439086914
7,1042,-13.848148345947266,10.281941413879395
7,1043,-13.806292533874512,9.752777099609375
7,1044,-13.831612586975098,6.209657192230225
7,1045,-15.707609176635742,8.936821937561035
7,1046,-14.1585693359375,9.000852584838867
7,1047,-12.897136688232422,7.420131683349609
7,1048,-13.737883567810059,11.45492172241211
7,1049,-17.58980941772461,3.238046407699585
7,1050,-14.795083999633789,8.20223617553711
7,1051,-15.108427047729492,10.471771240234375
7,1052,-12.90812873840332,9.455767631530762
7,1053,-14.4335355758667,7.820816993713379
7,1054,-15.214775085449219,8.19757080078125
7,1055,-14.210809707641602,8.865824699401855
7,1056,-13.89474868774414,10.408293724060059
7,1057,-14.860457420349121,11.048017501831055
7,1058,-13.934126853942871,8.069892883300781
7,1059,-14.442770004272461,6.946831703186035
7,1060,-12.657623291015625,7.614345550537109
7,1061,-15.278435707092285,4.804441452026367
7,1062,-15.306501388549805,13.814157485961914
7,1063,-14.751541137695312,5.672550201416016
7,1064,-14.604872703552246,6.459028244018555
7,1065,-13.249290466308594,7.0657057762146
7,1066,-14.681816101074219,7.888525485992432
7,1067,-15.445960998535156,7.328258037567139
7,1068,-15.553558349609375,8.564756393432617
7,1069,-12.165456771850586,7.339536666870117
7,1070,-14.825678825378418,9.458565711975098
7,1071,-16.967174530029297,13.629045486450195
7,1072,-15.138040542602539,14.108612060546875
7,1073,-13.556467056274414,8.087372779846191
7,1074,-13.413407325744629,4.1994147300720215
7,1075,-13.37593936920166,8.493581771850586
7,1076,-13.423856735229492,9.18401050567627
7,1077,-13.476982116699219,9.537696838378906
7,1078,-14.179492950439453,7.497223377227783
7,1079,-13.202330589294434,11.110208511352539
7,1080,-13.623194694519043,6.276166915893555
7,1081,-13.497153282165527,6.707515716552734
7,1082,-15.018060684204102,7.906218528747559
7,1083,-13.361658096313477,15.915642738342285
7,1084,-18.140562057495117,4.694821357727051
7,1085,-13.227458000183105,11.951798439025879
7,1086,-14.439711570739746,8.854879379272461
7,1087,-15.701892852783203,9.166479110717773
7,1088,-17.442214965820312,16.155542373657227
7,1089,-14.497483253479004,8.530147552490234
7,1090,-12.048834800720215,9.138575553894043
7,1091,-11.913228988647461,4.46118688583374
7,1092,-12.90202522277832,6.601450443267822
8,1093,-12.488334655761719,9.66294002532959
8,1094,-12.92447566986084,7.4789509773254395
8,1095,-14.258291244506836,7.357329368591309
8,1096,-11.982714653015137,7.243561267852783
8,1097,-13.694132804870605,4.199564456939697
8,1098,-13.744937896728516,8.123846054077148
8,1099,-15.413839340209961,6.3206682205200195
8,1100,-13.655715942382812,9.934585571289062
8,1101,-14.116128921508789,8.031352996826172
8,1102,-13.462067604064941,6.384632110595703
8,1103,-14.277442932128906,8.202085494995117
8,1104,-14.393177032470703,7.545252799987793
8,1105,-15.815227508544922,8.7435884475708
8,1106,-13.421426773071289,9.842524528503418
8,1107,-13.763016700744629,7.885258197784424
8,1108,-13.738107681274414,4.240255355834961
8,1109,-13.856558799743652,9.86178970336914
8,1110,-12.79880142211914,6.632132053375244
8,1111,-13.735876083374023,5.773352146148682
8,1112,-14.263895034790039,8.523921012878418
8,1113,-15.051042556762695,7.751276016235352
8,1114,-12.496493339538574,7.544720649719238
8,1115,-14.260078430175781,7.79567289352417
8,1116,-14.385946273803711,10.02109432220459
8,1117,-15.67612075805664,8.744237899780273
8,1118,-15.53060245513916,8.094261169433594
8,1119,-12.923296928405762,8.403814315795898
8,1120,-13.155925750732422,3.9141244888305664
8,1121,-13.041184425354004,7.416123390197754
8,1122,-15.222879409790039,4.380697250366211
8,1123,-13.402541160583496,4.088212013244629
8,1124,-12.99235725402832,6.9155120849609375
8,1125,-13.430488586425781,6.817890167236328
8,1126,-12.440288543701172,4.629940986633301
8,1127,-11.138729095458984,6.002722263336182
8,1128,-14.221488952636719,6.867782115936279
8,1129,-13.890286445617676,5.370394229888916
8,1130,-13.407182693481445,12.421891212463379
8,1131,-16.66501235961914,5.618044376373291
8,1132,-14.323930740356445,9.85462474822998
8,1133,-15.637691497802734,7.151148796081543
8,1134,-12.638687133789062,9.60246467590332
8,1135,-12.947633743286133,8.487970352172852
8,1136,-13.106372833251953,2.515608549118042
8,1137,-13.295470237731934,6.40568733215332
8,1138,-14.327188491821289,8.079073905944824
8,1139,-13.5452299118042,10.19140911102295
8,1140,-12.37050724029541,8.261575698852539
8,1141,-13.068000793457031,9.402832984924316
8,1142,-14.293588638305664,5.048000335693359
8,1143,-13.834376335144043,11.958778381347656
8,1144,-13.778690338134766,6.9406867027282715
8,1145,-13.121349334716797,6.610627174377441
8,1146,-13.039630889892578,7.0125322341918945
8,1147,-13.7338285446167,10.709769248962402
8,1148,-13.726900100708008,8.924192428588867
8,1149,-13.11403751373291,5.354501247406006
8,1150,-13.245671272277832,3.9669904708862305
8,1151,-13.132725715637207,10.685197830200195
8,1152,-13.226545333862305,5.57973575592041
8,1153,-12.71300983428955,6.282618045806885
8,1154,-13.185033798217773,3.291395902633667
8,1155,-14.07201099395752,7.679036617279053
8,1156,-15.407161712646484,15.33810806274414
8,1157,-13.232694625854492,5.28434944152832
8,1158,-13.375511169433594,6.886370658874512
8,1159,-13.173782348632812,8.108972549438477
8,1160,-13.805899620056152,7.989165782928467
8,1161,-12.99730396270752,8.135381698608398
8,1162,-13.668357849121094,6.496576309204102
8,1163,-13.134885787963867,6.150251865386963
8,1164,-13.6480712890625,7.04518461227417
8,1165,-12.695077896118164,8.289708137512207
8,1166,-14.649068832397461,2.4090261459350586
8,1167,-13.402538299560547,10.860395431518555
8,1168,-14.104233741760254,7.730278968811035
8,1169,-12.81346321105957,5.981949329376221
8,1170,-13.902600288391113,7.421396255493164
8,1171,-11.978189468383789,8.420235633850098
8,1172,-13.532047271728516,6.333038330078125
8,1173,-12.811717987060547,5.094515323638916
8,1174,-12.596217155456543,13.527860641479492
8,1175,-14.737972259521484,7.662596225738525
8,1176,-12.371561050415039,8.372122764587402
8,1177,-13.225393295288086,5.531015396118164
8,1178,-12.66425895690918,7.494078636169434
8,1179,-13.125958442687988,5.479072570800781
8,1180,-13.471250534057617,6.765545845031738
8,1181,-12.553009033203125,6.805670738220215
8,1182,-14.740472793579102,4.784363746643066
8,1183,-11.806549072265625,11.261845588684082
8,1184,-13.255878448486328,5.0926923751831055
8,1185,-11.484695434570312,5.131105899810791
8,1186,-14.537576675415039,7.582827568054199
8,1187,-15.781885147094727,9.350351333618164
8,1188,-12.26012897491455,5.98085880279541
8,1189,-12.778635025024414,4.8208794593811035
8,1190,-12.061962127685547,4.595118522644043
8,1191,-13.76087760925293,7.4293060302734375
8,1192,-12.83270263671875,3.2971034049987793
8,1193,-12.305451393127441,5.861743450164795
8,1194,-11.989919662475586,3.564772605895996
8,1195,-14.454034805297852,8.258198738098145
8,1196,-15.873327255249023,13.07863998413086
8,1197,-13.092050552368164,11.109086990356445
8,1198,-12.818509101867676,5.794210433959961
8,1199,-12.780060768127441,8.992177963256836
8,1200,-13.382828712463379,6.866590976715088
8,1201,-12.435406684875488,9.52649974822998
8,1202,-15.363992691040039,3.921935558319092
8,1203,-12.763656616210938,9.21693229675293
8,1204,-12.282068252563477,5.9115376472473145
8,1205,-12.217081069946289,5.341306686401367
8,1206,-11.930130004882812,7.834234714508057
8,1207,-13.1827392578125,5.658234596252441
8,1208,-12.192827224731445,7.702877998352051
8,1209,-12.681472778320312,5.694007873535156
8,1210,-11.993599891662598,4.783019065856934
8,1211,-12.086148262023926,7.638967514038086
8,1212,-12.375560760498047,3.079723358154297
8,1213,-13.402356147766113,7.915900230407715
8,1214,-11.621192932128906,6.860874176025391
8,1215,-13.295389175415039,8.476892471313477
8,1216,-12.820232391357422,5.750722885131836
8,1217,-13.311636924743652,8.315049171447754
8,1218,-12.56989574432373,3.506319522857666
8,1219,-14.646015167236328,2.5264697074890137
8,1220,-16.2130126953125,15.040876388549805
8,1221,-17.297889709472656,4.179485321044922
8,1222,-12.269760131835938,4.344320297241211
8,1223,-12.149160385131836,5.115354061126709
8,1224,-13.739288330078125,7.98016881942749
8,1225,-13.644295692443848,14.564586639404297
8,1226,-14.172719955444336,4.8458051681518555
8,1227,-11.338418960571289,7.826610565185547
8,1228,-13.910072326660156,4.593084335327148
8,1229,-15.085258483886719,14.090051651000977
8,1230,-13.344902038574219,5.232975959777832
8,1231,-12.696534156799316,6.785956382751465
8,1232,-12.403519630432129,2.7084717750549316
8,1233,-12.773847579956055,5.371003150939941
8,1234,-11.944982528686523,2.5049009323120117
8,1235,-13.56971549987793,8.900863647460938
8,1236,-12.970541000366211,7.003340721130371
8,1237,-12.865775108337402,9.49992847442627
8,1238,-13.75489616394043,4.7225341796875
8,1239,-13.47813892364502,14.699203491210938
8,1240,-13.464800834655762,4.29896354675293
8,1241,-11.202949523925781,7.149454116821289
8,1242,-12.826671600341797,6.3376383781433105
8,1243,-11.705418586730957,7.607156276702881
8,1244,-13.301830291748047,4.760085105895996
8,1245,-12.558487892150879,5.967686653137207
8,1246,-12.748448371887207,4.165656089782715
8,1247,-13.9403657913208,2.9551045894622803
8,1248,-13.969108581542969,7.132713794708252
9,1249,-12.455711364746094,4.297172546386719
9,1250,-12.208612442016602,4.637862205505371
9,1251,-14.007879257202148,3.4660584926605225
9,1252,-13.083856582641602,6.972711563110352
9,1253,-12.594647407531738,6.391056060791016
9,1254,-13.512632369995117,5.046721458435059
9,1255,-13.266222953796387,9.693720817565918
9,1256,-13.8001708984375,8.266775131225586
9,1257,-12.506305694580078,5.865719318389893
9,1258,-11.45611572265625,8.221227645874023
9,1259,-12.285697937011719,3.11922025680542
9,1260,-11.419782638549805,10.76889419555664
9,1261,-15.743901252746582,1.6907742023468018
9,1262,-12.911906242370605,7.020678520202637
9,1263,-12.819080352783203,3.049280881881714
9,1264,-12.137988090515137,5.750169277191162
9,1265,-14.10378646850586,9.292545318603516
9,1266,-13.74649715423584,7.934621810913086
9,1267,-14.597911834716797,2.4813661575317383
9,1268,-11.82421875,6.19014835357666
9,1269,-13.087963104248047,7.618923664093018
9,1270,-13.726484298706055,3.544509172439575
9,1271,-12.65065860748291,6.552597999572754
9,1272,-12.076805114746094,2.8119120597839355
9,1273,-12.40428352355957,6.442043304443359
9,1274,-12.53652572631836,5.413993835449219
9,1275,-13.603094100952148,4.258656024932861
9,1276,-13.244194030761719,5.393915176391602
9,1277,-12.050958633422852,2.341968297958374
9,1278,-12.56033992767334,4.4928975105285645
9,1279,-13.458292961120605,8.195160865783691
9,1280,-13.42590045928955,5.36530876159668
9,1281,-13.165884017944336,4.7215375900268555
9,1282,-12.374979019165039,7.547668933868408
9,1283,-14.125471115112305,2.697816848754883
9,1284,-13.865110397338867,10.297760009765625
9,1285,-13.129260063171387,4.792965888977051
9,1286,-11.879415512084961,8.972503662109375
9,1287,-13.955623626708984,5.872921943664551
9,1288,-12.483783721923828,7.25742244720459
9,1289,-11.596256256103516,1.963963270187378
9,1290,-12.45561695098877,5.062933921813965
9,1291,-13.303125381469727,3.639737606048584
9,1292,-12.008334159851074,2.3893704414367676
9,1293,-14.50545883178711,7.2112250328063965
9,1294,-12.525384902954102,3.312349796295166
9,1295,-12.72109317779541,7.679490089416504
9,1296,-14.022787094116211,5.133431911468506
9,1297,-11.324390411376953,6.200302600860596
9,1298,-14.167543411254883,4.14525842666626
9,1299,-11.914596557617188,6.674098968505859
9,1300,-14.788058280944824,5.029140472412109
9,1301,-13.095721244812012,3.937171697616577
9,1302,-12.298794746398926,5.037477493286133
9,1303,-12.401490211486816,4.2325592041015625
9,1304,-11.770026206970215,1.745500922203064
9,1305,-12.409061431884766,2.3541228771209717
9,1306,-11.929543495178223,2.744581699371338
9,1307,-12.730310440063477,5.232954025268555
9,1308,-13.683534622192383,3.0180821418762207
9,1309,-12.992819786071777,5.247704982757568
9,1310,-12.53536319732666,2.182448387145996
9,1311,-12.336526870727539,10.96619987487793
9,1312,-14.58676528930664,2.121636152267456
9,1313,-11.277877807617188,5.404531955718994
9,1314,-12.38886833190918,5.111428260803223
9,1315,-11.71277141571045,2.715179204940796
9,1316,-12.055843353271484,6.3813982009887695
9,1317,-12.872631072998047,3.2310657501220703
9,1318,-12.857915878295898,2.9216198921203613
9,1319,-12.009398460388184,4.009405612945557
9,1320,-11.525169372558594,3.0498743057250977
9,1321,-12.720415115356445,2.6891326904296875
9,1322,-13.925798416137695,1.7565596103668213
9,1323,-12.311530113220215,6.872934341430664
9,1324,-13.13405704498291,3.0200605392456055
9,1325,-12.00472640991211,10.627038955688477
9,1326,-13.70715045928955,2.901278018951416
9,1327,-12.047603607177734,5.04890775680542
9,1328,-12.13077163696289,4.112937927246094
9,1329,-12.264535903930664,3.624175548553467
9,1330,-13.378833770751953,2.5363845825195312
9,1331,-12.324586868286133,3.7368083000183105
9,1332,-12.655099868774414,3.5969796180725098
9,1333,-11.293338775634766,4.1784749031066895
9,1334,-12.45173168182373,1.4517173767089844
9,1335,-13.475406646728516,11.2432222366333
9,1336,-14.18257999420166,3.3903756141662598
9,1337,-12.184683799743652,6.987868309020996
9,1338,-11.079566955566406,4.4317097663879395
9,1339,-11.726378440856934,7.329649925231934
9,1340,-11.478443145751953,1.3889472484588623
9,1341,-11.895089149475098,5.4958176612854
9,1342,-13.38433837890625,3.98513126373291
9,1343,-12.732818603515625,5.676769733428955
9,1344,-11.20641040802002,5.690432548522949
9,1345,-13.562314987182617,2.2252073287963867
9,1346,-12.130117416381836,8.128564834594727
9,1347,-14.584771156311035,6.752363681793213
9,1348,-11.381433486938477,7.66115665435791
9,1349,-12.61365795135498,3.032998561859131
9,1350,-11.141766548156738,3.9587292671203613
9,1351,-12.40912914276123,10.060907363891602
9,1352,-16.63496208190918,2.7004921436309814
9,1353,-11.501976013183594,8.739175796508789
9,1354,-12.085860252380371,5.673923969268799
9,1355,-10.971149444580078,2.8383071422576904
9,1356,-11.856978416442871,4.099556922912598
9,1357,-11.908416748046875,3.665809154510498
9,1358,-12.605731010437012,2.7186086177825928
9,1359,-13.056917190551758,11.858007431030273
9,1360,-15.953167915344238,3.6677582263946533
9,1361,-12.751080513000488,6.437104225158691
9,1362,-13.200057983398438,6.361332416534424
9,1363,-14.327056884765625,2.4419567584991455
9,1364,-12.714069366455078,2.90376615524292
9,1365,-12.414052963256836,6.035541534423828
9,1366,-12.149002075195312,3.0803399085998535
9,1367,-11.117321968078613,2.6022729873657227
9,1368,-12.06586742401123,0.710642397403717
9,1369,-12.91980266571045,6.081536769866943
9,1370,-12.989296913146973,3.5987958908081055
9,1371,-11.465423583984375,6.693533897399902
9,1372,-12.550898551940918,3.517158269882202
9,1373,-11.446784973144531,4.129128456115723
9,1374,-13.041889190673828,2.919881820678711
9,1375,-12.995107650756836,4.797224044799805
9,1376,-13.159160614013672,5.821020126342773
9,1377,-15.163141250610352,3.013594388961792
9,1378,-11.659399032592773,5.412632465362549
9,1379,-15.074484825134277,5.346816539764404
9,1380,-13.484082221984863,5.073239326477051
9,1381,-10.938232421875,4.622533321380615
9,1382,-13.06263542175293,1.4592721462249756
9,1383,-11.001304626464844,6.537748336791992
9,1384,-13.810409545898438,2.2944555282592773
9,1385,-10.670676231384277,-0.56449294090271
9,1386,-10.867630004882812,3.068995237350464
9,1387,-12.102174758911133,2.990009307861328
9,1388,-11.647668838500977,7.561570167541504
9,1389,-13.987115859985352,-0.3243015706539154
9,1390,-12.184526443481445,7.325701713562012
9,1391,-11.899394035339355,1.9057137966156006
9,1392,-11.964092254638672,4.845159530639648
9,1393,-11.061990737915039,4.586732387542725
9,1394,-12.020818710327148,2.488992691040039
9,1395,-11.640267372131348,7.50370979309082
9,1396,-12.240801811218262,1.812584400177002
9,1397,-11.688892364501953,6.1954731941223145
9,1398,-14.729267120361328,5.52614688873291
9,1399,-11.576148986816406,5.484457492828369
9,1400,-13.527687072753906,4.383055210113525
9,1401,-14.872278213500977,3.3579201698303223
9,1402,-12.474250793457031,7.0011372566223145
9,1403,-11.062045097351074,5.054028034210205
9,1404,-11.821637153625488,4.942327499389648
10,1405,-12.093374252319336,3.6220951080322266
10,1406,-11.938614845275879,0.05887089669704437
10,1407,-11.65195083618164,4.690710067749023
10,1408,-12.146766662597656,-0.6691843271255493
10,1409,-12.256994247436523,2.459567070007324
10,1410,-12.225359916687012,-0.6329485177993774
10,1411,-11.525871276855469,4.091792106628418
10,1412,-13.909685134887695,4.4919939041137695
10,1413,-14.748950958251953,8.150857925415039
10,1414,-12.260503768920898,7.440192222595215
10,1415,-12.246970176696777,4.425317287445068
10,1416,-12.209053039550781,4.590606689453125
10,1417,-11.052606582641602,1.2857160568237305
10,1418,-14.210604667663574,7.261871814727783
10,1419,-11.632661819458008,3.578192710876465
10,1420,-13.398335456848145,0.7566229104995728
10,1421,-12.107820510864258,3.7904138565063477
10,1422,-12.473652839660645,4.042620658874512
10,1423,-11.44934368133545,4.27781867980957
10,1424,-11.797009468078613,5.563656806945801
10,1425,-12.005419731140137,2.734060764312744
10,1426,-12.217863082885742,6.832830429077148
10,1427,-12.117502212524414,5.4983344078063965
10,1428,-11.214417457580566,4.267683506011963
10,1429,-11.306726455688477,2.7063446044921875
10,1430,-11.388725280761719,3.6136574745178223
10,1431,-12.982035636901855,6.677593231201172
10,1432,-14.547077178955078,2.8725833892822266
10,1433,-11.464282035827637,5.7539963722229
10,1434,-12.902901649475098,2.20574951171875
10,1435,-11.867206573486328,4.088200569152832
10,1436,-11.068485260009766,2.801316261291504
10,1437,-12.394266128540039,4.545191764831543
10,1438,-12.297067642211914,3.534454822540283
10,1439,-11.855945587158203,5.131839752197266
10,1440,-13.206521034240723,-0.20006492733955383
10,1441,-11.983593940734863,3.8851776123046875
10,1442,-14.09512710571289,5.286643028259277
10,1443,-11.751434326171875,4.6145853996276855
10,1444,-12.315375328063965,1.977950930595398
10,1445,-11.60340404510498,4.819389343261719
10,1446,-11.632133483886719,4.267935752868652
10,1447,-12.07125186920166,7.839858531951904
10,1448,-12.816085815429688,2.024386405944824
10,1449,-10.173501968383789,3.2063071727752686
10,1450,-11.441112518310547,4.419765949249268
10,1451,-12.317862510681152,2.5848677158355713
10,1452,-10.42829704284668,4.782094955444336
10,1453,-14.138854026794434,1.3632808923721313
10,1454,-10.91525650024414,4.227406978607178
10,1455,-11.355810165405273,2.282151222229004
10,1456,-11.6554536819458,3.85612154006958
10,1457,-11.369009971618652,1.1936542987823486
10,1458,-13.347994804382324,6.102087020874023
10,1459,-13.015616416931152,6.278350353240967
10,1460,-11.765260696411133,6.613919258117676
10,1461,-11.684464454650879,3.1666717529296875
10,1462,-12.02427864074707,3.594632387161255
10,1463,-11.079537391662598,4.863526344299316
10,1464,-13.020416259765625,1.0243529081344604
10,1465,-11.474959373474121,5.902276039123535
10,1466,-13.668298721313477,2.219109058380127
10,1467,-11.8284912109375,9.489407539367676
10,1468,-14.344493865966797,1.758923053741455
10,1469,-12.234477043151855,10.795880317687988
10,1470,-13.541382789611816,4.599672794342041
10,1471,-11.270155906677246,4.351579189300537
10,1472,-11.331953048706055,4.916577339172363
10,1473,-11.167107582092285,4.616944313049316
10,1474,-11.833110809326172,-0.587136447429657
10,1475,-11.391827583312988,5.084794998168945
10,1476,-13.259483337402344,5.147759437561035
10,1477,-12.754154205322266,5.5231122970581055
10,1478,-11.839457511901855,1.8810888528823853
10,1479,-12.820211410522461,5.124685764312744
10,1480,-11.864962577819824,4.472186088562012
10,1481,-11.336048126220703,2.9472815990448
10,1482,-11.794803619384766,3.670576572418213
10,1483,-13.825408935546875,4.488283634185791
10,1484,-11.097721099853516,3.5331177711486816
10,1485,-11.504846572875977,2.05515718460083
10,1486,-12.26604175567627,7.139698028564453
10,1487,-11.985244750976562,1.3049460649490356
10,1488,-12.518285751342773,5.787550449371338
10,1489,-15.970172882080078,6.698741912841797
10,1490,-11.061423301696777,3.2122135162353516
10,1491,-11.002653121948242,3.2225911617279053
10,1492,-13.316110610961914,0.5061967968940735
10,1493,-11.632505416870117,5.202556133270264
10,1494,-12.306577682495117,3.573960065841675
10,1495,-11.634174346923828,8.65796184539795
10,1496,-12.776627540588379,2.297694206237793
10,1497,-12.034534454345703,7.8979997634887695
10,1498,-12.39773941040039,4.058377742767334
10,1499,-14.737089157104492,4.789390563964844
10,1500,-12.750041961669922,5.376793384552002
10,1501,-10.789063453674316,3.028674602508545
10,1502,-11.828798294067383,4.490077972412109
10,1503,-12.213689804077148,-0.2628040909767151
10,1504,-10.67828369140625,5.744847297668457
10,1505,-11.434696197509766,1.8359057903289795
10,1506,-11.514741897583008,5.952915191650391
10,1507,-11.503114700317383,1.0506341457366943
10,1508,-13.011249542236328,5.745852470397949
10,1509,-12.682899475097656,4.274044036865234
10,1510,-12.159131050109863,2.743230104446411
10,1511,-10.246541976928711,0.8921555280685425
10,1512,-12.541584968566895,3.163987398147583
10,1513,-11.718327522277832,4.95947265625
10,1514,-12.962115287780762,1.2914226055145264
10,1515,-10.607694625854492,2.633495330810547
10,1516,-11.338762283325195,3.561795949935913
10,1517,-11.813993453979492,1.2038259506225586
10,1518,-12.955554962158203,6.167453765869141
10,1519,-13.586211204528809,-1.1105475425720215
10,1520,-11.713339805603027,7.015740394592285
10,1521,-12.08517837524414,0.6960641741752625
10,1522,-10.395733833312988,4.2888360023498535
10,1523,-11.286995887756348,0.6480525732040405
10,1524,-12.257330894470215,6.778696060180664
10,1525,-12.314981460571289,1.4614590406417847
10,1526,-11.505887985229492,3.7727932929992676
10,1527,-11.067049980163574,-1.2785065174102783
10,1528,-11.141983032226562,1.7589819431304932
10,1529,-11.024951934814453,2.341841697692871
10,1530,-11.771316528320312,3.2855119705200195
10,1531,-11.002059936523438,2.3227405548095703
10,1532,-10.816354751586914,1.1627346277236938
10,1533,-11.295615196228027,2.2046613693237305
10,1534,-11.229947090148926,2.5772976875305176
10,1535,-11.916412353515625,-0.7094701528549194
10,1536,-11.6917085647583,7.310908794403076
10,1537,-15.0148286819458,-0.5868281126022339
10,1538,-12.435428619384766,10.273270606994629
10,1539,-10.79074764251709,0.9149863719940186
10,1540,-13.116473197937012,5.938846588134766
10,1541,-12.582829475402832,3.633516311645508
10,1542,-10.463542938232422,0.6378965377807617
10,1543,-11.16838550567627,2.580759048461914
10,1544,-10.176151275634766,2.507866144180298
10,1545,-11.847935676574707,1.3180830478668213
10,1546,-10.629349708557129,6.024253845214844
10,1547,-11.418191909790039,1.2098748683929443
10,1548,-10.854606628417969,1.1692075729370117
10,1549,-12.450065612792969,5.686945915222168
10,1550,-12.841127395629883,-0.03723326325416565
10,1551,-12.091161727905273,4.749595642089844
10,1552,-12.569265365600586,3.611176013946533
10,1553,-12.589052200317383,2.503972053527832
10,1554,-11.500696182250977,2.0377392768859863
10,1555,-11.128771781921387,-0.6090376973152161
10,1556,-11.094776153564453,5.070464611053467
10,1557,-15.105325698852539,1.0263053178787231
10,1558,-13.1420316696167,9.821551322937012
10,1559,-13.145101547241211,1.6718015670776367
10,1560,-11.76970100402832,6.273844242095947
11,1561,-12.441307067871094,1.8345015048980713
11,1562,-11.949838638305664,9.08524227142334
11,1563,-10.31522274017334,0.37731310725212097
11,1564,-12.597114562988281,2.2265167236328125
11,1565,-13.354153633117676,6.716655731201172
11,1566,-11.276488304138184,3.2290849685668945
11,1567,-11.475542068481445,-1.1114951372146606
11,1568,-12.421748161315918,13.89732551574707
11,1569,-15.104764938354492,1.6468316316604614
11,1570,-12.073586463928223,3.252993583679199
11,1571,-12.463672637939453,7.973124027252197
11,1572,-12.872712135314941,2.1699912548065186
11,1573,-11.42631721496582,3.956892490386963
11,1574,-11.524259567260742,5.181603908538818
11,1575,-13.2987642288208,-0.8715940117835999
11,1576,-11.523446083068848,12.031899452209473
11,1577,-12.016286849975586,2.5902533531188965
11,1578,-10.508801460266113,5.3078765869140625
11,1579,-14.812299728393555,3.9347312450408936
11,1580,-13.798291206359863,12.4794340133667
11,1581,-11.981017112731934,-0.3786499500274658
11,1582,-11.989136695861816,4.792014122009277
11,1583,-11.213834762573242,3.3994152545928955
11,1584,-11.983840942382812,3.0714807510375977
11,1585,-11.266465187072754,2.7080302238464355
11,1586,-11.376480102539062,4.4596333503723145
11,1587,-12.031123161315918,1.1727705001831055
11,1588,-11.042469024658203,0.39310312271118164
11,1589,-12.604188919067383,4.324699401855469
11,1590,-13.768086433410645,3.823275089263916
11,1591,-10.846345901489258,2.1997501850128174
11,1592,-11.264507293701172,1.4981287717819214
11,1593,-11.376078605651855,3.344512462615967
11,1594,-11.338916778564453,-1.2073278427124023
11,1595,-10.998976707458496,5.121594429016113
11,1596,-12.723311424255371,1.9650849103927612
11,1597,-10.753076553344727,2.7752726078033447
11,1598,-13.18900203704834,1.9200855493545532
11,1599,-12.718324661254883,2.8728203773498535
11,1600,-12.681607246398926,1.450201392173767
11,1601,-12.061624526977539,-0.07387027144432068
11,1602,-12.830166816711426,2.654005527496338
11,1603,-11.489526748657227,5.438539028167725
11,1604,-13.179275512695312,2.1098804473876953
11,1605,-10.386396408081055,0.3282979726791382
11,1606,-10.742663383483887,1.5289645195007324
11,1607,-12.005329132080078,2.7312324047088623
11,1608,-10.964640617370605,-0.41056060791015625
11,1609,-11.091390609741211,4.892996788024902
11,1610,-11.27681827545166,3.6925806999206543
11,1611,-10.540260314941406,2.998722553253174
11,1612,-11.196619987487793,2.246875286102295
11,1613,-11.252357482910156,3.5159008502960205
11,1614,-10.737427711486816,4.988014221191406
11,1615,-11.897071838378906,-0.26208651065826416
11,1616,-10.97474479675293,4.7309889793396
11,1617,-13.377704620361328,4.658557891845703
11,1618,-10.792019844055176,4.778107166290283
11,1619,-11.139579772949219,0.3288118839263916
11,1620,-11.500380516052246,6.268863677978516
11,1621,-13.268878936767578,3.88645076751709
11,1622,-10.760481834411621,-0.6390798687934875
11,1623,-12.01956844329834,6.620790481567383
11,1624,-12.04113483428955,3.5969276428222656
11,1625,-10.445289611816406,3.091761827468872
11,1626,-10.953429222106934,-1.131614327430725
11,1627,-11.699287414550781,1.1213206052780151
11,1628,-12.212441444396973,0.0030495375394821167
11,1629,-10.69865608215332,1.357940435409546
11,1630,-11.831989288330078,0.8617839813232422
11,1631,-14.901884078979492,9.73534107208252
11,1632,-10.15824031829834,3.299170970916748
11,1633,-11.797354698181152,0.170559823513031
11,1634,-10.753290176391602,3.8876233100891113
11,1635,-10.892510414123535,4.734441757202148
11,1636,-13.554478645324707,2.816044330596924
11,1637,-11.289925575256348,3.0609068870544434
11,1638,-11.754868507385254,5.208828449249268
11,1639,-11.435070037841797,0.4608609974384308
11,1640,-11.497007369995117,2.511416435241699
11,1641,-11.261931419372559,2.4088873863220215
11,1642,-10.931902885437012,2.3082849979400635
11,1643,-11.535536766052246,3.415067195892334
11,1644,-10.59305477142334,3.832376480102539
11,1645,-11.58735179901123,1.4752085208892822
11,1646,-10.566998481750488,4.919364929199219
11,1647,-11.492910385131836,0.9735568165779114
11,1648,-10.979080200195312,2.216357707977295
11,1649,-10.860187530517578,-1.3488366603851318
11,1650,-11.612176895141602,1.9839019775390625
11,1651,-11.45090103149414,4.004881858825684
11,1652,-12.092628479003906,0.0033152401447296143
11,1653,-10.712785720825195,0.0841081440448761
11,1654,-10.927970886230469,1.1712275743484497
11,1655,-11.990338325500488,1.6979398727416992
11,1656,-11.114590644836426,5.374604225158691
11,1657,-12.643350601196289,0.10319721698760986
11,1658,-11.015657424926758,0.5202136039733887
11,1659,-11.155596733093262,1.846212387084961
11,1660,-11.263202667236328,-0.31687310338020325
11,1661,-11.637001037597656,-0.4875393509864807
11,1662,-12.716737747192383,7.199010372161865
11,1663,-12.889887809753418,0.7560014724731445
11,1664,-10.788082122802734,0.8485432863235474
11,1665,-11.375995635986328,0.22399823367595673
11,1666,-11.951818466186523,-0.33985045552253723
11,1667,-10.698566436767578,0.5683127641677856
11,1668,-11.703783988952637,1.3708889484405518
11,1669,-12.666698455810547,-2.135897159576416
11,1670,-10.739103317260742,0.15680207312107086
11,1671,-12.36484432220459,4.340947151184082
11,1672,-11.196382522583008,0.06764596700668335
11,1673,-10.805329322814941,4.132632255554199
11,1674,-15.106071472167969,1.5869646072387695
11,1675,-10.660310745239258,4.787291526794434
11,1676,-10.487519264221191,-0.17351941764354706
11,1677,-11.261240005493164,1.126600980758667
11,1678,-11.855659484863281,2.7518672943115234
11,1679,-11.975814819335938,4.210108280181885
11,1680,-12.515954971313477,0.8377306461334229
11,1681,-11.4143648147583,3.2039952278137207
11,1682,-10.900758743286133,3.5725631713867188
11,1683,-11.671005249023438,2.4707424640655518
11,1684,-10.268877983093262,3.133305549621582
11,1685,-11.089012145996094,0.5507951378822327
11,1686,-11.108973503112793,4.277370452880859
11,1687,-12.426248550415039,-4.291367530822754
11,1688,-12.687774658203125,8.984439849853516
11,1689,-11.56025505065918,1.0185145139694214
11,1690,-10.315027236938477,3.7683205604553223
11,1691,-11.023992538452148,1.1790698766708374
11,1692,-10.027278900146484,-1.1736011505126953
11,1693,-11.072219848632812,6.71148157119751
11,1694,-11.045987129211426,-1.3245232105255127
11,1695,-10.542280197143555,0.46050506830215454
11,1696,-10.85329532623291,-1.4647164344787598
11,1697,-10.386453628540039,-0.2299257069826126
11,1698,-12.317724227905273,0.2790130376815796
11,1699,-13.497296333312988,2.4960784912109375
11,1700,-11.180726051330566,-0.9924830794334412
11,1701,-10.622190475463867,2.374176025390625
11,1702,-10.704319953918457,2.0779004096984863
11,1703,-12.424235343933105,0.9489879012107849
11,1704,-11.431739807128906,2.5965311527252197
11,1705,-11.423078536987305,-3.216012477874756
11,1706,-10.696365356445312,0.00669020414352417
11,1707,-12.068212509155273,0.5229885578155518
11,1708,-11.601531982421875,0.3303309977054596
11,1709,-11.717687606811523,1.028414011001587
11,1710,-11.310656547546387,3.12251615524292
11,1711,-11.185075759887695,0.5649726390838623
11,1712,-12.173242568969727,6.949371814727783
11,1713,-12.788276672363281,-0.8297745585441589
11,1714,-10.66712760925293,2.5755226612091064
11,1715,-11.050589561462402,3.552595853805542
11,1716,-11.490547180175781,0.37363535165786743
12,1717,-11.926752090454102,2.6258535385131836
12,1718,-11.295398712158203,0.5176068544387817
12,1719,-13.216854095458984,4.410525321960449
12,1720,-11.752229690551758,7.35460090637207
12,1721,-14.248126983642578,-0.14079056680202484
12,1722,-11.12783432006836,7.208122253417969
12,1723,-11.390945434570312,0.47996756434440613
12,1724,-12.053400039672852,4.4109368324279785
12,1725,-12.40513801574707,-0.7048577070236206
12,1726,-11.131706237792969,7.888251304626465
12,1727,-11.47390365600586,-0.5449306964874268
12,1728,-10.65583324432373,6.540155410766602
12,1729,-12.331525802612305,0.5018908977508545
12,1730,-10.278508186340332,2.435197353363037
12,1731,-10.498346328735352,0.4474855065345764
12,1732,-12.317035675048828,1.7256308794021606
12,1733,-10.158744812011719,3.6901745796203613
12,1734,-11.023712158203125,-4.577746391296387
12,1735,-11.023981094360352,7.289722919464111
12,1736,-11.70512580871582,-2.8335227966308594
12,1737,-10.756844520568848,3.3392581939697266
12,1738,-11.102020263671875,3.5849132537841797
12,1739,-12.250349998474121,1.543637990951538
12,1740,-9.718177795410156,-0.9711719751358032
12,1741,-10.526917457580566,3.7001328468322754
12,1742,-10.210898399353027,-1.6124281883239746
12,1743,-10.326192855834961,3.79703688621521
12,1744,-13.158266067504883,-2.64928936958313
12,1745,-11.782562255859375,4.249604225158691
12,1746,-11.046784400939941,4.794547080993652
12,1747,-10.619232177734375,2.098863124847412
12,1748,-10.541509628295898,-1.581235647201538
12,1749,-13.56478500366211,0.9750709533691406
12,1750,-11.036581993103027,4.278648853302002
12,1751,-10.756609916687012,-1.138393759727478
12,1752,-11.003644943237305,0.7463690638542175
12,1753,-11.762048721313477,0.9427163004875183
12,1754,-12.329265594482422,-1.6077693700790405
12,1755,-10.01990795135498,2.926307439804077
12,1756,-11.88154411315918,-0.9652725458145142
12,1757,-10.586459159851074,4.894623756408691
12,1758,-11.541726112365723,-0.41510459780693054
12,1759,-10.556509971618652,2.489915609359741
12,1760,-10.359572410583496,0.24390830099582672
12,1761,-10.72420883178711,0.3199767470359802
12,1762,-11.283926010131836,2.428945541381836
12,1763,-11.108121871948242,1.7173924446105957
12,1764,-10.104488372802734,-0.148809015750885
12,1765,-11.415979385375977,0.7303451895713806
12,1766,-11.914377212524414,2.9492177963256836
12,1767,-12.897591590881348,-2.780332565307617
12,1768,-11.053317070007324,6.701186180114746
12,1769,-10.941157341003418,1.1235798597335815
12,1770,-11.00195026397705,1.5403704643249512
12,1771,-10.327875137329102,0.757634162902832
12,1772,-10.998241424560547,-0.16098740696907043
12,1773,-11.12233829498291,-0.12107045948505402
12,1774,-10.354453086853027,-0.3953890800476074
12,1775,-11.725017547607422,-0.5817999243736267
12,1776,-10.8423433303833,4.810389995574951
12,1777,-10.665451049804688,-3.20058274269104
12,1778,-10.836362838745117,1.501746416091919
12,1779,-11.186500549316406,3.397148370742798
12,1780,-10.59841537475586,-1.0409857034683228
12,1781,-10.813765525817871,4.353168487548828
12,1782,-13.15114974975586,-2.1100566387176514
12,1783,-10.739324569702148,4.057921886444092
12,1784,-12.822500228881836,-0.28456029295921326
12,1785,-12.358406066894531,2.229074239730835
12,1786,-10.356645584106445,-4.289503574371338
12,1787,-11.711531639099121,3.538844347000122
12,1788,-11.878311157226562,0.3330134153366089
12,1789,-10.588997840881348,2.1553101539611816
12,1790,-10.849319458007812,1.7560267448425293
12,1791,-12.144195556640625,-1.6791207790374756
12,1792,-10.571172714233398,4.136650562286377
12,1793,-10.52392292022705,-0.4434593617916107
12,1794,-12.373605728149414,0.4000754952430725
12,1795,-11.301947593688965,3.660581588745117
12,1796,-13.410259246826172,-1.0807710886001587
12,1797,-11.69912338256836,3.9490795135498047
12,1798,-11.482521057128906,1.1617993116378784
12,1799,-10.398847579956055,4.6221208572387695
12,1800,-10.655183792114258,0.3437489867210388
12,1801,-11.465577125549316,0.8142330646514893
12,1802,-11.353610038757324,1.7358713150024414
12,1803,-10.11954402923584,-0.6748539209365845
12,1804,-11.630228042602539,4.436925888061523
12,1805,-11.694877624511719,-0.25042596459388733
12,1806,-10.851819038391113,2.6168041229248047
12,1807,-11.522016525268555,5.181144714355469
12,1808,-11.628993034362793,-0.4813477694988251
12,1809,-10.71993637084961,8.566323280334473
12,1810,-11.154464721679688,0.7609584927558899
12,1811,-11.374258041381836,1.730838418006897
12,1812,-11.255061149597168,1.2423615455627441
12,1813,-11.359870910644531,3.4055562019348145
12,1814,-10.336200714111328,0.3282422721385956
12,1815,-12.622217178344727,0.43386930227279663
12,1816,-11.113624572753906,5.765509128570557
12,1817,-11.001673698425293,0.9515631198883057
12,1818,-11.12881851196289,3.772674798965454
12,1819,-10.101507186889648,1.1553363800048828
12,1820,-11.700708389282227,-0.8389194011688232
12,1821,-12.518348693847656,6.658440589904785
12,1822,-11.035088539123535,-0.31969374418258667
12,1823,-11.079800605773926,4.749939918518066
12,1824,-10.213345527648926,0.8851273059844971
12,1825,-11.510154724121094,1.615468978881836
12,1826,-10.774621963500977,4.559950351715088
12,1827,-11.403070449829102,-1.9849101305007935
12,1828,-10.054625511169434,4.002764701843262
12,1829,-12.624073028564453,-0.4187338352203369
12,1830,-12.29001522064209,4.954857349395752
12,1831,-11.12774658203125,-1.460282325744629
12,1832,-10.861936569213867,1.5052757263183594
12,1833,-11.076423645019531,-1.0525789260864258
12,1834,-11.31284236907959,5.431478500366211
12,1835,-11.457368850708008,4.5486249923706055
12,1836,-10.46355152130127,-1.4097435474395752
12,1837,-10.365686416625977,6.312319755554199
12,1838,-10.722036361694336,1.1008607149124146
12,1839,-11.623251914978027,4.699169158935547
12,1840,-10.75649642944336,3.2178382873535156
12,1841,-10.440773010253906,-0.4736480712890625
12,1842,-9.331625938415527,2.8034720420837402
12,1843,-11.55099868774414,-0.5443565845489502
12,1844,-10.290050506591797,1.1909637451171875
12,1845,-11.444021224975586,1.594217300415039
12,1846,-10.318511009216309,4.125184535980225
12,1847,-11.725410461425781,0.6719512343406677
12,1848,-11.03873062133789,8.951168060302734
12,1849,-12.0831937789917,-1.5893912315368652
12,1850,-9.804864883422852,1.8281620740890503
12,1851,-11.996943473815918,1.4560120105743408
12,1852,-11.098224639892578,2.36360239982605
12,1853,-9.72707748413086,-2.76003360748291
12,1854,-10.456214904785156,4.832756996154785
12,1855,-10.706032752990723,0.8381158113479614
12,1856,-10.51457405090332,2.2175066471099854
12,1857,-11.041017532348633,3.915923595428467
12,1858,-10.300057411193848,-2.234647750854492
12,1859,-11.625384330749512,3.2158117294311523
12,1860,-13.342903137207031,-0.7631158232688904
12,1861,-10.423727989196777,0.24390995502471924
12,1862,-9.919931411743164,1.689103603363037
12,1863,-11.791542053222656,1.952958345413208
12,1864,-11.126440048217773,1.0359073877334595
12,1865,-10.920706748962402,1.0303192138671875
12,1866,-10.160494804382324,-0.5614751577377319
12,1867,-10.465385437011719,2.107682228088379
12,1868,-10.754598617553711,2.369948625564575
12,1869,-10.743195533752441,-0.2382430136203766
12,1870,-10.446456909179688,2.9242749214172363
12,1871,-12.040244102478027,-0.37667983770370483
12,1872,-10.73890495300293,0.619384765625
13,1873,-11.036232948303223,5.733717441558838
13,1874,-12.445720672607422,-2.6482341289520264
13,1875,-10.180696487426758,5.242136001586914
13,1876,-10.610538482666016,4.910348892211914
13,1877,-12.603580474853516,-1.5550059080123901
13,1878,-10.85240650177002,4.406684875488281
13,1879,-13.070059776306152,-1.4615718126296997
13,1880,-11.035635948181152,7.970477104187012
13,1881,-9.968703269958496,-1.9578334093093872
13,1882,-10.139485359191895,1.7238240242004395
13,1883,-11.66262435913086,-3.303389549255371
13,1884,-11.422377586364746,-2.058483600616455
13,1885,-11.665975570678711,6.841045379638672
13,1886,-12.154389381408691,-1.484580397605896
13,1887,-9.4125394821167,2.9258604049682617
13,1888,-10.904913902282715,-0.9201878309249878
13,1889,-10.847502708435059,3.701221227645874
13,1890,-11.60474967956543,-1.2549800872802734
13,1891,-9.770752906799316,2.246802568435669
13,1892,-10.348361015319824,2.670180082321167
13,1893,-10.797431945800781,2.510622501373291
13,1894,-10.559385299682617,0.0699191689491272
13,1895,-10.540006637573242,0.9755040407180786
13,1896,-10.185396194458008,-1.4913597106933594
13,1897,-10.126177787780762,0.4524235129356384
13,1898,-11.361934661865234,-1.6609774827957153
13,1899,-10.636214256286621,1.6050559282302856
13,1900,-11.098796844482422,0.22881582379341125
13,1901,-11.070149421691895,2.3750133514404297
13,1902,-10.377420425415039,0.123410165309906
13,1903,-9.952573776245117,2.1929426193237305
13,1904,-10.195542335510254,-1.8692946434020996
13,1905,-12.252492904663086,3.4554011821746826
13,1906,-12.442689895629883,4.796522617340088
13,1907,-9.49970531463623,0.7026357650756836
13,1908,-11.89423942565918,0.6206877827644348
13,1909,-9.934561729431152,0.6768336296081543
13,1910,-10.149829864501953,4.746955394744873
13,1911,-10.435256004333496,-1.8153988122940063
13,1912,-10.56875991821289,0.11212107539176941
13,1913,-10.881531715393066,1.7114315032958984
13,1914,-12.394258499145508,1.7022356986999512
13,1915,-10.315841674804688,-0.0020057111978530884
13,1916,-10.731369018554688,-2.3229384422302246
13,1917,-10.63989543914795,6.610207557678223
13,1918,-12.916577339172363,1.1207149028778076
13,1919,-9.619894981384277,4.658176422119141
13,1920,-9.82098388671875,-2.782444715499878
13,1921,-10.674524307250977,7.081399917602539
13,1922,-11.445428848266602,-0.6905641555786133
13,1923,-9.584716796875,0.7518100738525391
13,1924,-11.190225601196289,3.296678304672241
13,1925,-9.263983726501465,0.6721263527870178
13,1926,-11.397339820861816,6.330526351928711
13,1927,-12.872451782226562,-2.2149808406829834
13,1928,-11.50955581665039,4.537207126617432
13,1929,-11.420195579528809,1.7830970287322998
13,1930,-11.616580963134766,2.865269184112549
13,1931,-11.983687400817871,7.539734840393066
13,1932,-9.881300926208496,2.6224727630615234
13,1933,-11.418848037719727,-1.947615146636963
13,1934,-10.727313995361328,4.73060417175293
13,1935,-11.688481330871582,4.284174919128418
13,1936,-9.426068305969238,2.6066949367523193
13,1937,-9.739177703857422,-1.7533501386642456
13,1938,-10.003812789916992,4.047183036804199
13,1939,-9.915409088134766,0.9977164268493652
13,1940,-9.651917457580566,0.907114565372467
13,1941,-11.35385513305664,-0.9516981840133667
13,1942,-9.392440795898438,-1.600372314453125
13,1943,-10.356546401977539,-0.06746017932891846
13,1944,-12.093547821044922,-0.08639794588088989
13,1945,-9.97311019897461,-1.435158371925354
13,1946,-9.919755935668945,-0.7946153283119202
13,1947,-10.484914779663086,-2.269042730331421
13,1948,-9.967138290405273,4.698945999145508
13,1949,-11.991889953613281,-1.2880005836486816
13,1950,-10.657358169555664,3.9602177143096924
13,1951,-10.406672477722168,3.035306930541992
13,1952,-12.11882495880127,-0.1377590447664261
13,1953,-10.400555610656738,3.8015148639678955
13,1954,-11.621942520141602,0.47304362058639526
13,1955,-9.737104415893555,0.040180593729019165
13,1956,-11.026092529296875,2.1352601051330566
13,1957,-11.295982360839844,-2.5176377296447754
13,1958,-10.006416320800781,4.516943454742432
13,1959,-11.357816696166992,0.7147797346115112
13,1960,-9.947678565979004,2.159071207046509
13,1961,-11.275094985961914,-1.8850637674331665
13,1962,-11.104171752929688,0.05301830172538757
13,1963,-10.591776847839355,2.309760808944702
13,1964,-10.827481269836426,-1.2807585000991821
13,1965,-10.744142532348633,-0.7392339110374451
13,1966,-10.99185562133789,-0.9008458852767944
13,1967,-10.170997619628906,-4.902277946472168
13,1968,-10.79946231842041,-0.712999701499939
13,1969,-10.839494705200195,-0.9980971217155457
13,1970,-10.190186500549316,-0.9614502191543579
13,1971,-11.854183197021484,-2.63018536567688
13,1972,-10.265789985656738,1.4931124448776245
13,1973,-11.865836143493652,-1.0963467359542847
13,1974,-11.21928882598877,10.620401382446289
13,1975,-11.431350708007812,-3.138523578643799
13,1976,-9.70730972290039,-1.7816822528839111
13,1977,-9.964359283447266,-0.6904761791229248
13,1978,-11.238475799560547,1.7138032913208008
13,1979,-10.905384063720703,-1.942511796951294
13,1980,-10.703229904174805,-1.0153632164001465
13,1981,-9.496806144714355,-0.359770804643631
13,1982,-12.157697677612305,-1.211495280265808
13,1983,-13.97689151763916,-0.4747348427772522
13,1984,-8.286606788635254,2.2316665649414062
13,1985,-10.036759376525879,-0.42987576127052307
13,1986,-10.59343433380127,0.6551336050033569
13,1987,-11.210885047912598,4.368684768676758
13,1988,-10.979453086853027,-3.097099542617798
13,1989,-9.873307228088379,4.926382541656494
13,1990,-11.754748344421387,-2.4352073669433594
13,1991,-10.326481819152832,2.95090389251709
13,1992,-9.513252258300781,-0.6759756803512573
13,1993,-10.419201850891113,-5.1590895652771
13,1994,-9.700053215026855,4.004909515380859
13,1995,-9.837244987487793,-2.8009371757507324
13,1996,-8.858152389526367,-0.9490903615951538
13,1997,-10.00678825378418,-0.4268568456172943
13,1998,-10.026509284973145,-0.45279183983802795
13,1999,-8.655234336853027,-0.23804712295532227
13,2000,-11.715215682983398,-0.7757663726806641
13,2001,-11.134305000305176,1.7782866954803467
13,2002,-10.29668140411377,-0.8436976671218872
13,2003,-10.58683967590332,0.7410776615142822
13,2004,-9.364895820617676,0.21273267269134521
13,2005,-13.032958030700684,0.45570462942123413
13,2006,-11.379137992858887,-2.851447582244873
13,2007,-11.382043838500977,0.00769534707069397
13,2008,-9.177803993225098,5.216609954833984
13,2009,-10.620793342590332,-3.2206830978393555
13,2010,-10.045597076416016,0.24094797670841217
13,2011,-10.403277397155762,1.2044150829315186
13,2012,-10.458889961242676,-1.3740592002868652
13,2013,-9.61488151550293,1.3872745037078857
13,2014,-10.62382698059082,-0.7995759844779968
13,2015,-10.054780960083008,-0.7687718272209167
13,2016,-9.708303451538086,0.0034378021955490112
13,2017,-10.952231407165527,8.522786140441895
13,2018,-12.506938934326172,-0.39740198850631714
13,2019,-10.562247276306152,4.158854007720947
13,2020,-9.716272354125977,-0.9843975305557251
13,2021,-9.260154724121094,0.28663718700408936
13,2022,-10.669781684875488,-3.3016581535339355
13,2023,-10.550965309143066,4.383150100708008
13,2024,-11.366186141967773,-0.3860573172569275
13,2025,-10.124428749084473,-0.7756397724151611
13,2026,-10.6310453414917,1.5763490200042725
13,2027,-10.757060050964355,-3.3984146118164062
13,2028,-9.929916381835938,2.9411778450012207
14,2029,-12.465389251708984,-3.7652831077575684
14,2030,-10.528888702392578,0.44618719816207886
14,2031,-9.506953239440918,-0.8853577971458435
14,2032,-10.25473403930664,1.1950089931488037
14,2033,-13.353154182434082,-3.5334019660949707
14,2034,-11.648320198059082,7.289158821105957
14,2035,-10.799676895141602,0.18517929315567017
14,2036,-10.243972778320312,-0.11896650493144989
14,2037,-8.817837715148926,-0.22884924709796906
14,2038,-10.710395812988281,1.8697588443756104
14,2039,-10.7183256149292,-4.729790687561035
14,2040,-10.490266799926758,1.390073537826538
14,2041,-10.583442687988281,-1.409016728401184
14,2042,-10.394271850585938,-0.7451886534690857
14,2043,-10.669149398803711,2.067030429840088
14,2044,-10.036067962646484,0.8689476251602173
14,2045,-9.713092803955078,0.783922553062439
14,2046,-10.131053924560547,-1.530456781387329
14,2047,-11.227106094360352,-0.834666907787323
14,2048,-10.201610565185547,-1.7080967426300049
14,2049,-10.298101425170898,1.4848623275756836
14,2050,-9.999034881591797,-1.0015138387680054
14,2051,-11.127278327941895,-4.967708110809326
14,2052,-11.392976760864258,-1.5079575777053833
14,2053,-10.690254211425781,-0.09471873939037323
14,2054,-9.831604957580566,0.8516008853912354
14,2055,-11.014904022216797,-1.4887337684631348
14,2056,-10.023821830749512,2.747340202331543
14,2057,-10.611799240112305,-1.7412887811660767
14,2058,-10.350059509277344,0.0746055543422699
14,2059,-11.044559478759766,-3.716269016265869
14,2060,-11.093722343444824,5.241970062255859
14,2061,-11.573395729064941,-5.568912506103516
14,2062,-10.227048873901367,0.5807828903198242
14,2063,-11.935760498046875,-6.919682502746582
14,2064,-10.179046630859375,2.220115900039673
14,2065,-10.010252952575684,0.47724151611328125
14,2066,-9.194815635681152,-0.09704643487930298
14,2067,-11.169239044189453,-2.3025877475738525
14,2068,-10.068767547607422,0.967160165309906
14,2069,-10.011659622192383,-2.6560237407684326
14,2070,-10.317026138305664,-4.5899248123168945
14,2071,-11.208060264587402,0.6946738958358765
14,2072,-11.139114379882812,0.1629132628440857
14,2073,-10.145685195922852,-0.48267775774002075
14,2074,-10.692590713500977,-2.644665241241455
14,2075,-9.12207317352295,0.6244627237319946
14,2076,-11.507650375366211,-2.4770898818969727
14,2077,-9.810935020446777,-0.028320472687482834
14,2078,-10.438746452331543,-1.4526469707489014
14,2079,-10.120798110961914,5.561075687408447
14,2080,-11.772327423095703,-4.140398025512695
14,2081,-9.607311248779297,0.8803962469100952
14,2082,-10.779241561889648,4.425171852111816
14,2083,-11.910181999206543,-0.6883407831192017
14,2084,-9.561058044433594,-0.04237714409828186
14,2085,-9.696893692016602,3.394232988357544
14,2086,-12.007868766784668,0.4058322310447693
14,2087,-9.767990112304688,-1.1867318153381348
14,2088,-10.193267822265625,-0.45298075675964355
14,2089,-11.590485572814941,4.1102399826049805
14,2090,-9.646184921264648,2.087125301361084
14,2091,-9.365945816040039,0.7372496128082275
14,2092,-9.801199913024902,-2.139535427093506
14,2093,-10.592464447021484,-0.260113000869751
14,2094,-11.972441673278809,2.867534637451172
14,2095,-10.503043174743652,-0.6223524808883667
14,2096,-9.854416847229004,2.3083858489990234
14,2097,-11.639961242675781,2.052703380584717
14,2098,-9.612992286682129,-1.2665165662765503
14,2099,-10.348054885864258,0.14579778909683228
14,2100,-10.644536972045898,3.474456310272217
14,2101,-11.184381484985352,-1.1824644804000854
14,2102,-10.081768035888672,-1.406201958656311
14,2103,-10.584644317626953,-1.7110023498535156
14,2104,-10.595120429992676,-1.708612322807312
14,2105,-10.030435562133789,1.018627643585205
14,2106,-9.941871643066406,0.6707569360733032
14,2107,-10.449333190917969,-1.9665138721466064
14,2108,-10.484576225280762,3.0502328872680664
14,2109,-11.629819869995117,3.5685067176818848
14,2110,-9.210634231567383,-0.13217073678970337
14,2111,-11.09049129486084,-1.4263556003570557
14,2112,-9.118305206298828,6.320935249328613
14,2113,-12.170112609863281,-3.377087116241455
14,2114,-8.669404029846191,1.6093432903289795
14,2115,-9.677145004272461,1.5547049045562744
14,2116,-10.44654655456543,-2.4540090560913086
14,2117,-10.643632888793945,1.0320686101913452
14,2118,-10.708681106567383,0.023546770215034485
14,2119,-10.882698059082031,-1.7511370182037354
14,2120,-9.76861572265625,1.9253249168395996
14,2121,-10.091927528381348,-3.9460973739624023
14,2122,-10.183658599853516,3.252093553543091
14,2123,-11.27313232421875,-4.586648941040039
14,2124,-10.32741928100586,6.028158664703369
14,2125,-10.581250190734863,-3.471421718597412
14,2126,-9.459351539611816,1.1903043985366821
14,2127,-10.621644973754883,-0.9143819212913513
14,2128,-11.245702743530273,-2.336738348007202
14,2129,-9.540581703186035,-0.6334223747253418
14,2130,-11.133712768554688,1.7837655544281006
14,2131,-9.44821548461914,-0.08316269516944885
14,2132,-10.537605285644531,-2.9712653160095215
14,2133,-8.976751327514648,-2.203397274017334
14,2134,-10.01563835144043,-2.411756992340088
14,2135,-10.041844367980957,-3.666069984436035
14,2136,-10.855467796325684,1.2147375345230103
14,2137,-11.048721313476562,-2.7643628120422363
14,2138,-9.664178848266602,-1.6653951406478882
14,2139,-10.161460876464844,0.639482319355011
14,2140,-10.244109153747559,-0.9146561622619629
14,2141,-12.342869758605957,0.568061351776123
14,2142,-9.067676544189453,-1.5875962972640991
14,2143,-9.472394943237305,-0.9296420812606812
14,2144,-10.706893920898438,-1.3479691743850708
14,2145,-10.008269309997559,2.686493158340454
14,2146,-11.177605628967285,-4.561465740203857
14,2147,-12.944198608398438,7.159527778625488
14,2148,-12.707366943359375,3.4659500122070312
14,2149,-11.537097930908203,-4.11251974105835
14,2150,-9.207538604736328,4.051642417907715
14,2151,-10.924713134765625,-1.9976485967636108
14,2152,-9.529006004333496,0.5173801779747009
14,2153,-9.403151512145996,-1.4203920364379883
14,2154,-9.792810440063477,3.4335083961486816
14,2155,-10.15860652923584,-3.600226402282715
14,2156,-9.993797302246094,-0.8023059964179993
14,2157,-10.973982810974121,4.668802738189697
14,2158,-8.217958450317383,0.2329789102077484
14,2159,-10.091920852661133,-2.688889980316162
14,2160,-9.616904258728027,-2.153468608856201
14,2161,-10.899025917053223,1.4443228244781494
14,2162,-11.867409706115723,-3.815600633621216
14,2163,-9.825674057006836,-0.028646469116210938
14,2164,-9.926436424255371,-1.7191808223724365
14,2165,-9.640871047973633,-1.0537688732147217
14,2166,-12.051841735839844,-3.1411807537078857
14,2167,-10.56369400024414,2.344902276992798
14,2168,-10.169649124145508,-3.0842390060424805
14,2169,-9.783823013305664,-0.722080409526825
14,2170,-9.848067283630371,0.5747241973876953
14,2171,-10.461568832397461,0.1848178505897522
14,2172,-10.615903854370117,-4.578892230987549
14,2173,-10.544904708862305,2.841481924057007
14,2174,-9.69772720336914,-2.750983715057373
14,2175,-9.247010231018066,0.8416615724563599
14,2176,-9.481958389282227,-2.1275386810302734
14,2177,-9.786354064941406,0.6713971495628357
14,2178,-10.76181697845459,-0.35014772415161133
14,2179,-10.359582901000977,-0.7504442930221558
14,2180,-10.086214065551758,2.2322514057159424
14,2181,-9.696866989135742,-2.1134912967681885
14,2182,-9.65894889831543,-1.697516679763794
14,2183,-12.200604438781738,5.2338786125183105
14,2184,-12.035686492919922,-1.650533676147461
15,2185,-9.800946235656738,-3.7738730907440186
15,2186,-9.430591583251953,3.2684149742126465
15,2187,-12.64715576171875,-4.9416985511779785
15,2188,-10.078187942504883,-1.9924688339233398
15,2189,-10.160811424255371,-1.5772347450256348
15,2190,-9.828815460205078,-1.3634111881256104
15,2191,-10.369749069213867,0.5186773538589478
15,2192,-10.671195030212402,-3.6656625270843506
15,2193,-9.686582565307617,-1.3782899379730225
15,2194,-10.420656204223633,-3.873077392578125
15,2195,-9.673055648803711,-0.20828676223754883
15,2196,-10.354484558105469,-4.075014114379883
15,2197,-10.037114143371582,1.1905444860458374
15,2198,-9.590136528015137,-4.1417107582092285
15,2199,-10.699485778808594,2.137760639190674
15,2200,-11.083842277526855,-0.00020814687013626099
15,2201,-10.241928100585938,-3.2772483825683594
15,2202,-9.466821670532227,-1.3119606971740723
15,2203,-10.495361328125,-4.234005928039551
15,2204,-11.096181869506836,1.0553609132766724
15,2205,-10.67702579498291,-5.987356185913086
15,2206,-10.883135795593262,3.842343807220459
15,2207,-10.845135688781738,-2.368675947189331
15,2208,-10.195914268493652,-0.1739835888147354
15,2209,-9.370357513427734,2.895989418029785
15,2210,-10.139568328857422,-5.317387580871582
15,2211,-8.68331527709961,-1.9554990530014038
15,2212,-11.518513679504395,8.045831680297852
15,2213,-11.299247741699219,-4.849678993225098
15,2214,-9.64763069152832,-3.098207950592041
15,2215,-10.572086334228516,4.006166458129883
15,2216,-9.202099800109863,0.40146419405937195
15,2217,-10.72642993927002,-1.2284331321716309
15,2218,-10.866847038269043,-0.7589178085327148
15,2219,-10.96917724609375,7.47020149230957
15,2220,-11.309139251708984,-4.934634208679199
15,2221,-8.393259048461914,-0.24856388568878174
15,2222,-10.241621971130371,-0.31530728936195374
15,2223,-10.661090850830078,4.077793121337891
15,2224,-9.664154052734375,-1.5289655923843384
15,2225,-10.571895599365234,-0.07124912738800049
15,2226,-8.935770988464355,-1.4564399719238281
15,2227,-9.661128997802734,1.18671715259552
15,2228,-9.163912773132324,-1.451161503791809
15,2229,-9.880400657653809,-4.106334686279297
15,2230,-10.39126968383789,3.247835159301758
15,2231,-10.410017013549805,-2.0085701942443848
15,2232,-8.968217849731445,1.9746341705322266
15,2233,-9.428671836853027,-0.6385142207145691
15,2234,-12.262463569641113,-3.77471923828125
15,2235,-9.830886840820312,-2.107927083969116
15,2236,-10.079675674438477,2.802833318710327
15,2237,-10.150435447692871,-1.412804365158081
15,2238,-10.243672370910645,-0.20465901494026184
15,2239,-9.41618537902832,-3.5681018829345703
15,2240,-9.390817642211914,-2.495492458343506
15,2241,-10.111860275268555,0.41481074690818787
15,2242,-8.955215454101562,-1.7397379875183105
15,2243,-9.075243949890137,4.760605335235596
15,2244,-11.052799224853516,-4.0862932205200195
15,2245,-9.571304321289062,-2.7962393760681152
15,2246,-10.47873592376709,1.689950704574585
15,2247,-11.871805191040039,2.119598865509033
15,2248,-10.087818145751953,0.9037246704101562
15,2249,-9.5179443359375,-1.0521159172058105
15,2250,-9.897847175598145,-1.450882077217102
15,2251,-11.04446792602539,-3.496778964996338
15,2252,-9.039799690246582,1.6718744039535522
15,2253,-10.521217346191406,-2.659764289855957
15,2254,-9.2861967086792,-1.896437644958496
15,2255,-10.977618217468262,6.055347442626953
15,2256,-10.52335262298584,-5.111340522766113
15,2257,-8.301063537597656,-2.123286485671997
15,2258,-8.833751678466797,-1.9596264362335205
15,2259,-9.640318870544434,-2.880871295928955
15,2260,-9.42239761352539,0.895072340965271
15,2261,-9.309786796569824,-1.5792717933654785
15,2262,-10.566582679748535,1.30539071559906
15,2263,-10.416359901428223,-2.3395135402679443
15,2264,-9.00895881652832,1.0667519569396973
15,2265,-10.291326522827148,-3.2142210006713867
15,2266,-8.64317512512207,-1.0888168811798096
15,2267,-9.491121292114258,1.228511095046997
15,2268,-9.26126480102539,-0.7690026760101318
15,2269,-10.895297050476074,-2.5542759895324707
15,2270,-10.077879905700684,3.235201835632324
15,2271,-10.560847282409668,-1.5355110168457031
15,2272,-9.414169311523438,-0.9464160203933716
15,2273,-10.209625244140625,2.103771209716797
15,2274,-10.546957015991211,-2.505476474761963
15,2275,-10.252673149108887,2.9399256706237793
15,2276,-10.051202774047852,-0.6278276443481445
15,2277,-11.825697898864746,-5.118613243103027
15,2278,-10.369136810302734,1.5833179950714111
15,2279,-9.979467391967773,-3.756378173828125
15,2280,-9.925743103027344,-0.8661362528800964
15,2281,-10.30223274230957,-3.1325621604919434
15,2282,-10.793755531311035,3.916989326477051
15,2283,-9.657779693603516,-1.5969377756118774
15,2284,-10.991462707519531,-5.438770771026611
15,2285,-9.6614990234375,0.520377516746521
15,2286,-11.124876976013184,-0.685279369354248
15,2287,-10.29520320892334,0.5547009706497192
15,2288,-9.54337215423584,-0.9174989461898804
15,2289,-9.960553169250488,-3.992441415786743
15,2290,-9.15726375579834,1.5535465478897095
15,2291,-10.799092292785645,1.3445167541503906
15,2292,-9.33378791809082,-4.574185848236084
15,2293,-8.868785858154297,5.729496955871582
15,2294,-9.070501327514648,-4.204815864562988
15,2295,-9.410472869873047,-1.9383649826049805
15,2296,-9.75034236907959,1.009508490562439
15,2297,-9.115224838256836,-2.4188013076782227
15,2298,-9.389328002929688,-3.220978021621704
15,2299,-9.317020416259766,-2.6234543323516846
15,2300,-10.131013870239258,-0.5706708431243896
15,2301,-10.314760208129883,-2.2432682514190674
15,2302,-9.102904319763184,-0.6396491527557373
15,2303,-9.565596580505371,-3.3135480880737305
15,2304,-8.951061248779297,-0.8668555617332458
15,2305,-9.699316024780273,-1.114410161972046
15,2306,-8.848933219909668,-1.4181663990020752
15,2307,-10.66176986694336,-2.9958386421203613
15,2308,-10.467907905578613,1.886324167251587
15,2309,-9.493490219116211,-3.304945468902588
15,2310,-9.087931632995605,-3.618638753890991
15,2311,-9.812914848327637,-2.03887939453125
15,2312,-11.178468704223633,4.382750511169434
15,2313,-10.567086219787598,-2.6775593757629395
15,2314,-9.793431282043457,-0.9346041679382324
15,2315,-10.541210174560547,-3.0753135681152344
15,2316,-9.111540794372559,-1.3024773597717285
15,2317,-10.471240997314453,4.62232780456543
15,2318,-9.933679580688477,-3.151313304901123
15,2319,-9.562804222106934,2.5030179023742676
15,2320,-8.551176071166992,-3.957432985305786
15,2321,-9.323219299316406,-1.012627363204956
15,2322,-11.777904510498047,-1.5116652250289917
15,2323,-10.132243156433105,3.741054058074951
15,2324,-10.660167694091797,-3.9931230545043945
15,2325,-8.780200958251953,1.0614714622497559
15,2326,-9.796316146850586,-2.3930559158325195
15,2327,-9.42260456085205,-1.8752548694610596
15,2328,-9.63529109954834,-3.332435131072998
15,2329,-9.196832656860352,1.9782557487487793
15,2330,-10.120464324951172,-3.4501399993896484
15,2331,-9.812178611755371,0.5861994028091431
15,2332,-10.427482604980469,-5.647098541259766
15,2333,-9.534543991088867,-0.36759406328201294
15,2334,-9.382184982299805,-1.5121694803237915
15,2335,-9.789207458496094,0.4742667078971863
15,2336,-8.454141616821289,-2.6470725536346436
15,2337,-10.506559371948242,-4.858306884765625
15,2338,-10.026403427124023,-2.0541396141052246
15,2339,-8.866964340209961,-1.7812809944152832
15,2340,-9.333688735961914,-4.306785583496094
16,2341,-9.75948429107666,-2.997263193130493
16,2342,-10.426783561706543,-1.8122907876968384
16,2343,-9.801403999328613,-1.2864527702331543
16,2344,-10.366981506347656,-4.106444835662842
16,2345,-9.33387565612793,0.7743040323257446
16,2346,-10.655462265014648,-1.7985142469406128
16,2347,-9.207782745361328,-0.6469199657440186
16,2348,-10.067663192749023,0.149847149848938
16,2349,-10.3760986328125,-5.424045562744141
16,2350,-9.314590454101562,-4.193830490112305
16,2351,-9.384958267211914,-2.1758573055267334
16,2352,-10.592113494873047,-1.6780214309692383
16,2353,-9.417253494262695,-2.7468857765197754
16,2354,-11.447704315185547,1.9434926509857178
16,2355,-9.837090492248535,-2.0602293014526367
16,2356,-9.246419906616211,-1.4528756141662598
16,2357,-10.116055488586426,-3.8191781044006348
16,2358,-10.259921073913574,1.5180823802947998
16,2359,-10.076990127563477,-3.9181385040283203
16,2360,-10.870650291442871,-3.2972066402435303
16,2361,-9.956725120544434,-0.5993269681930542
16,2362,-9.213257789611816,0.007294505834579468
16,2363,-9.7599515914917,-5.31050968170166
16,2364,-10.332941055297852,1.9541635513305664
16,2365,-9.426403045654297,-0.29531559348106384
16,2366,-8.816038131713867,-2.8194751739501953
16,2367,-9.569849967956543,-1.1298401355743408
16,2368,-10.162737846374512,-0.3958311378955841
16,2369,-10.029504776000977,0.5588812828063965
16,2370,-8.6911039352417,-2.059506416320801
16,2371,-9.922895431518555,-2.4695513248443604
16,2372,-9.671051979064941,-4.078841209411621
16,2373,-9.051175117492676,-3.7589080333709717
16,2374,-10.22474479675293,-1.4385035037994385
16,2375,-10.099623680114746,1.1128530502319336
16,2376,-9.704570770263672,-3.313157558441162
16,2377,-9.348301887512207,-2.3462026119232178
16,2378,-9.129504203796387,-3.0568766593933105
16,2379,-10.798571586608887,1.9988806247711182
16,2380,-11.081730842590332,-5.902286529541016
16,2381,-8.495624542236328,-1.3229504823684692
16,2382,-9.808782577514648,1.0373555421829224
16,2383,-10.789787292480469,-5.226301193237305
16,2384,-9.908306121826172,2.7510833740234375
16,2385,-11.421833038330078,-5.214485168457031
16,2386,-9.914984703063965,-0.4970284700393677
16,2387,-9.13552188873291,-0.8726033568382263
16,2388,-9.461408615112305,-3.7355847358703613
16,2389,-10.351978302001953,-3.6354899406433105
16,2390,-9.114781379699707,-3.9388790130615234
16,2391,-9.944961547851562,0.36444640159606934
16,2392,-8.957237243652344,-2.5717966556549072
16,2393,-9.172584533691406,-4.002078056335449
16,2394,-8.548906326293945,-1.6710907220840454
16,2395,-10.125694274902344,-6.654036521911621
16,2396,-9.310266494750977,-2.796330213546753
16,2397,-9.451652526855469,-1.829176425933838
16,2398,-9.797492980957031,-3.3897314071655273
16,2399,-9.557723999023438,-2.1846210956573486
16,2400,-9.527305603027344,-0.9214679598808289
16,2401,-11.19815444946289,-7.003618240356445
16,2402,-10.456900596618652,0.950987696647644
16,2403,-10.294591903686523,-2.5028295516967773
16,2404,-10.587578773498535,-3.4976589679718018
16,2405,-10.440034866333008,-2.554063320159912
16,2406,-9.742321014404297,-6.520322799682617
16,2407,-8.395136833190918,-9.318367004394531
16,2408,-10.17830753326416,4.081657409667969
16,2409,-9.203776359558105,-6.874385833740234
16,2410,-10.52090835571289,-4.164048671722412
16,2411,-11.532816886901855,-1.0172697305679321
16,2412,-10.092041015625,-5.030117034912109
16,2413,-9.450376510620117,-2.432432174682617
16,2414,-8.364670753479004,-5.8400678634643555
16,2415,-10.186630249023438,3.376485824584961
16,2416,-9.970695495605469,-5.0706329345703125
16,2417,-9.883135795593262,-3.1489672660827637
16,2418,-9.597513198852539,2.78314208984375
16,2419,-9.218515396118164,-5.906490325927734
16,2420,-8.952057838439941,0.4403558373451233
16,2421,-8.656606674194336,-2.311886787414551
16,2422,-8.601431846618652,-2.0139167308807373
16,2423,-10.349360466003418,-0.6301782131195068
16,2424,-9.816778182983398,-5.290110111236572
16,2425,-10.495377540588379,1.6109795570373535
16,2426,-11.00747013092041,-2.683366537094116
16,2427,-9.098896026611328,-1.3178606033325195
16,2428,-9.11767292022705,-1.2104220390319824
16,2429,-9.559733390808105,-2.088350296020508
16,2430,-8.967903137207031,-5.867153167724609
16,2431,-10.074951171875,5.480725288391113
16,2432,-12.30831527709961,-5.121877670288086
16,2433,-8.899646759033203,2.597907543182373
16,2434,-9.219538688659668,-4.714574337005615
16,2435,-9.225312232971191,-2.4704580307006836
16,2436,-10.36092472076416,2.318423271179199
16,2437,-10.289822578430176,-1.2095615863800049
16,2438,-9.604096412658691,-1.023483395576477
16,2439,-8.607215881347656,-0.8102667331695557
16,2440,-10.224164009094238,-0.9392741918563843
16,2441,-11.427202224731445,-2.5841493606567383
16,2442,-10.19784927368164,0.030328482389450073
16,2443,-8.632491111755371,-3.638451099395752
16,2444,-9.0661039352417,2.570753335952759
16,2445,-9.21185302734375,-4.826086044311523
16,2446,-9.856874465942383,-0.6243186593055725
16,2447,-11.53816032409668,-2.7710795402526855
16,2448,-10.556867599487305,-5.38612699508667
16,2449,-10.2893648147583,2.8373970985412598
16,2450,-10.590609550476074,0.4401007294654846
16,2451,-8.737146377563477,-4.677631378173828
16,2452,-8.939353942871094,0.006164908409118652
16,2453,-8.112062454223633,-4.717111587524414
16,2454,-9.567862510681152,-1.2417138814926147
16,2455,-8.809041023254395,-3.765791893005371
16,2456,-9.667366027832031,0.12421658635139465
16,2457,-9.272777557373047,-3.2893619537353516
16,2458,-9.588436126708984,-3.335690498352051
16,2459,-10.204641342163086,-1.8873189687728882
16,2460,-10.875595092773438,2.652240514755249
16,2461,-10.17017936706543,-2.344801902770996
16,2462,-9.057920455932617,-5.45152473449707
16,2463,-10.920395851135254,6.5014166831970215
16,2464,-11.243947982788086,-6.443358421325684
16,2465,-8.017805099487305,-0.5911115407943726
16,2466,-10.661116600036621,0.8522764444351196
16,2467,-9.38843059539795,-1.4043679237365723
16,2468,-9.562348365783691,-0.08771739155054092
16,2469,-8.42196273803711,-1.2749240398406982
16,2470,-8.852165222167969,1.654934287071228
16,2471,-9.388406753540039,-4.524873733520508
16,2472,-8.615499496459961,-2.0025858879089355
16,2473,-8.976295471191406,0.20681586861610413
16,2474,-9.202510833740234,-0.6655826568603516
16,2475,-8.820110321044922,-3.6177470684051514
16,2476,-8.584176063537598,-2.2262444496154785
16,2477,-9.83735179901123,3.185823440551758
16,2478,-11.089080810546875,-6.165641784667969
16,2479,-7.473667144775391,-0.0477607399225235
16,2480,-9.705741882324219,3.483456611633301
16,2481,-11.901843070983887,-3.6282660961151123
16,2482,-8.928570747375488,0.797605037689209
16,2483,-9.281091690063477,-2.0552849769592285
16,2484,-9.37416934967041,-0.5824559926986694
16,2485,-9.357983589172363,-5.1038713455200195
16,2486,-9.447165489196777,-3.3322529792785645
16,2487,-8.53130054473877,-3.7702581882476807
16,2488,-8.210916519165039,-1.1654306650161743
16,2489,-9.586915969848633,-3.083021402359009
16,2490,-11.083974838256836,-7.730310440063477
16,2491,-8.979570388793945,1.9493699073791504
16,2492,-9.05085563659668,-2.2752909660339355
16,2493,-9.182760238647461,-5.535675048828125
16,2494,-10.717255592346191,0.4449395537376404
16,2495,-9.791035652160645,-4.85854434967041
16,2496,-7.862987995147705,-2.657998561859131
17,2497,-10.80872631072998,-6.601595878601074
17,2498,-10.119284629821777,9.23034381866455
17,2499,-9.422770500183105,-4.897210121154785
17,2500,-9.593218803405762,-3.4239556789398193
17,2501,-10.372550964355469,-0.3613279461860657
17,2502,-9.185087203979492,-5.298130035400391
17,2503,-9.077821731567383,-7.270370960235596
17,2504,-9.866360664367676,3.006701946258545
17,2505,-9.716282844543457,-3.5809531211853027
17,2506,-12.671684265136719,-3.5472769737243652
17,2507,-10.253631591796875,1.4550225734710693
17,2508,-10.307296752929688,-4.4632768630981445
17,2509,-10.231059074401855,1.837037444114685
17,2510,-10.977248191833496,-0.5463073253631592
17,2511,-9.207484245300293,1.7193822860717773
17,2512,-10.225528717041016,-5.76424503326416
17,2513,-9.12669563293457,0.2215123176574707
17,2514,-9.942708015441895,2.614541530609131
17,2515,-9.094476699829102,-1.2106505632400513
17,2516,-9.35382080078125,-5.591662406921387
17,2517,-9.082369804382324,1.8633801937103271
17,2518,-10.69278335571289,-1.7673699855804443
17,2519,-9.61415958404541,-0.5633289813995361
17,2520,-10.467667579650879,-1.9062602519989014
17,2521,-10.647882461547852,-4.587785720825195
17,2522,-9.273626327514648,4.522427558898926
17,2523,-10.528745651245117,-3.95794677734375
17,2524,-8.486626625061035,-2.6901159286499023
17,2525,-9.36016845703125,-1.9123950004577637
17,2526,-9.211467742919922,0.4174155294895172
17,2527,-9.60761547088623,-4.552535533905029
17,2528,-10.043869018554688,1.4203686714172363
17,2529,-9.748903274536133,-3.4445629119873047
17,2530,-11.473856925964355,-0.4423176050186157
17,2531,-10.132408142089844,0.45790916681289673
17,2532,-9.116177558898926,-0.07609109580516815
17,2533,-8.907173156738281,-2.0174026489257812
17,2534,-9.742565155029297,-4.269681453704834
17,2535,-8.969429969787598,-5.631577491760254
17,2536,-10.440940856933594,3.622584342956543
17,2537,-11.126602172851562,-4.7489519119262695
17,2538,-9.6272611618042,-2.5891518592834473
17,2539,-9.420785903930664,3.3415260314941406
17,2540,-10.905921936035156,-2.298727035522461
17,2541,-10.282633781433105,-4.091562747955322
17,2542,-9.305418014526367,-1.9370605945587158
17,2543,-10.550365447998047,-0.6654090285301208
17,2544,-9.796667098999023,-2.896472930908203
17,2545,-9.73678970336914,-4.6077656745910645
17,2546,-8.705135345458984,-1.7276155948638916
17,2547,-9.512378692626953,-0.06255118548870087
17,2548,-8.571065902709961,-4.339778900146484
17,2549,-9.633973121643066,-1.8761318922042847
17,2550,-11.113200187683105,-5.849181175231934
17,2551,-10.105360984802246,2.801223039627075
17,2552,-9.255180358886719,-1.0015926361083984
17,2553,-9.565054893493652,-2.6612725257873535
17,2554,-9.529449462890625,2.5716018676757812
17,2555,-10.35669994354248,1.2586901187896729
17,2556,-10.31153392791748,-2.350489377975464
17,2557,-9.827583312988281,5.458452224731445
17,2558,-10.730857849121094,-4.647285461425781
17,2559,-7.16380500793457,-1.963979959487915
17,2560,-9.719573974609375,3.5536551475524902
17,2561,-10.012641906738281,-4.738615036010742
17,2562,-9.144582748413086,-1.207017421722412
17,2563,-9.016144752502441,-0.4457535445690155
17,2564,-8.829368591308594,-1.592644214630127
17,2565,-10.286149024963379,-2.5664784908294678
17,2566,-10.073343276977539,-1.713097095489502
17,2567,-9.083731651306152,1.0112031698226929
17,2568,-9.320527076721191,0.3816453218460083
17,2569,-8.455978393554688,-2.951087474822998
17,2570,-9.920591354370117,-5.28257417678833
17,2571,-10.085176467895508,0.031108617782592773
17,2572,-9.440359115600586,-4.7618913650512695
17,2573,-9.803979873657227,-2.7640633583068848
17,2574,-9.839716911315918,0.4664921164512634
17,2575,-10.506586074829102,-2.067406415939331
17,2576,-10.433009147644043,-8.314199447631836
17,2577,-10.340520858764648,5.188733100891113
17,2578,-10.097345352172852,-3.0775725841522217
17,2579,-8.730703353881836,0.6051860451698303
17,2580,-8.637980461120605,-1.6282058954238892
17,2581,-8.912254333496094,2.1643948554992676
17,2582,-9.210079193115234,-4.745963096618652
17,2583,-9.010108947753906,-4.88177490234375
17,2584,-10.418804168701172,-6.466068267822266
17,2585,-9.63827133178711,-0.04668763279914856
17,2586,-7.506643295288086,-2.7260873317718506
17,2587,-9.518780708312988,-5.411993503570557
17,2588,-9.100892066955566,-2.7481746673583984
17,2589,-8.58399772644043,-2.963538646697998
17,2590,-8.950210571289062,-5.70213508605957
17,2591,-8.343448638916016,-3.3367202281951904
17,2592,-10.228109359741211,-3.2241435050964355
17,2593,-9.942306518554688,-0.3249744474887848
17,2594,-9.693556785583496,-6.874558448791504
17,2595,-10.032142639160156,1.950210690498352
17,2596,-11.235810279846191,-10.059941291809082
17,2597,-8.593401908874512,-1.0476930141448975
17,2598,-8.662714004516602,1.8044908046722412
17,2599,-10.31730842590332,-5.2131452560424805
17,2600,-8.008434295654297,-0.2951657474040985
17,2601,-9.345587730407715,0.9324172139167786
17,2602,-10.230696678161621,-4.063210487365723
17,2603,-8.861640930175781,-3.0836191177368164
17,2604,-9.54542350769043,0.3138976991176605
17,2605,-9.890707015991211,-0.6407303810119629
17,2606,-8.660867691040039,2.6544747352600098
17,2607,-9.933843612670898,1.1834934949874878
17,2608,-8.246906280517578,0.2234233021736145
17,2609,-8.298507690429688,0.3283173143863678
17,2610,-9.94099235534668,-0.3234560787677765
17,2611,-9.24783992767334,-3.0450854301452637
17,2612,-8.501018524169922,-1.994207501411438
17,2613,-8.26058292388916,-3.3533382415771484
17,2614,-9.390279769897461,0.6702371835708618
17,2615,-9.4171142578125,-0.6285854578018188
17,2616,-9.140344619750977,-4.146256446838379
17,2617,-9.611031532287598,-2.408525228500366
17,2618,-10.230480194091797,1.2713942527770996
17,2619,-9.73773193359375,-5.585067272186279
17,2620,-8.90831184387207,-0.5296316146850586
17,2621,-9.529668807983398,-1.1784849166870117
17,2622,-8.622977256774902,-3.5265843868255615
17,2623,-9.910799980163574,-1.5350795984268188
17,2624,-10.464350700378418,-2.766050100326538
17,2625,-9.448363304138184,1.2563831806182861
17,2626,-10.311995506286621,-2.025986671447754
17,2627,-9.116950035095215,-2.8857545852661133
17,2628,-9.988177299499512,-3.6196095943450928
17,2629,-8.601330757141113,-1.1600658893585205
17,2630,-10.176655769348145,0.9005649089813232
17,2631,-8.921189308166504,-2.6175289154052734
17,2632,-9.071422576904297,-2.127201795578003
17,2633,-9.624116897583008,-0.9523418545722961
17,2634,-9.531087875366211,-0.13383957743644714
17,2635,-9.200855255126953,0.09702099859714508
17,2636,-10.70433235168457,-0.7253997325897217
17,2637,-8.381403923034668,-2.933259963989258
17,2638,-8.54665756225586,-5.254230499267578
17,2639,-9.003357887268066,-0.1000826358795166
17,2640,-10.761252403259277,-1.4593498706817627
17,2641,-10.3409423828125,-3.8297321796417236
17,2642,-9.40960693359375,-1.1867327690124512
17,2643,-9.618718147277832,-4.588064193725586
17,2644,-9.271505355834961,-1.4127564430236816
17,2645,-9.12276554107666,-3.9718105792999268
17,2646,-9.493243217468262,4.263603687286377
17,2647,-12.933574676513672,-7.433067321777344
17,2648,-8.735481262207031,-0.9888802766799927
17,2649,-10.612236976623535,4.107914447784424
17,2650,-7.950462341308594,-4.269791603088379
17,2651,-7.946803569793701,-4.612082481384277
17,2652,-8.888504981994629,-4.464217185974121
18,2653,-9.685298919677734,-1.976514220237732
18,2654,-9.900016784667969,-1.8235597610473633
18,2655,-10.659164428710938,-2.6070311069488525
18,2656,-9.727206230163574,-2.71193265914917
18,2657,-9.11765193939209,-0.708615243434906
18,2658,-9.502367973327637,-3.062532424926758
18,2659,-9.197834014892578,0.603091835975647
18,2660,-10.086429595947266,-0.38027822971343994
18,2661,-9.461935997009277,0.11863768100738525
18,2662,-11.714195251464844,-1.913226842880249
18,2663,-9.162395477294922,2.68694806098938
18,2664,-10.077204704284668,-3.3326668739318848
18,2665,-9.369220733642578,0.7193702459335327
18,2666,-13.49200439453125,1.568753719329834
18,2667,-7.468473434448242,3.9496219158172607
18,2668,-9.888903617858887,-4.32705545425415
18,2669,-9.656244277954102,3.245802164077759
18,2670,-9.562110900878906,-0.16381199657917023
18,2671,-8.706644058227539,-1.6690773963928223
18,2672,-9.90664291381836,-0.8644090890884399
18,2673,-9.439335823059082,-3.078660011291504
18,2674,-9.191373825073242,0.7258656620979309
18,2675,-8.590928077697754,3.6590404510498047
18,2676,-9.878515243530273,-0.3726211190223694
18,2677,-10.384587287902832,0.9285759329795837
18,2678,-8.985200881958008,-2.2844340801239014
18,2679,-8.817907333374023,-2.5775883197784424
18,2680,-10.417350769042969,-0.06664156913757324
18,2681,-8.663491249084473,-0.8304645419120789
18,2682,-9.700550079345703,-4.99277400970459
18,2683,-8.948999404907227,-6.464113712310791
18,2684,-9.792864799499512,-3.335921287536621
18,2685,-10.092772483825684,5.362519264221191
18,2686,-9.892756462097168,-5.532644271850586
18,2687,-9.960746765136719,3.664891242980957
18,2688,-10.749231338500977,-6.264471054077148
18,2689,-8.624730110168457,-1.9903407096862793
18,2690,-9.104024887084961,-3.0838890075683594
18,2691,-9.51606559753418,-4.448439598083496
18,2692,-9.816078186035156,-0.5943871140480042
18,2693,-8.758837699890137,-1.3690593242645264
18,2694,-9.796281814575195,-5.006669998168945
18,2695,-9.145963668823242,-4.943911075592041
18,2696,-9.325817108154297,0.15290234982967377
18,2697,-10.358664512634277,-5.67952299118042
18,2698,-8.241581916809082,0.44490063190460205
18,2699,-8.602036476135254,-0.839074969291687
18,2700,-8.473039627075195,-4.010529518127441
18,2701,-9.072253227233887,-4.05474328994751
18,2702,-10.810062408447266,-2.21867036819458
18,2703,-9.41789436340332,5.308319091796875
18,2704,-8.822164535522461,-6.497167587280273
18,2705,-8.50128173828125,-1.1083472967147827
18,2706,-10.565887451171875,-1.7341806888580322
18,2707,-9.739934921264648,3.4936881065368652
18,2708,-9.539996147155762,-2.250253200531006
18,2709,-9.215438842773438,-2.7368903160095215
18,2710,-9.790816307067871,-2.2267043590545654
18,2711,-10.124983787536621,5.786691188812256
18,2712,-10.911615371704102,-4.819720268249512
18,2713,-8.441412925720215,-4.301265716552734
18,2714,-9.527698516845703,-4.881772041320801
18,2715,-9.162762641906738,0.0358043909072876
18,2716,-9.079503059387207,-2.922578811645508
18,2717,-8.65860366821289,-2.0941410064697266
18,2718,-9.594146728515625,0.6335694789886475
18,2719,-9.63967514038086,-4.758667945861816
18,2720,-10.108367919921875,3.4265451431274414
18,2721,-9.888879776000977,-3.1331114768981934
18,2722,-8.396206855773926,0.12244443595409393
18,2723,-8.364192962646484,-0.04478684067726135
18,2724,-9.104657173156738,-3.9036624431610107
18,2725,-9.728194236755371,1.744600772857666
18,2726,-9.27589225769043,0.5081290006637573
18,2727,-8.83147144317627,-5.510953903198242
18,2728,-8.720796585083008,1.3284738063812256
18,2729,-9.071544647216797,-8.561540603637695
18,2730,-8.343499183654785,-4.232834815979004
18,2731,-9.15771484375,-3.2125329971313477
18,2732,-8.797527313232422,-3.4372291564941406
18,2733,-8.84676742553711,-1.8801155090332031
18,2734,-9.672562599182129,-2.848503589630127
18,2735,-8.79345703125,-3.417811870574951
18,2736,-9.019471168518066,1.6601204872131348
18,2737,-9.208412170410156,-5.039244651794434
18,2738,-11.078699111938477,2.1674256324768066
18,2739,-9.48935604095459,-3.7016804218292236
18,2740,-8.591955184936523,1.9393718242645264
18,2741,-10.131141662597656,-2.7228641510009766
18,2742,-9.295772552490234,-2.291151523590088
18,2743,-9.595762252807617,0.5038765668869019
18,2744,-9.630533218383789,-3.0700769424438477
18,2745,-8.141446113586426,-3.757129192352295
18,2746,-8.996638298034668,4.155807971954346
18,2747,-11.266596794128418,-6.793374538421631
18,2748,-8.205493927001953,-0.34972548484802246
18,2749,-9.019999504089355,-1.9633949995040894
18,2750,-9.134610176086426,1.1924617290496826
18,2751,-8.683502197265625,-1.8752648830413818
18,2752,-9.368983268737793,-4.309593200683594
18,2753,-7.648103713989258,-3.041080951690674
18,2754,-9.481805801391602,-0.7822777032852173
18,2755,-8.889181137084961,-4.195737838745117
18,2756,-9.319502830505371,-2.358480453491211
18,2757,-9.139354705810547,-6.7499189376831055
18,2758,-9.432857513427734,0.6503947973251343
18,2759,-8.435187339782715,-3.7439093589782715
18,2760,-8.660238265991211,-1.9924687147140503
18,2761,-8.995779037475586,-5.272756099700928
18,2762,-10.974446296691895,3.253983974456787
18,2763,-9.714058876037598,-7.5580291748046875
18,2764,-8.905296325683594,-2.3679661750793457
18,2765,-9.317900657653809,-5.225341796875
18,2766,-8.549562454223633,-6.491098880767822
18,2767,-8.660602569580078,-5.212174415588379
18,2768,-9.381843566894531,-0.43434810638427734
18,2769,-8.935791015625,-2.805870532989502
18,2770,-8.847307205200195,-3.6353726387023926
18,2771,-9.82914924621582,0.9513967633247375
18,2772,-7.767189979553223,-2.961846351623535
18,2773,-8.737506866455078,1.2404043674468994
18,2774,-9.051794052124023,-1.2929784059524536
18,2775,-10.022665977478027,-5.013331413269043
18,2776,-8.957489013671875,-1.5928919315338135
18,2777,-10.392585754394531,-3.468944549560547
18,2778,-8.938720703125,2.8621773719787598
18,2779,-7.9197845458984375,-0.6635226011276245
18,2780,-8.657989501953125,-4.701703071594238
18,2781,-9.651469230651855,4.811365604400635
18,2782,-10.616689682006836,-0.4223323464393616
18,2783,-8.887887001037598,-1.2090175151824951
18,2784,-8.03178596496582,1.6060423851013184
18,2785,-9.739181518554688,-0.7366071343421936
18,2786,-8.198963165283203,-3.0608019828796387
18,2787,-10.098621368408203,-2.6001906394958496
18,2788,-8.911712646484375,-0.5098851919174194
18,2789,-7.781291484832764,-4.013972759246826
18,2790,-9.205108642578125,1.402052402496338
18,2791,-9.150459289550781,-0.3971864581108093
18,2792,-8.626419067382812,-0.5890966653823853
18,2793,-10.577189445495605,0.1041695773601532
18,2794,-8.938027381896973,-1.962228775024414
18,2795,-9.112491607666016,-1.7410712242126465
18,2796,-8.69502067565918,2.7301011085510254
18,2797,-8.917789459228516,-0.6442111134529114
18,2798,-8.178651809692383,1.4844528436660767
18,2799,-10.956779479980469,-5.757819175720215
18,2800,-8.205018043518066,0.02030225843191147
18,2801,-8.8551664352417,0.3577565550804138
18,2802,-7.917608737945557,-1.4556589126586914
18,2803,-10.989362716674805,-6.443746566772461
18,2804,-8.913908004760742,5.966861724853516
18,2805,-11.2555513381958,-5.798552513122559
18,2806,-7.644747257232666,-1.8225786685943604
18,2807,-9.391592025756836,-1.0219535827636719
18,2808,-8.867193222045898,-2.3520445823669434
19,2809,-9.414925575256348,0.8718464374542236
19,2810,-9.171271324157715,-3.977173328399658
19,2811,-9.798198699951172,1.0762659311294556
19,2812,-9.778510093688965,-4.46267032623291
19,2813,-9.513616561889648,-2.5506904125213623
19,2814,-10.990324020385742,3.5341107845306396
19,2815,-8.26125431060791,-0.13601252436637878
19,2816,-9.338674545288086,-2.7870779037475586
19,2817,-8.997405052185059,-2.4325919151306152
19,2818,-9.769899368286133,0.7426035404205322
19,2819,-8.196547508239746,1.091762661933899
19,2820,-11.714189529418945,-4.729057312011719
19,2821,-8.951338768005371,-1.7299187183380127
19,2822,-9.299829483032227,0.8547109961509705
19,2823,-10.293593406677246,-0.6784073710441589
19,2824,-9.41051959991455,1.5801342725753784
19,2825,-10.647579193115234,3.87650465965271
19,2826,-9.503641128540039,-4.799569606781006
19,2827,-8.023508071899414,-3.1500329971313477
19,2828,-8.472121238708496,0.8457740545272827
19,2829,-10.092069625854492,-4.00954008102417
19,2830,-8.512250900268555,0.12843315303325653
19,2831,-8.546464920043945,-0.9538962244987488
19,2832,-8.353119850158691,-3.3868298530578613
19,2833,-9.221150398254395,-1.9786207675933838
19,2834,-9.480758666992188,4.277570724487305
19,2835,-9.871095657348633,-4.687020301818848
19,2836,-8.583499908447266,0.197548970580101
19,2837,-8.845061302185059,-3.6750497817993164
19,2838,-9.398904800415039,-4.606207370758057
19,2839,-11.400270462036133,-2.328369617462158
19,2840,-9.039382934570312,-4.133138656616211
19,2841,-9.598333358764648,-3.483471632003784
19,2842,-10.670120239257812,-4.201146125793457
19,2843,-9.156242370605469,-0.01836881786584854
19,2844,-8.505589485168457,-3.503749132156372
19,2845,-9.475955963134766,-3.767141819000244
19,2846,-8.309890747070312,-3.4735724925994873
19,2847,-8.944086074829102,-2.5678722858428955
19,2848,-9.58458137512207,2.74285888671875
19,2849,-9.97790813446045,-3.753941059112549
19,2850,-8.485586166381836,-6.286624431610107
19,2851,-7.969552516937256,-3.3881216049194336
19,2852,-9.006162643432617,-1.8951830863952637
19,2853,-8.693404197692871,-1.287351369857788
19,2854,-8.88532543182373,-1.2526260614395142
19,2855,-8.285669326782227,-0.01144835352897644
19,2856,-9.548335075378418,-1.61430025100708
19,2857,-9.465696334838867,-2.1656923294067383
19,2858,-10.012823104858398,-1.667332649230957
19,2859,-8.362974166870117,-3.3145194053649902
19,2860,-8.230695724487305,-0.9586812257766724
19,2861,-8.842832565307617,-2.3298826217651367
19,2862,-10.506105422973633,-6.156075477600098
19,2863,-8.454668045043945,4.173681259155273
19,2864,-7.418797016143799,-5.856205940246582
19,2865,-9.462918281555176,-0.30133768916130066
19,2866,-8.863509178161621,-1.794073462486267
19,2867,-8.88227653503418,-0.07660490274429321
19,2868,-9.376294136047363,-3.5992703437805176
19,2869,-8.761992454528809,-0.9228764176368713
19,2870,-9.762639045715332,-5.445379257202148
19,2871,-9.575005531311035,0.4913845658302307
19,2872,-8.511775016784668,-0.5104916095733643
19,2873,-9.211790084838867,-1.6171807050704956
19,2874,-9.117509841918945,-6.523299694061279
19,2875,-8.333771705627441,2.155404567718506
19,2876,-8.61638069152832,-1.1729196310043335
19,2877,-8.494646072387695,-5.343655586242676
19,2878,-9.13671588897705,3.4337263107299805
19,2879,-11.421027183532715,-5.548164367675781
19,2880,-10.133443832397461,8.102999687194824
19,2881,-8.610109329223633,-5.248913764953613
19,2882,-9.649446487426758,-1.5498155355453491
19,2883,-9.382098197937012,-2.43465518951416
19,2884,-8.761133193969727,-0.15847644209861755
19,2885,-8.67216682434082,4.357713222503662
19,2886,-10.979511260986328,-6.840161323547363
19,2887,-8.317371368408203,-3.7460384368896484
19,2888,-9.154691696166992,-0.4900375008583069
19,2889,-8.874377250671387,-1.238961100578308
19,2890,-9.166489601135254,-4.065790176391602
19,2891,-8.6896390914917,0.07408294826745987
19,2892,-10.149552345275879,-6.300252914428711
19,2893,-11.025489807128906,4.088942527770996
19,2894,-7.393253803253174,-5.072210311889648
19,2895,-8.837803840637207,-4.619609832763672
19,2896,-8.49178409576416,3.8888745307922363
19,2897,-9.13783073425293,-3.4752635955810547
19,2898,-9.134214401245117,-0.9455493688583374
19,2899,-9.32662296295166,-2.0887045860290527
19,2900,-9.200312614440918,-3.9659247398376465
19,2901,-8.582027435302734,0.2503158152103424
19,2902,-9.23585033416748,-2.976789712905884
19,2903,-10.547456741333008,-3.2754721641540527
19,2904,-9.431475639343262,6.9914960861206055
19,2905,-9.961658477783203,-2.05465030670166
19,2906,-9.77560806274414,1.6512789726257324
19,2907,-8.635323524475098,-0.47864124178886414
19,2908,-8.850359916687012,-3.600881338119507
19,2909,-9.508265495300293,-2.0446906089782715
19,2910,-9.351042747497559,-1.832298755645752
19,2911,-8.208303451538086,-2.0362699031829834
19,2912,-8.984453201293945,-1.6819214820861816
19,2913,-9.244792938232422,-2.611419200897217
19,2914,-8.948127746582031,-1.0870417356491089
19,2915,-9.119132995605469,-3.0290613174438477
19,2916,-8.961420059204102,-1.247086524963379
19,2917,-8.859429359436035,-4.413417816162109
19,2918,-8.79980182647705,-0.9050047993659973
19,2919,-7.875926971435547,-4.790407180786133
19,2920,-9.526793479919434,-2.00454044342041
19,2921,-8.544743537902832,-3.009551763534546
19,2922,-8.20651626586914,-4.1398396492004395
19,2923,-8.222590446472168,-2.6388704776763916
19,2924,-9.06828784942627,-0.06082785129547119
19,2925,-9.551753044128418,-7.775591850280762
19,2926,-9.929920196533203,6.166210651397705
19,2927,-10.701299667358398,-2.6200919151306152
19,2928,-10.124573707580566,-7.177066326141357
19,2929,-7.479841232299805,2.18161940574646
19,2930,-8.164922714233398,-3.5830936431884766
19,2931,-9.18907642364502,1.4749784469604492
19,2932,-8.953386306762695,-2.957245111465454
19,2933,-8.994248390197754,1.3821656703948975
19,2934,-10.385171890258789,-5.577323913574219
19,2935,-8.777144432067871,0.2947785258293152
19,2936,-9.582295417785645,1.48780357837677
19,2937,-9.40194034576416,-3.5699515342712402
19,2938,-8.626163482666016,-0.22099484503269196
19,2939,-9.091893196105957,1.9570170640945435
19,2940,-8.927997589111328,-2.7649314403533936
19,2941,-8.339734077453613,-0.4350326657295227
19,2942,-9.848588943481445,-2.3503589630126953
19,2943,-10.152897834777832,0.12140007317066193
19,2944,-8.257577896118164,-3.4220166206359863
19,2945,-8.6583251953125,0.5568137764930725
19,2946,-9.67049789428711,-1.855617880821228
19,2947,-10.245647430419922,-2.1768181324005127
19,2948,-9.950342178344727,-3.29604434967041
19,2949,-7.662431716918945,-2.527632236480713
19,2950,-8.718499183654785,-4.736807823181152
19,2951,-7.957975387573242,0.16668179631233215
19,2952,-8.533912658691406,-2.6122372150421143
19,2953,-9.551233291625977,-1.8304468393325806
19,2954,-7.9074201583862305,-1.639425277709961
19,2955,-10.16727352142334,1.9965049028396606
19,2956,-9.140472412109375,0.8834975361824036
19,2957,-8.111918449401855,-3.5266900062561035
19,2958,-8.755783081054688,-0.8224537372589111
19,2959,-10.335573196411133,-2.129253387451172
19,2960,-8.57564926147461,-4.447284698486328
19,2961,-10.675084114074707,1.7944684028625488
19,2962,-8.706160545349121,-4.509873390197754
19,2963,-8.217395782470703,-4.775300025939941
19,2964,-10.00893783569336,-0.7480704188346863
20,2965,-8.982748031616211,-4.935040473937988
20,2966,-9.19643783569336,2.2211251258850098
20,2967,-8.48004150390625,-1.9236266613006592
20,2968,-9.596046447753906,-1.3176816701889038
20,2969,-11.054072380065918,-1.070525884628296
20,2970,-8.215699195861816,-1.754256248474121
20,2971,-9.333752632141113,-1.922685980796814
20,2972,-9.683815002441406,-3.487541675567627
20,2973,-8.782371520996094,1.3006584644317627
20,2974,-9.55986499786377,-4.228376388549805
20,2975,-8.766549110412598,1.8055986166000366
20,2976,-8.53963851928711,-1.4911794662475586
20,2977,-9.162357330322266,-3.0797953605651855
20,2978,-8.450896263122559,-0.7741736173629761
20,2979,-8.909515380859375,-4.140414237976074
20,2980,-8.47552490234375,-2.205383062362671
20,2981,-8.675935745239258,-2.8999085426330566
20,2982,-10.88229751586914,-3.011988878250122
20,2983,-10.159706115722656,-0.32449576258659363
20,2984,-7.814948081970215,-6.927379608154297
20,2985,-9.554703712463379,1.3636802434921265
20,2986,-8.675910949707031,-3.448106050491333
20,2987,-9.953137397766113,-1.556936502456665
20,2988,-8.092425346374512,-3.753786563873291
20,2989,-10.09489631652832,-2.064664840698242
20,2990,-8.858137130737305,-0.6934413909912109
20,2991,-9.190991401672363,-1.828207015991211
20,2992,-8.075146675109863,2.0676026344299316
20,2993,-9.92016887664795,-4.38945198059082
20,2994,-7.484694004058838,-2.0155868530273438
20,2995,-7.773387432098389,-3.217604637145996
20,2996,-8.684629440307617,1.261425495147705
20,2997,-9.248498916625977,-4.131012439727783
20,2998,-9.198752403259277,0.5711339116096497
20,2999,-9.553611755371094,-0.43816202878952026
20,3000,-11.319738388061523,-1.939877986907959
20,3001,-9.020861625671387,1.5382015705108643
20,3002,-9.097570419311523,-4.4661455154418945
20,3003,-9.105783462524414,3.203190326690674
20,3004,-9.182124137878418,-4.04362678527832
20,3005,-9.11383056640625,3.377255916595459
20,3006,-7.718013763427734,-1.4277875423431396
20,3007,-8.913677215576172,-3.1971821784973145
20,3008,-8.64382266998291,-0.878424882888794
20,3009,-9.197540283203125,1.8590617179870605
20,3010,-9.517423629760742,-5.234570026397705
20,3011,-9.279674530029297,-0.11394836008548737
20,3012,-9.576661109924316,2.5219850540161133
20,3013,-10.918785095214844,-4.646941184997559
20,3014,-6.500635147094727,0.6925152540206909
20,3015,-9.715381622314453,-3.1433959007263184
20,3016,-8.727907180786133,1.3613715171813965
20,3017,-9.063614845275879,2.5515053272247314
20,3018,-9.846014022827148,-2.8357551097869873
20,3019,-9.157060623168945,-3.5039680004119873
20,3020,-11.423867225646973,-2.542313575744629
20,3021,-9.756741523742676,-2.915255546569824
20,3022,-8.600043296813965,-1.2798042297363281
20,3023,-11.777881622314453,7.9185791015625
20,3024,-8.983977317810059,-4.351944446563721
20,3025,-7.7684173583984375,0.07346650958061218
20,3026,-10.869293212890625,-3.266758680343628
20,3027,-8.122169494628906,-3.9704737663269043
20,3028,-9.130597114562988,3.14029860496521
20,3029,-8.35651969909668,-1.819037914276123
20,3030,-8.808829307556152,-1.213196039199829
20,3031,-8.162372589111328,-2.3685975074768066
20,3032,-8.337047576904297,1.8014456033706665
20,3033,-8.782073974609375,-1.2688546180725098
20,3034,-9.95864200592041,2.546295166015625
20,3035,-8.325172424316406,2.7102646827697754
20,3036,-8.93927001953125,-1.9598982334136963
20,3037,-8.23251724243164,-0.07860346138477325
20,3038,-8.38109016418457,-3.2548537254333496
20,3039,-7.520493984222412,1.679550051689148
20,3040,-9.566133499145508,-2.3013973236083984
20,3041,-8.682097434997559,-0.9290260076522827
20,3042,-9.347938537597656,-0.31385478377342224
20,3043,-9.207662582397461,-0.8297649025917053
20,3044,-8.508941650390625,0.9936955571174622
20,3045,-10.735958099365234,-1.7860469818115234
20,3046,-9.199156761169434,4.7321062088012695
20,3047,-12.174528121948242,-0.8972973823547363
20,3048,-8.445697784423828,-3.899143695831299
20,3049,-9.271492004394531,-1.055376648902893
20,3050,-9.025835037231445,0.8027021884918213
20,3051,-9.12908935546875,-11.271164894104004
20,3052,-9.080083847045898,4.033517837524414
20,3053,-9.185937881469727,-5.187248229980469
20,3054,-8.920660018920898,-5.357994079589844
20,3055,-8.000182151794434,-2.9583358764648438
20,3056,-10.468192100524902,-0.8384920954704285
20,3057,-8.808067321777344,-0.7215226888656616
20,3058,-9.222968101501465,1.4060628414154053
20,3059,-7.659600734710693,-1.797911286354065
20,3060,-8.14863395690918,-5.1551313400268555
20,3061,-7.666031837463379,-6.0107808113098145
20,3062,-10.365617752075195,3.7159409523010254
20,3063,-8.99008560180664,-3.7661685943603516
20,3064,-10.201189041137695,-8.34969711303711
20,3065,-8.248981475830078,0.9245223999023438
20,3066,-8.141901016235352,2.9720687866210938
20,3067,-8.762787818908691,-1.6007449626922607
20,3068,-8.127625465393066,-3.0260002613067627
20,3069,-8.486550331115723,-2.8741252422332764
20,3070,-9.57107162475586,-0.8716245293617249
20,3071,-10.094233512878418,-3.7165842056274414
20,3072,-8.358552932739258,-4.096144199371338
20,3073,-10.823175430297852,0.10393846035003662
20,3074,-8.27275276184082,-1.1356942653656006
20,3075,-9.090024948120117,-2.753735065460205
20,3076,-8.106949806213379,-4.14769983291626
20,3077,-8.508142471313477,0.20099368691444397
20,3078,-8.576879501342773,-4.4682488441467285
20,3079,-8.35775375366211,-1.3753268718719482
20,3080,-8.55666446685791,-6.197324752807617
20,3081,-8.22440242767334,1.8133735656738281
20,3082,-9.147645950317383,-4.97200870513916
20,3083,-8.349977493286133,-1.9462594985961914
20,3084,-8.67559814453125,-0.013718336820602417
20,3085,-8.52548599243164,-1.3998150825500488
20,3086,-8.117205619812012,-0.9540839791297913
20,3087,-9.381556510925293,-3.266857147216797
20,3088,-9.594329833984375,-0.7854436635971069
20,3089,-9.123061180114746,1.5120705366134644
20,3090,-8.70174789428711,-0.6147121787071228
20,3091,-8.627309799194336,-0.8749762773513794
20,3092,-9.850733757019043,-7.137792587280273
20,3093,-8.769481658935547,-1.0876774787902832
20,3094,-7.900470733642578,-3.1358554363250732
20,3095,-8.7549467086792,-1.8930152654647827
20,3096,-8.774895668029785,-1.7620725631713867
20,3097,-9.052286148071289,-1.6110429763793945
20,3098,-8.118659019470215,-1.0444107055664062
20,3099,-8.207846641540527,-2.6570897102355957
20,3100,-9.297466278076172,-5.856962203979492
20,3101,-8.884157180786133,-4.360453128814697
20,3102,-8.252291679382324,0.013194512575864792
20,3103,-10.1004056930542,-1.898134469985962
20,3104,-8.823123931884766,2.051421880722046
20,3105,-8.66364860534668,-2.5173637866973877
20,3106,-8.240201950073242,-6.229796886444092
20,3107,-9.149797439575195,5.619022846221924
20,3108,-9.621965408325195,-0.20891974866390228
20,3109,-8.614540100097656,-2.3189892768859863
20,3110,-7.876041889190674,-0.1707657128572464
20,3111,-9.890953063964844,-5.307986259460449
20,3112,-8.919382095336914,-2.2923178672790527
20,3113,-9.501009941101074,-1.0126733779907227
20,3114,-7.953023433685303,-1.8026134967803955
20,3115,-7.53741455078125,-4.278985500335693
20,3116,-9.175031661987305,-0.4324089288711548
20,3117,-8.591686248779297,-5.130841255187988
20,3118,-8.574678421020508,-2.374997138977051
20,3119,-9.368711471557617,-0.7619207501411438
20,3120,-8.406435012817383,-1.8061118125915527
21,3121,-9.086587905883789,1.0555367469787598
21,3122,-8.831796646118164,-3.359790802001953
21,3123,-9.500040054321289,-3.7036027908325195
21,3124,-9.195305824279785,-0.965509295463562
21,3125,-7.995768070220947,-3.8613219261169434
21,3126,-9.283784866333008,0.8089077472686768
21,3127,-9.238121032714844,-5.327881813049316
21,3128,-9.03437614440918,-0.18372714519500732
21,3129,-8.787909507751465,-1.86087167263031
21,3130,-8.337543487548828,-4.762290000915527
21,3131,-8.497391700744629,2.2719221115112305
21,3132,-9.27531909942627,-3.277667999267578
21,3133,-8.816555976867676,0.48788413405418396
21,3134,-8.267364501953125,1.5074336528778076
21,3135,-9.904386520385742,-2.7216501235961914
21,3136,-8.264193534851074,-0.01594160497188568
21,3137,-10.34822940826416,4.296990394592285
21,3138,-11.279394149780273,-6.296106815338135
21,3139,-8.10264778137207,1.9859460592269897
21,3140,-9.001967430114746,-0.7146793007850647
21,3141,-7.931624889373779,0.15137870609760284
21,3142,-8.922063827514648,-0.9759007692337036
21,3143,-9.163058280944824,-3.1594810485839844
21,3144,-7.747801780700684,-0.32196909189224243
21,3145,-8.621514320373535,-2.6404330730438232
21,3146,-7.745404243469238,2.1178226470947266
21,3147,-8.926572799682617,2.6496100425720215
21,3148,-8.1320219039917,-3.933394432067871
21,3149,-8.107105255126953,0.9497312307357788
21,3150,-9.159807205200195,-1.473762035369873
21,3151,-8.114346504211426,2.61226224899292
21,3152,-9.496123313903809,-3.833509922027588
21,3153,-10.835129737854004,6.943427085876465
21,3154,-8.479948997497559,-3.071781635284424
21,3155,-8.806868553161621,-2.2047200202941895
21,3156,-8.054777145385742,3.1643810272216797
21,3157,-8.001611709594727,-0.8478400707244873
21,3158,-8.704283714294434,-2.7951622009277344
21,3159,-8.953184127807617,1.6664458513259888
21,3160,-9.014246940612793,-3.9682698249816895
21,3161,-8.172924041748047,0.08403825759887695
21,3162,-8.557220458984375,0.7966842651367188
21,3163,-9.356369018554688,-2.4226951599121094
21,3164,-8.296053886413574,-0.10129639506340027
21,3165,-10.657470703125,1.96224045753479
21,3166,-7.889162063598633,-2.045590877532959
21,3167,-8.85267162322998,-1.0519053936004639
21,3168,-9.066054344177246,-2.679649829864502
21,3169,-9.383284568786621,2.579404354095459
21,3170,-7.895075798034668,-2.2512736320495605
21,3171,-9.077268600463867,-0.7178314924240112
21,3172,-8.562272071838379,-3.1475274562835693
21,3173,-8.982086181640625,-0.9016475081443787
21,3174,-9.27639102935791,-2.1833925247192383
21,3175,-7.2638959884643555,0.09116539359092712
21,3176,-8.689960479736328,-0.32511240243911743
21,3177,-8.349115371704102,-2.583115816116333
21,3178,-8.357422828674316,-0.931725025177002
21,3179,-7.67177152633667,0.25520652532577515
21,3180,-9.13731575012207,-3.0754735469818115
21,3181,-8.602994918823242,0.8893077373504639
21,3182,-9.237032890319824,3.9681296348571777
21,3183,-9.351043701171875,-2.4939000606536865
21,3184,-8.64052677154541,0.015781551599502563
21,3185,-8.881091117858887,4.102242469787598
21,3186,-9.496529579162598,-4.367434978485107
21,3187,-9.014638900756836,7.775596618652344
21,3188,-8.575420379638672,-4.236571788787842
21,3189,-8.378671646118164,0.6145691871643066
21,3190,-8.117045402526855,-0.6171742677688599
21,3191,-8.890165328979492,-0.5007940530776978
21,3192,-9.606378555297852,-4.815157890319824
21,3193,-8.872272491455078,1.9195359945297241
21,3194,-7.824816703796387,-0.17291131615638733
21,3195,-7.772922515869141,-1.1373951435089111
21,3196,-8.018779754638672,-2.133117198944092
21,3197,-8.878171920776367,-0.4613822102546692
21,3198,-8.57738971710205,-4.1909990310668945
21,3199,-9.21581745147705,0.4890454411506653
21,3200,-8.085545539855957,-3.5517029762268066
21,3201,-9.647903442382812,-3.7391865253448486
21,3202,-8.243232727050781,1.7375497817993164
21,3203,-10.863468170166016,-9.8019437789917
21,3204,-8.400389671325684,1.4811086654663086
21,3205,-8.333937644958496,4.105683326721191
21,3206,-9.275188446044922,0.16774293780326843
21,3207,-8.864890098571777,-3.404423952102661
21,3208,-7.61351203918457,0.24217689037322998
21,3209,-7.996515274047852,-1.981454849243164
21,3210,-9.063337326049805,-2.2079617977142334
21,3211,-8.345904350280762,-2.883803367614746
21,3212,-7.996253490447998,-3.879448175430298
21,3213,-9.768444061279297,5.4109697341918945
21,3214,-9.716938018798828,-4.156311988830566
21,3215,-8.924726486206055,0.2684018015861511
21,3216,-10.101913452148438,7.129328727722168
21,3217,-9.944722175598145,-3.9483203887939453
21,3218,-8.29052734375,-1.345632791519165
21,3219,-8.8750581741333,6.123797416687012
21,3220,-8.543545722961426,-4.626916885375977
21,3221,-7.723984241485596,0.025192424654960632
21,3222,-8.900397300720215,2.8110127449035645
21,3223,-9.430010795593262,-1.3434151411056519
21,3224,-8.996849060058594,-0.724972128868103
21,3225,-9.06255054473877,4.27622652053833
21,3226,-8.425829887390137,2.044067859649658
21,3227,-9.36476993560791,-2.316880702972412
21,3228,-8.274279594421387,0.8680378794670105
21,3229,-8.581233024597168,0.4568249583244324
21,3230,-7.854735374450684,-1.530532956123352
21,3231,-10.433586120605469,-4.354974746704102
21,3232,-8.856969833374023,1.3413376808166504
21,3233,-8.624049186706543,0.7838817834854126
21,3234,-9.109014511108398,-3.1546292304992676
21,3235,-9.006723403930664,4.7498369216918945
21,3236,-8.319316864013672,-4.420735836029053
21,3237,-6.896668434143066,-0.8489776849746704
21,3238,-7.375423431396484,-3.9575557708740234
21,3239,-7.559876441955566,0.3675410747528076
21,3240,-8.164567947387695,0.16617493331432343
21,3241,-9.809682846069336,-7.276080131530762
21,3242,-8.386520385742188,0.8974634408950806
21,3243,-9.814489364624023,2.2182979583740234
21,3244,-12.054643630981445,-4.801666736602783
21,3245,-8.071443557739258,-2.901618719100952
21,3246,-8.757166862487793,2.0759806632995605
21,3247,-10.08444595336914,3.0805861949920654
21,3248,-10.129081726074219,-5.870655059814453
21,3249,-7.767886638641357,1.0343961715698242
21,3250,-7.866270065307617,0.23326890170574188
21,3251,-8.342955589294434,0.4050769507884979
21,3252,-8.636283874511719,0.6935660243034363
21,3253,-7.927518844604492,-3.956956624984741
21,3254,-8.426054954528809,-4.269830226898193
21,3255,-8.999490737915039,-5.031566619873047
21,3256,-9.062170028686523,3.6030924320220947
21,3257,-9.707534790039062,-8.873558044433594
21,3258,-8.02425765991211,-2.0958189964294434
21,3259,-8.398187637329102,1.5030044317245483
21,3260,-8.3026123046875,-4.754154205322266
21,3261,-8.584945678710938,-2.0522093772888184
21,3262,-9.216285705566406,1.307285189628601
21,3263,-8.158461570739746,-3.6222662925720215
21,3264,-7.799490928649902,-2.376075029373169
21,3265,-7.744892597198486,-4.302602767944336
21,3266,-8.954548835754395,-1.246880054473877
21,3267,-9.071993827819824,0.33774107694625854
21,3268,-8.266031265258789,-6.4477219581604
21,3269,-9.257200241088867,2.1366443634033203
21,3270,-10.009971618652344,-1.7167435884475708
21,3271,-8.426597595214844,-8.976131439208984
21,3272,-9.270389556884766,-2.0178542137145996
21,3273,-8.21113109588623,0.2203279584646225
21,3274,-7.658852577209473,0.5005747079849243
21,3275,-9.402862548828125,-4.81907844543457
21,3276,-7.491092681884766,2.981682777404785
22,3277,-9.117813110351562,-7.55820369720459
22,3278,-8.07332992553711,-4.570000648498535
22,3279,-8.868474960327148,1.7552030086517334
22,3280,-8.695955276489258,-3.6218700408935547
22,3281,-9.415305137634277,-3.379157543182373
22,3282,-8.02493667602539,0.20734523236751556
22,3283,-8.736557006835938,-4.172078609466553
22,3284,-8.32040023803711,-1.6189024448394775
22,3285,-9.255435943603516,-3.0149669647216797
22,3286,-8.121586799621582,-1.051602840423584
22,3287,-8.601953506469727,-1.2588777542114258
22,3288,-9.498723983764648,-0.9531322121620178
22,3289,-12.33072280883789,1.9354987144470215
22,3290,-8.445693969726562,-4.97535514831543
22,3291,-10.27424430847168,4.116821765899658
22,3292,-9.350052833557129,-6.260687828063965
22,3293,-7.477263450622559,0.656684398651123
22,3294,-10.138838768005371,-1.588385820388794
22,3295,-9.134775161743164,2.0205345153808594
22,3296,-8.795646667480469,-4.50389289855957
22,3297,-9.922563552856445,-1.6366469860076904
22,3298,-8.607928276062012,1.127500295639038
22,3299,-10.144061088562012,-2.8760881423950195
22,3300,-8.430447578430176,3.211778402328491
22,3301,-8.660683631896973,-5.782073974609375
22,3302,-8.272333145141602,-2.070403814315796
22,3303,-8.292880058288574,-4.5136871337890625
22,3304,-7.9764580726623535,-1.3207807540893555
22,3305,-9.644347190856934,-0.39609646797180176
22,3306,-8.673798561096191,-4.131092071533203
22,3307,-8.489303588867188,-1.5767905712127686
22,3308,-10.674935340881348,-2.392167329788208
22,3309,-9.176701545715332,4.902024269104004
22,3310,-7.753421783447266,-2.9356958866119385
22,3311,-7.238768577575684,-0.536279559135437
22,3312,-8.627910614013672,-1.9197123050689697
22,3313,-8.573086738586426,0.7539982199668884
22,3314,-8.889022827148438,3.0487453937530518
22,3315,-9.117398262023926,-0.3071034550666809
22,3316,-8.683629989624023,-1.4312145709991455
22,3317,-8.814179420471191,-0.10625278949737549
22,3318,-8.223462104797363,1.0115128755569458
22,3319,-8.778261184692383,-2.7544479370117188
22,3320,-8.306375503540039,0.9583089351654053
22,3321,-8.967020034790039,-2.255845069885254
22,3322,-7.551926136016846,-0.9489758014678955
22,3323,-9.35418701171875,-2.261050224304199
22,3324,-8.598104476928711,-0.6676570177078247
22,3325,-8.983829498291016,3.265618324279785
22,3326,-9.077696800231934,-1.906163215637207
22,3327,-8.46340560913086,1.2217159271240234
22,3328,-8.870138168334961,-1.4339661598205566
22,3329,-8.314716339111328,-1.749607801437378
22,3330,-8.54524040222168,0.6724413633346558
22,3331,-7.308590888977051,0.5897358059883118
22,3332,-9.732918739318848,-0.38418853282928467
22,3333,-8.32375431060791,1.849570870399475
22,3334,-7.490991592407227,0.13610054552555084
22,3335,-8.942769050598145,-5.449651718139648
22,3336,-9.633194923400879,2.4254798889160156
22,3337,-10.478950500488281,0.03303641080856323
22,3338,-8.62170696258545,0.5077089071273804
22,3339,-8.45431137084961,-5.151123046875
22,3340,-9.419801712036133,-1.1081918478012085
22,3341,-8.442632675170898,-0.18884718418121338
22,3342,-8.568387985229492,0.400452584028244
22,3343,-10.496667861938477,-1.4675350189208984
22,3344,-8.598041534423828,0.8157784342765808
22,3345,-8.188173294067383,2.471956253051758
22,3346,-7.817159175872803,-2.4539871215820312
22,3347,-8.63755989074707,-0.42977285385131836
22,3348,-9.576518058776855,0.3849089741706848
22,3349,-9.168961524963379,-5.199615478515625
22,3350,-8.607670783996582,0.6518729329109192
22,3351,-8.598828315734863,-1.599874496459961
22,3352,-7.690666198730469,-4.618764877319336
22,3353,-8.682016372680664,-0.07215133309364319
22,3354,-8.279422760009766,-0.23577183485031128
22,3355,-8.460478782653809,-0.8153912425041199
22,3356,-6.804657936096191,-2.622284412384033
22,3357,-8.701712608337402,-2.3898119926452637
22,3358,-8.214693069458008,-0.974736213684082
22,3359,-9.424531936645508,-4.10294246673584
22,3360,-8.61545181274414,2.403393030166626
22,3361,-8.829174995422363,-3.4681928157806396
22,3362,-8.262561798095703,1.270280122756958
22,3363,-9.03028392791748,3.3123388290405273
22,3364,-8.588297843933105,-1.431288719177246
22,3365,-8.753233909606934,-4.056341171264648
22,3366,-8.585100173950195,2.9661030769348145
22,3367,-8.293564796447754,-4.250000953674316
22,3368,-8.689180374145508,-1.3704537153244019
22,3369,-9.382131576538086,1.1056360006332397
22,3370,-7.878936767578125,-4.328767776489258
22,3371,-8.229636192321777,4.026970386505127
22,3372,-8.980657577514648,-5.02646541595459
22,3373,-7.483396530151367,-1.4161961078643799
22,3374,-8.060957908630371,2.4015865325927734
22,3375,-8.511322975158691,-0.3640899658203125
22,3376,-8.030139923095703,-1.9441065788269043
22,3377,-8.592634201049805,0.7056232690811157
22,3378,-8.138877868652344,-1.424396276473999
22,3379,-8.831894874572754,-1.9890565872192383
22,3380,-8.5084810256958,0.6939506530761719
22,3381,-7.891654014587402,-2.2017667293548584
22,3382,-7.592696189880371,0.12544794380664825
22,3383,-8.427244186401367,-1.26003897190094
22,3384,-8.109797477722168,0.8268916010856628
22,3385,-7.970005989074707,1.173877477645874
22,3386,-8.898877143859863,-3.742013454437256
22,3387,-8.434603691101074,0.7159141302108765
22,3388,-7.8299384117126465,1.584104299545288
22,3389,-8.233745574951172,2.3002586364746094
22,3390,-8.980819702148438,0.23141926527023315
22,3391,-11.610466003417969,0.5572543144226074
22,3392,-7.564225196838379,-2.0589823722839355
22,3393,-8.0460205078125,4.183248519897461
22,3394,-8.277088165283203,-3.6784000396728516
22,3395,-7.281140327453613,-1.4806604385375977
22,3396,-8.155529975891113,0.28962472081184387
22,3397,-9.528721809387207,-3.769718647003174
22,3398,-9.000813484191895,-0.16555668413639069
22,3399,-9.086004257202148,1.2559990882873535
22,3400,-8.517669677734375,-4.010663032531738
22,3401,-9.112886428833008,0.10610482096672058
22,3402,-8.958282470703125,-4.633339881896973
22,3403,-7.504580974578857,-0.9372231364250183
22,3404,-9.061162948608398,-2.5284507274627686
22,3405,-8.040143966674805,3.076984405517578
22,3406,-8.334620475769043,-2.7056286334991455
22,3407,-7.896117687225342,-1.0594195127487183
22,3408,-7.970940589904785,-0.1705695390701294
22,3409,-11.735723495483398,-0.9359915256500244
22,3410,-8.373492240905762,-0.7989931702613831
22,3411,-7.683539390563965,-2.7897613048553467
22,3412,-9.162933349609375,-2.7863717079162598
22,3413,-8.135061264038086,-0.732193112373352
22,3414,-8.668218612670898,-3.4397473335266113
22,3415,-7.642424583435059,-5.668231010437012
22,3416,-9.123773574829102,3.0416922569274902
22,3417,-7.784915924072266,-3.8831186294555664
22,3418,-9.033380508422852,-6.29225492477417
22,3419,-8.141112327575684,2.2596616744995117
22,3420,-9.11958122253418,-2.1039412021636963
22,3421,-7.954383373260498,2.8865575790405273
22,3422,-8.011646270751953,-4.5880560874938965
22,3423,-7.923336029052734,1.393479347229004
22,3424,-9.52331829071045,-1.9798271656036377
22,3425,-7.999969482421875,2.990236759185791
22,3426,-8.014058113098145,-2.834031820297241
22,3427,-7.669302940368652,0.935799241065979
22,3428,-8.728919982910156,-4.671957969665527
22,3429,-9.019380569458008,-0.3514609932899475
22,3430,-8.275642395019531,3.927140235900879
22,3431,-7.839100360870361,-3.148979663848877
22,3432,-7.603331565856934,0.12019792199134827
23,3433,-8.076910018920898,-4.339637279510498
23,3434,-8.91430950164795,3.363807201385498
23,3435,-8.439266204833984,-2.703869342803955
23,3436,-10.210936546325684,2.41023588180542
23,3437,-8.700034141540527,-3.1260271072387695
23,3438,-8.318672180175781,-4.019944667816162
23,3439,-9.230712890625,-2.471461296081543
23,3440,-8.711128234863281,-1.406538724899292
23,3441,-7.8672685623168945,0.3134097456932068
23,3442,-7.928199291229248,-1.0314662456512451
23,3443,-7.189353942871094,1.6305744647979736
23,3444,-8.232303619384766,-3.0108792781829834
23,3445,-8.241125106811523,-0.8148365020751953
23,3446,-8.377237319946289,-0.43573668599128723
23,3447,-9.240479469299316,-0.6607908010482788
23,3448,-8.399547576904297,0.1985541135072708
23,3449,-8.781600952148438,-3.533155918121338
23,3450,-9.359992980957031,0.34702157974243164
23,3451,-7.698630332946777,-0.8716767430305481
23,3452,-8.248486518859863,-4.60638427734375
23,3453,-8.556988716125488,3.691253185272217
23,3454,-8.04206657409668,-0.07292906939983368
23,3455,-8.883212089538574,-0.8408485054969788
23,3456,-9.944900512695312,-3.1027519702911377
23,3457,-7.790588855743408,1.5095715522766113
23,3458,-10.170188903808594,-3.839864730834961
23,3459,-8.212274551391602,-0.6473028659820557
23,3460,-7.728437423706055,-0.8529362082481384
23,3461,-8.268027305603027,-2.7861170768737793
23,3462,-8.413422584533691,3.0797507762908936
23,3463,-9.15885066986084,-3.5318057537078857
23,3464,-8.684167861938477,0.7795156240463257
23,3465,-9.248186111450195,2.3438076972961426
23,3466,-8.037784576416016,-4.950525760650635
23,3467,-7.8914008140563965,-3.0055134296417236
23,3468,-10.133296966552734,2.0850367546081543
23,3469,-8.340522766113281,-5.1637139320373535
23,3470,-9.539498329162598,0.8550319671630859
23,3471,-9.274473190307617,-0.7693817019462585
23,3472,-8.793290138244629,-2.37263560295105
23,3473,-8.22634220123291,1.7070128917694092
23,3474,-7.370538711547852,-0.2768617570400238
23,3475,-8.306806564331055,-1.7280234098434448
23,3476,-9.119983673095703,0.3812897503376007
23,3477,-9.916614532470703,0.7328847646713257
23,3478,-8.690248489379883,-3.520677089691162
23,3479,-7.614483833312988,-0.2612646818161011
23,3480,-7.357231140136719,-2.2969205379486084
23,3481,-9.046483993530273,0.8619835376739502
23,3482,-8.955291748046875,-0.811023473739624
23,3483,-8.544349670410156,-0.8437673449516296
23,3484,-8.388276100158691,0.7563765048980713
23,3485,-8.06857681274414,-2.808943271636963
23,3486,-8.477347373962402,0.2477295696735382
23,3487,-9.269328117370605,-1.9362701177597046
23,3488,-7.773585319519043,-1.361655354499817
23,3489,-8.407880783081055,-2.2147560119628906
23,3490,-8.528472900390625,-1.5399305820465088
23,3491,-7.932631969451904,-2.468937635421753
23,3492,-8.459136009216309,-4.390284061431885
23,3493,-8.181886672973633,3.1479287147521973
23,3494,-8.483474731445312,-2.3925862312316895
23,3495,-7.384977340698242,-3.402554512023926
23,3496,-9.487587928771973,0.11335279047489166
23,3497,-7.39177942276001,-2.5186848640441895
23,3498,-7.041219711303711,1.4579488039016724
23,3499,-10.06670093536377,-6.8683342933654785
23,3500,-8.544550895690918,3.0483663082122803
23,3501,-9.200089454650879,-2.3631041049957275
23,3502,-8.612290382385254,0.18449793756008148
23,3503,-7.928906440734863,0.6510112881660461
23,3504,-8.578054428100586,-2.989623785018921
23,3505,-8.389137268066406,-1.9498696327209473
23,3506,-7.695284366607666,-1.0886414051055908
23,3507,-9.551125526428223,3.366486072540283
23,3508,-8.529074668884277,-6.00808048248291
23,3509,-7.572727680206299,-0.7787656188011169
23,3510,-7.591011047363281,-2.493732452392578
23,3511,-9.231285095214844,-1.0870996713638306
23,3512,-9.495495796203613,0.6056532859802246
23,3513,-9.059551239013672,-4.773539066314697
23,3514,-11.876504898071289,5.045164108276367
23,3515,-8.256699562072754,0.44535356760025024
23,3516,-10.036624908447266,-3.0624594688415527
23,3517,-8.268838882446289,-1.2895514965057373
23,3518,-9.010577201843262,-0.5842824578285217
23,3519,-8.335869789123535,-1.1276568174362183
23,3520,-7.738369941711426,-5.333296298980713
23,3521,-8.796924591064453,-1.0096321105957031
23,3522,-9.805105209350586,0.748478889465332
23,3523,-8.187765121459961,-5.157615661621094
23,3524,-7.64791202545166,3.388484477996826
23,3525,-8.282222747802734,-6.310328960418701
23,3526,-9.10029411315918,-1.1109070777893066
23,3527,-9.00416374206543,-1.0942838191986084
23,3528,-7.20810079574585,-2.588040351867676
23,3529,-8.407340049743652,-3.800899028778076
23,3530,-8.412714004516602,2.0763630867004395
23,3531,-8.188570022583008,-5.009923458099365
23,3532,-8.157537460327148,0.11340248584747314
23,3533,-7.138011932373047,-0.6543589234352112
23,3534,-8.252204895019531,-1.5404114723205566
23,3535,-8.012046813964844,-2.056471824645996
23,3536,-8.591544151306152,-2.6098108291625977
23,3537,-9.983718872070312,5.552864074707031
23,3538,-9.041997909545898,-4.213099002838135
23,3539,-8.67812728881836,-7.3150315284729
23,3540,-8.862360000610352,-0.0518653467297554
23,3541,-9.568839073181152,3.7513203620910645
23,3542,-9.774473190307617,1.3065518140792847
23,3543,-8.240214347839355,-5.010557651519775
23,3544,-7.69635534286499,-0.027784012258052826
23,3545,-8.153654098510742,-0.5647180080413818
23,3546,-8.43806266784668,-2.236393451690674
23,3547,-7.430112838745117,1.719623327255249
23,3548,-8.08758544921875,-4.35437536239624
23,3549,-6.619298934936523,-1.6890807151794434
23,3550,-7.680157661437988,-1.7335233688354492
23,3551,-7.300711154937744,-1.0338504314422607
23,3552,-9.285274505615234,-0.5981673002243042
23,3553,-7.8780317306518555,-0.5198168754577637
23,3554,-7.277736663818359,-4.651758193969727
23,3555,-7.661044120788574,1.1234327554702759
23,3556,-8.719783782958984,-4.554741382598877
23,3557,-8.157942771911621,1.486973524093628
23,3558,-10.425817489624023,-1.010634183883667
23,3559,-7.556852340698242,-1.1859886646270752
23,3560,-7.931156158447266,-0.06022801995277405
23,3561,-7.497190475463867,-1.9700590372085571
23,3562,-8.001285552978516,-3.049665689468384
23,3563,-8.71374797821045,-4.995796203613281
23,3564,-11.060907363891602,1.9920544624328613
23,3565,-7.756697177886963,-2.890235424041748
23,3566,-8.925539016723633,0.4119649827480316
23,3567,-8.583097457885742,-4.03935432434082
23,3568,-8.039880752563477,-0.529012143611908
23,3569,-8.474316596984863,-3.1173012256622314
23,3570,-7.809929370880127,2.3811373710632324
23,3571,-7.958978652954102,-1.9911463260650635
23,3572,-8.28512191772461,1.067845106124878
23,3573,-8.548478126525879,-5.574936866760254
23,3574,-7.388876914978027,-2.602537155151367
23,3575,-9.003576278686523,-0.5074161291122437
23,3576,-7.608473300933838,-1.1201609373092651
23,3577,-8.929048538208008,-2.312852621078491
23,3578,-8.835668563842773,-2.4594643115997314
23,3579,-9.067952156066895,-1.6885130405426025
23,3580,-8.554206848144531,2.567727565765381
23,3581,-8.571477890014648,-2.8415751457214355
23,3582,-7.313205242156982,-0.11352333426475525
23,3583,-9.902436256408691,-4.353043556213379
23,3584,-8.47813606262207,3.5877914428710938
23,3585,-7.291824817657471,-2.2268357276916504
23,3586,-8.600544929504395,-2.7083497047424316
23,3587,-8.267048835754395,2.466491222381592
23,3588,-8.121758460998535,2.835744857788086
24,3589,-8.963327407836914,-5.461093902587891
24,3590,-8.89586067199707,0.6328979730606079
24,3591,-9.520209312438965,-0.24904224276542664
24,3592,-8.806228637695312,-4.860240459442139
24,3593,-8.547370910644531,-0.7293938398361206
24,3594,-8.01988697052002,-1.3210465908050537
24,3595,-8.110201835632324,-3.3722128868103027
24,3596,-7.573678970336914,-2.8572092056274414
24,3597,-8.72879409790039,-1.6107425689697266
24,3598,-8.159036636352539,-3.5538740158081055
24,3599,-10.246358871459961,-3.8773856163024902
24,3600,-10.373619079589844,-5.8417277336120605
24,3601,-8.429262161254883,-0.7088566422462463
24,3602,-9.782187461853027,-1.3044992685317993
24,3603,-8.42093563079834,0.44959747791290283
24,3604,-8.776601791381836,-0.9305942058563232
24,3605,-8.68748950958252,-2.2916879653930664
24,3606,-8.260852813720703,-1.1008553504943848
24,3607,-9.021162033081055,-0.07874131947755814
24,3608,-8.613565444946289,-3.034167528152466
24,3609,-8.00342845916748,-0.3916006088256836
24,3610,-7.748912811279297,-3.248689651489258
24,3611,-9.362831115722656,-2.275578498840332
24,3612,-9.054129600524902,-0.5682039856910706
24,3613,-7.302785873413086,-0.39359036087989807
24,3614,-8.2357759475708,-1.9778562784194946
24,3615,-7.887953758239746,-0.5687794089317322
24,3616,-8.629810333251953,-3.2797276973724365
24,3617,-9.09032154083252,-3.3191566467285156
24,3618,-8.085959434509277,-0.778033435344696
24,3619,-8.240804672241211,-1.9376925230026245
24,3620,-7.795316696166992,0.31644120812416077
24,3621,-7.417688846588135,-1.1674904823303223
24,3622,-8.55465030670166,-0.07878530025482178
24,3623,-7.4528303146362305,-0.6285395622253418
24,3624,-7.794084072113037,-1.6674349308013916
24,3625,-9.95925521850586,-3.3551406860351562
24,3626,-8.311102867126465,1.6830379962921143
24,3627,-8.772272109985352,4.610167503356934
24,3628,-8.394047737121582,-3.182727813720703
24,3629,-9.590837478637695,-0.09450361132621765
24,3630,-9.076997756958008,6.670750617980957
24,3631,-8.69961929321289,0.35203349590301514
24,3632,-8.27212905883789,0.7261632680892944
24,3633,-11.761899948120117,-2.7330832481384277
24,3634,-7.89427375793457,1.2926025390625
24,3635,-8.065840721130371,0.014644257724285126
24,3636,-7.4245781898498535,-0.03220352530479431
24,3637,-9.758246421813965,-4.8210296630859375
24,3638,-7.794472694396973,-1.0280861854553223
24,3639,-8.078876495361328,-0.6857671737670898
24,3640,-8.090072631835938,-1.9042036533355713
24,3641,-8.537919044494629,-3.2146201133728027
24,3642,-8.196080207824707,-0.3505117893218994
24,3643,-7.784847736358643,0.10342027992010117
24,3644,-8.235199928283691,-0.44937682151794434
24,3645,-9.506778717041016,-5.8748087882995605
24,3646,-9.09166145324707,0.4077727794647217
24,3647,-7.871093273162842,-1.2992100715637207
24,3648,-9.926314353942871,-1.35248863697052
24,3649,-8.741043090820312,-7.251323699951172
24,3650,-8.340043067932129,2.957099437713623
24,3651,-6.9456305503845215,0.5762919187545776
24,3652,-6.8981757164001465,-1.2145369052886963
24,3653,-8.529520034790039,-5.131793022155762
24,3654,-8.837337493896484,-3.5552234649658203
24,3655,-8.140019416809082,-1.0554527044296265
24,3656,-9.60098648071289,-3.355782985687256
24,3657,-8.571374893188477,-3.151073455810547
24,3658,-8.116376876831055,-1.8491096496582031
24,3659,-8.891402244567871,-2.5544662475585938
24,3660,-8.298870086669922,-5.305391311645508
24,3661,-9.066898345947266,2.759732723236084
24,3662,-9.570905685424805,-3.2089357376098633
24,3663,-7.504573822021484,-3.494767665863037
24,3664,-8.042925834655762,-0.7198112607002258
24,3665,-8.5147123336792,0.38028961420059204
24,3666,-8.57735824584961,-5.218314170837402
24,3667,-7.611217975616455,-4.761987686157227
24,3668,-7.331863880157471,-5.608025550842285
24,3669,-8.428678512573242,-0.6997330784797668
24,3670,-7.395242691040039,-2.528639078140259
24,3671,-8.106949806213379,-3.2402279376983643
24,3672,-8.336074829101562,2.5443403720855713
24,3673,-8.428863525390625,-4.589691638946533
24,3674,-7.366171360015869,-4.01414680480957
24,3675,-7.960485458374023,-4.756720542907715
24,3676,-8.643890380859375,-0.8831052780151367
24,3677,-7.947376728057861,-2.1005396842956543
24,3678,-7.668030738830566,-1.9048218727111816
24,3679,-10.048972129821777,0.735234797000885
24,3680,-7.4490461349487305,-1.4381678104400635
24,3681,-9.28322696685791,-6.134366989135742
24,3682,-7.667181015014648,0.984102725982666
24,3683,-9.180136680603027,-1.0029664039611816
24,3684,-9.500472068786621,-3.595046043395996
24,3685,-7.423304080963135,-2.4913156032562256
24,3686,-7.950675010681152,-0.7018434405326843
24,3687,-7.898850440979004,-2.9154624938964844
24,3688,-7.311115741729736,-6.38716459274292
24,3689,-7.819449424743652,0.6523866057395935
24,3690,-8.757200241088867,-3.5407023429870605
24,3691,-7.140946388244629,-2.632673740386963
24,3692,-9.582030296325684,-9.487606048583984
24,3693,-7.473482608795166,-5.440301895141602
24,3694,-9.22243595123291,2.1871206760406494
24,3695,-8.205306053161621,-5.245549201965332
24,3696,-8.242531776428223,-5.597881317138672
24,3697,-7.837329387664795,-5.521178722381592
24,3698,-7.837698936462402,-0.7206488847732544
24,3699,-7.890624046325684,-4.471132755279541
24,3700,-7.981196403503418,1.2078781127929688
24,3701,-8.468526840209961,-3.791945219039917
24,3702,-7.409242630004883,-0.5811538696289062
24,3703,-7.764057159423828,-2.895350694656372
24,3704,-8.485488891601562,-1.505208969116211
24,3705,-9.043777465820312,-1.262295126914978
24,3706,-7.731960296630859,-1.124183177947998
24,3707,-8.237053871154785,-3.9983885288238525
24,3708,-7.286728858947754,-1.9733073711395264
24,3709,-9.164752960205078,-1.1232178211212158
24,3710,-7.605517387390137,0.6928685903549194
24,3711,-8.893966674804688,-1.8957467079162598
24,3712,-8.18136215209961,-5.21555757522583
24,3713,-6.982547760009766,-0.9281759262084961
24,3714,-8.527130126953125,-0.41703930497169495
24,3715,-8.205168724060059,2.500697612762451
24,3716,-7.636852741241455,-4.4029765129089355
24,3717,-10.633567810058594,-1.4137779474258423
24,3718,-8.036348342895508,1.5767223834991455
24,3719,-8.421991348266602,-1.8346316814422607
24,3720,-7.011404037475586,0.10483623296022415
24,3721,-8.521838188171387,2.5632994174957275
24,3722,-7.70955753326416,-0.7995144128799438
24,3723,-8.307950973510742,-5.700613975524902
24,3724,-8.370495796203613,-0.4385945200920105
24,3725,-7.613513469696045,0.05407056212425232
24,3726,-12.627679824829102,-2.160114049911499
24,3727,-7.72776985168457,-6.364719390869141
24,3728,-8.240069389343262,1.5335345268249512
24,3729,-8.889381408691406,-4.031124591827393
24,3730,-7.427847385406494,-2.8542418479919434
24,3731,-8.362380981445312,-2.4274044036865234
24,3732,-8.274045944213867,-2.4389498233795166
24,3733,-7.543063640594482,-3.597334861755371
24,3734,-8.772547721862793,2.555983066558838
24,3735,-7.93303918838501,-2.004864454269409
24,3736,-7.827256679534912,-3.23868727684021
24,3737,-7.690033912658691,2.374986171722412
24,3738,-9.881721496582031,-5.759461402893066
24,3739,-7.900706768035889,1.6302951574325562
24,3740,-7.364521026611328,-3.015941619873047
24,3741,-7.778925895690918,-0.7838717699050903
24,3742,-8.50538444519043,-1.8567776679992676
24,3743,-7.0953474044799805,-0.705450177192688
24,3744,-8.272368431091309,-5.530888557434082
25,3745,-8.308442115783691,-0.7658743858337402
25,3746,-7.699313163757324,-3.427877902984619
25,3747,-8.65699577331543,0.8723853230476379
25,3748,-7.5490617752075195,-1.8981587886810303
25,3749,-8.270743370056152,-2.307936668395996
25,3750,-8.052215576171875,3.2597877979278564
25,3751,-8.676814079284668,-1.7993593215942383
25,3752,-8.640718460083008,-0.48801079392433167
25,3753,-9.283985137939453,-4.354863166809082
25,3754,-7.205070972442627,-0.20547164976596832
25,3755,-8.598156929016113,-5.885514259338379
25,3756,-8.89195442199707,0.9194502234458923
25,3757,-8.161559104919434,-3.2073583602905273
25,3758,-8.409215927124023,-2.818676233291626
25,3759,-8.711328506469727,-3.838651418685913
25,3760,-8.430407524108887,-0.4603728950023651
25,3761,-9.15670394897461,-3.020138740539551
25,3762,-7.992783069610596,-5.207170486450195
25,3763,-8.692534446716309,-1.0661054849624634
25,3764,-9.19531536102295,0.8102433681488037
25,3765,-7.417367458343506,-3.0965614318847656
25,3766,-8.122132301330566,-2.381322145462036
25,3767,-8.707307815551758,0.022791773080825806
25,3768,-8.823593139648438,-0.9421415328979492
25,3769,-8.360932350158691,-1.389735221862793
25,3770,-7.618860244750977,-2.698239326477051
25,3771,-8.601555824279785,0.5716027617454529
25,3772,-8.25477123260498,-2.059166431427002
25,3773,-7.695397853851318,2.347038984298706
25,3774,-11.402995109558105,-9.167163848876953
25,3775,-8.001029968261719,0.6091269850730896
25,3776,-7.7201337814331055,-1.1259427070617676
25,3777,-8.528566360473633,-3.1236770153045654
25,3778,-8.456074714660645,1.4484317302703857
25,3779,-8.795409202575684,-2.7751073837280273
25,3780,-9.447183609008789,-3.352602481842041
25,3781,-9.071545600891113,2.3401312828063965
25,3782,-8.121129989624023,-6.250663757324219
25,3783,-7.412382125854492,0.14706003665924072
25,3784,-8.279159545898438,-4.551902770996094
25,3785,-8.423274040222168,0.8606140613555908
25,3786,-8.867776870727539,1.6471290588378906
25,3787,-8.376994132995605,-3.6839256286621094
25,3788,-8.13308048248291,-1.2372487783432007
25,3789,-7.571190357208252,-4.1300859451293945
25,3790,-7.749937534332275,-3.5320920944213867
25,3791,-8.991138458251953,0.09060075879096985
25,3792,-7.565154075622559,0.7808260917663574
25,3793,-8.753127098083496,-2.05226469039917
25,3794,-8.275733947753906,-4.905524730682373
25,3795,-8.918745040893555,-1.561081886291504
25,3796,-8.896790504455566,-1.2578448057174683
25,3797,-7.361567497253418,-4.413810729980469
25,3798,-8.453509330749512,-6.721951484680176
25,3799,-8.254538536071777,1.0926398038864136
25,3800,-9.277706146240234,-3.329418420791626
25,3801,-7.16285514831543,-1.3166149854660034
25,3802,-7.300935745239258,0.03910893201828003
25,3803,-8.395139694213867,-3.225665330886841
25,3804,-7.913341999053955,-0.3541966676712036
25,3805,-10.033349990844727,-3.1774983406066895
25,3806,-9.752532005310059,4.85245943069458
25,3807,-7.587762832641602,-1.071174144744873
25,3808,-8.872845649719238,-4.410640716552734
25,3809,-8.570784568786621,5.216188430786133
25,3810,-7.679248332977295,-1.8567274808883667
25,3811,-8.0220947265625,-2.0403008460998535
25,3812,-8.136281967163086,-3.911787986755371
25,3813,-6.963337421417236,-3.7583367824554443
25,3814,-7.203680038452148,-4.8889970779418945
25,3815,-9.263187408447266,-1.3361196517944336
25,3816,-8.704407691955566,-2.363044023513794
25,3817,-8.091729164123535,-2.245328903198242
25,3818,-7.780936241149902,-2.0726265907287598
25,3819,-8.422281265258789,-2.849088191986084
25,3820,-8.546914100646973,-0.039511069655418396
25,3821,-8.881223678588867,-2.3248884677886963
25,3822,-8.308518409729004,-0.43165385723114014
25,3823,-9.208864212036133,0.5336594581604004
25,3824,-7.646285057067871,-5.620274543762207
25,3825,-9.152523040771484,-4.181824684143066
25,3826,-7.075465202331543,3.468090772628784
25,3827,-8.130439758300781,-3.287900686264038
25,3828,-8.522092819213867,-1.777900218963623
25,3829,-7.998542785644531,-4.069814682006836
25,3830,-9.133840560913086,-1.9752291440963745
25,3831,-7.927492141723633,-2.873807668685913
25,3832,-9.56656265258789,1.5751234292984009
25,3833,-6.795034408569336,-4.180579662322998
25,3834,-8.792068481445312,-3.4218626022338867
25,3835,-7.151638507843018,2.8764872550964355
25,3836,-9.303321838378906,-3.5220401287078857
25,3837,-9.372949600219727,-0.22235935926437378
25,3838,-7.45672607421875,1.4542298316955566
25,3839,-7.622060775756836,1.573755145072937
25,3840,-8.806722640991211,-3.4267091751098633
25,3841,-8.896592140197754,-3.5368895530700684
25,3842,-8.56761646270752,1.6246073246002197
25,3843,-8.460151672363281,-4.465975761413574
25,3844,-7.898898124694824,2.648055076599121
25,3845,-8.67674732208252,0.7818784713745117
25,3846,-8.32809829711914,-2.1336188316345215
25,3847,-8.980546951293945,0.3705093264579773
25,3848,-7.113419055938721,-5.592132568359375
25,3849,-9.935059547424316,-1.4382548332214355
25,3850,-8.628576278686523,-0.7443540692329407
25,3851,-8.074234008789062,-1.4878458976745605
25,3852,-7.933379650115967,-3.04813814163208
25,3853,-8.139562606811523,-1.9239360094070435
25,3854,-7.457815647125244,0.29333990812301636
25,3855,-9.208728790283203,-1.6230416297912598
25,3856,-7.885280609130859,-1.7971234321594238
25,3857,-7.508029937744141,-1.7711962461471558
25,3858,-9.32164192199707,-7.842757225036621
25,3859,-8.311554908752441,-0.21483194828033447
25,3860,-8.191055297851562,2.7236135005950928
25,3861,-8.072564125061035,-2.416133165359497
25,3862,-9.67883586883545,-3.6908771991729736
25,3863,-8.144683837890625,-0.258213609457016
25,3864,-6.488344192504883,-2.2016825675964355
25,3865,-9.267851829528809,-1.8050352334976196
25,3866,-7.2737860679626465,-2.3521034717559814
25,3867,-7.691412925720215,-4.14683723449707
25,3868,-7.436853885650635,-0.6538482904434204
25,3869,-9.020147323608398,3.249532699584961
25,3870,-7.9097795486450195,-2.2220699787139893
25,3871,-8.747844696044922,-0.6172791123390198
25,3872,-7.004960060119629,-0.29578763246536255
25,3873,-7.51047420501709,-0.7231099605560303
25,3874,-7.5342817306518555,-0.5949288606643677
25,3875,-8.617069244384766,-0.9392973184585571
25,3876,-9.830228805541992,-1.7046105861663818
25,3877,-7.076947212219238,4.822638034820557
25,3878,-10.725471496582031,-1.469523549079895
25,3879,-7.099629878997803,-1.7145304679870605
25,3880,-7.103113174438477,1.8088455200195312
25,3881,-8.047234535217285,-0.8409096002578735
25,3882,-8.053781509399414,-1.8535182476043701
25,3883,-7.416670799255371,3.1602365970611572
25,3884,-7.927400588989258,-2.462040901184082
25,3885,-8.171527862548828,-2.0197360515594482
25,3886,-8.25322151184082,5.650332450866699
25,3887,-6.720780372619629,-1.727176547050476
25,3888,-7.642549514770508,-0.8088264465332031
25,3889,-8.000274658203125,3.6618571281433105
25,3890,-7.2015299797058105,0.8170390129089355
25,3891,-6.429995059967041,0.9358566403388977
25,3892,-8.341323852539062,-2.0724706649780273
25,3893,-9.025262832641602,3.941256523132324
25,3894,-9.135407447814941,-1.3417456150054932
25,3895,-6.66769552230835,2.7370927333831787
25,3896,-8.458202362060547,-1.5248267650604248
25,3897,-8.127134323120117,-0.6694284677505493
25,3898,-8.758867263793945,3.137266159057617
25,3899,-7.324315547943115,-3.2664103507995605
25,3900,-8.68709659576416,-0.6452863812446594
26,3901,-8.447911262512207,0.29901373386383057
26,3902,-7.86477518081665,-4.436288833618164
26,3903,-8.483942985534668,-1.115334153175354
26,3904,-7.934877395629883,1.2816321849822998
26,3905,-7.729564666748047,-2.6013388633728027
26,3906,-9.674118041992188,5.750842571258545
26,3907,-8.130186080932617,-3.8676834106445312
26,3908,-7.269986152648926,-0.616565465927124
26,3909,-7.116457939147949,-1.3487653732299805
26,3910,-8.351553916931152,2.9426798820495605
26,3911,-8.965641021728516,-3.8624110221862793
26,3912,-7.2215576171875,3.4359121322631836
26,3913,-8.864689826965332,-4.929070949554443
26,3914,-7.057202339172363,0.7387511134147644
26,3915,-8.086676597595215,0.5108674168586731
26,3916,-8.675408363342285,-1.5368330478668213
26,3917,-7.8436689376831055,-1.3240221738815308
26,3918,-8.300198554992676,-1.1676470041275024
26,3919,-7.555281162261963,-1.9964256286621094
26,3920,-10.0598726272583,4.259743690490723
26,3921,-7.504668235778809,-2.5149292945861816
26,3922,-7.996555328369141,-1.5270485877990723
26,3923,-8.861448287963867,1.36232590675354
26,3924,-7.280834674835205,0.11928480863571167
26,3925,-8.888826370239258,1.4714332818984985
26,3926,-7.844781875610352,-0.3225107192993164
26,3927,-8.507763862609863,3.503148078918457
26,3928,-8.168663024902344,5.754487991333008
26,3929,-8.403937339782715,-3.949197769165039
26,3930,-8.190652847290039,-2.9003429412841797
26,3931,-7.859474182128906,1.8514188528060913
26,3932,-7.946742057800293,0.7047683000564575
26,3933,-9.049797058105469,-5.810377597808838
26,3934,-8.210155487060547,1.0270917415618896
26,3935,-8.323928833007812,-1.8176910877227783
26,3936,-8.326212882995605,-3.8007709980010986
26,3937,-8.44540786743164,-2.2954418659210205
26,3938,-7.5362443923950195,0.9601823687553406
26,3939,-8.338055610656738,-4.248397350311279
26,3940,-8.026124954223633,-1.8595211505889893
26,3941,-7.988075256347656,1.5692113637924194
26,3942,-8.297958374023438,-5.812473773956299
26,3943,-7.659761428833008,-0.6257560849189758
26,3944,-8.741583824157715,-2.7060964107513428
26,3945,-8.083854675292969,3.5234365463256836
26,3946,-7.705399990081787,-2.97365665435791
26,3947,-8.69483757019043,3.078854560852051
26,3948,-7.325897693634033,-2.6859495639801025
26,3949,-7.085540294647217,-1.0520129203796387
26,3950,-7.8304524421691895,-1.3823472261428833
26,3951,-7.865114212036133,-1.1045500040054321
26,3952,-8.280155181884766,-4.002059459686279
26,3953,-8.285699844360352,0.5291957259178162
26,3954,-8.442193984985352,-5.2360382080078125
26,3955,-9.423416137695312,-0.7662087082862854
26,3956,-7.969367027282715,-2.9020891189575195
26,3957,-9.217927932739258,-5.850837707519531
26,3958,-8.130058288574219,-1.5768444538116455
26,3959,-8.327471733093262,3.2659475803375244
26,3960,-9.255919456481934,-9.799753189086914
26,3961,-7.595596790313721,-4.332743167877197
26,3962,-6.967577934265137,-0.5402324795722961
26,3963,-6.973241806030273,-4.567570686340332
26,3964,-8.315957069396973,-3.0561959743499756
26,3965,-7.316220283508301,2.1625099182128906
26,3966,-8.14002513885498,-3.965210199356079
26,3967,-6.750466346740723,-1.4010341167449951
26,3968,-8.241334915161133,-2.2245233058929443
26,3969,-8.477466583251953,-0.8564482927322388
26,3970,-8.638863563537598,0.1588759571313858
26,3971,-9.233623504638672,-5.125279426574707
26,3972,-6.501317024230957,-2.184281587600708
26,3973,-8.441900253295898,-2.7034716606140137
26,3974,-8.143714904785156,-0.10394078493118286
26,3975,-8.005563735961914,-8.916881561279297
26,3976,-9.547500610351562,3.3586835861206055
26,3977,-8.170517921447754,0.021229326725006104
26,3978,-8.826549530029297,-2.943502426147461
26,3979,-8.041501998901367,-0.41274237632751465
26,3980,-8.373578071594238,-1.9866317510604858
26,3981,-8.425204277038574,-0.36704951524734497
26,3982,-8.84855842590332,-4.386847496032715
26,3983,-7.656949043273926,-1.241896629333496
26,3984,-9.174023628234863,0.5859054327011108
26,3985,-8.904706954956055,5.160531044006348
26,3986,-7.325400352478027,2.134432792663574
26,3987,-9.984404563903809,-2.37888240814209
26,3988,-7.104701995849609,-0.672516942024231
26,3989,-9.267854690551758,-0.9255937337875366
26,3990,-8.055728912353516,-2.759153366088867
26,3991,-7.711506366729736,-2.7401866912841797
26,3992,-9.258566856384277,4.171562671661377
26,3993,-7.841330528259277,-1.9504075050354004
26,3994,-7.673916816711426,-3.3819103240966797
26,3995,-6.88925838470459,-0.44095897674560547
26,3996,-7.9636125564575195,-1.9515403509140015
26,3997,-8.167723655700684,1.0300772190093994
26,3998,-7.028425693511963,-4.482419013977051
26,3999,-8.018097877502441,1.8447010517120361
26,4000,-7.6029558181762695,2.311800003051758
26,4001,-8.656023025512695,1.2123059034347534
26,4002,-7.616364002227783,-1.4776510000228882
26,4003,-8.042496681213379,-2.9523494243621826
26,4004,-8.128807067871094,-1.1549450159072876
26,4005,-7.917609691619873,2.5273947715759277
26,4006,-9.344664573669434,-2.9795470237731934
26,4007,-8.342916488647461,1.0924118757247925
26,4008,-6.999166965484619,-2.0249757766723633
26,4009,-8.096242904663086,-1.9571832418441772
26,4010,-8.913989067077637,-2.61421537399292
26,4011,-8.41659164428711,-1.607567548751831
26,4012,-7.666525363922119,-0.36203980445861816
26,4013,-7.2523603439331055,-2.5349719524383545
26,4014,-7.485310077667236,-0.12427438795566559
26,4015,-7.823763847351074,0.13489551842212677
26,4016,-7.231637477874756,-4.386369705200195
26,4017,-7.913103103637695,0.5340175032615662
26,4018,-8.864864349365234,1.7318134307861328
26,4019,-9.237672805786133,-3.158454179763794
26,4020,-7.1534881591796875,-0.08736729621887207
26,4021,-8.935586929321289,-4.758454322814941
26,4022,-8.710033416748047,-1.7981438636779785
26,4023,-8.040726661682129,1.4595606327056885
26,4024,-8.426069259643555,0.7137269973754883
26,4025,-10.693214416503906,-0.3501560688018799
26,4026,-8.014778137207031,-6.231915473937988
26,4027,-10.708220481872559,2.901986598968506
26,4028,-5.68640661239624,-5.577489852905273
26,4029,-8.873682022094727,-2.929065465927124
26,4030,-7.573227882385254,-5.13959264755249
26,4031,-8.30135440826416,2.9373745918273926
26,4032,-7.867330551147461,-2.632753372192383
26,4033,-7.042803764343262,0.3176782429218292
26,4034,-7.810033798217773,0.08246836066246033
26,4035,-9.433152198791504,-1.8739134073257446
26,4036,-7.181536674499512,-2.488771677017212
26,4037,-8.672449111938477,-2.518022060394287
26,4038,-8.968469619750977,-2.021947145462036
26,4039,-9.889867782592773,-0.3860540986061096
26,4040,-6.9224467277526855,-2.94887638092041
26,4041,-7.872312545776367,-2.1112375259399414
26,4042,-8.403507232666016,-5.630171775817871
26,4043,-8.429502487182617,0.7931784391403198
26,4044,-7.951342582702637,4.436149597167969
26,4045,-7.605715751647949,-2.9665722846984863
26,4046,-9.93623161315918,-5.894770622253418
26,4047,-7.901697158813477,-1.4940143823623657
26,4048,-8.242318153381348,-5.367948532104492
26,4049,-9.31287956237793,2.1311845779418945
26,4050,-7.134659290313721,-1.1109139919281006
26,4051,-8.506442070007324,-6.757944107055664
26,4052,-7.380949974060059,1.2923747301101685
26,4053,-8.468849182128906,-1.6396855115890503
26,4054,-7.573636054992676,-5.866353988647461
26,4055,-7.722426414489746,-2.349330186843872
26,4056,-7.4135894775390625,-1.0149375200271606
27,4057,-7.094120025634766,-1.9256353378295898
27,4058,-8.5198335647583,-2.0416579246520996
27,4059,-7.973158836364746,-5.189671039581299
27,4060,-9.319546699523926,1.8845629692077637
27,4061,-9.225744247436523,-2.550565719604492
27,4062,-7.60096549987793,1.6489200592041016
27,4063,-8.99744987487793,-2.568852424621582
27,4064,-7.482977867126465,-3.6881682872772217
27,4065,-8.315486907958984,-0.4231073558330536
27,4066,-8.176811218261719,-1.396740436553955
27,4067,-9.482561111450195,-3.874864339828491
27,4068,-8.046683311462402,3.6457290649414062
27,4069,-8.012768745422363,-2.1381349563598633
27,4070,-8.175745964050293,-0.42158907651901245
27,4071,-7.612344741821289,-0.24959039688110352
27,4072,-7.897552490234375,-1.1400792598724365
27,4073,-8.54656982421875,-5.210077285766602
27,4074,-7.527198791503906,-3.6789398193359375
27,4075,-8.891590118408203,1.5775880813598633
27,4076,-8.78079891204834,-8.558589935302734
27,4077,-6.8026628494262695,-2.6417667865753174
27,4078,-7.693066596984863,-1.4315004348754883
27,4079,-8.402085304260254,-2.8325586318969727
27,4080,-6.914972305297852,-2.6880455017089844
27,4081,-8.19293212890625,-0.7439029216766357
27,4082,-9.937073707580566,-4.845686912536621
27,4083,-7.251355171203613,4.688896656036377
27,4084,-10.055912971496582,-1.5551913976669312
27,4085,-7.301464557647705,-1.9838168621063232
27,4086,-8.116476058959961,2.6390109062194824
27,4087,-8.35554313659668,-3.2652528285980225
27,4088,-7.683223724365234,0.39494940638542175
27,4089,-7.574940204620361,-3.0961036682128906
27,4090,-8.762258529663086,-0.23618611693382263
27,4091,-8.749792098999023,-3.7233712673187256
27,4092,-7.908008575439453,2.2216947078704834
27,4093,-7.896639347076416,-0.9569046497344971
27,4094,-8.07528305053711,-3.0296146869659424
27,4095,-7.938692092895508,-0.9806879162788391
27,4096,-6.936565399169922,-1.4426957368850708
27,4097,-9.071441650390625,-4.393939018249512
27,4098,-7.944515228271484,-1.8438581228256226
27,4099,-7.5648417472839355,1.0830163955688477
27,4100,-9.062192916870117,-3.8219521045684814
27,4101,-8.069082260131836,4.143014430999756
27,4102,-8.947737693786621,-6.497773170471191
27,4103,-7.331086158752441,0.39458298683166504
27,4104,-7.4745588302612305,-0.7542476654052734
27,4105,-8.767525672912598,-0.3063553273677826
27,4106,-7.7512102127075195,-3.8974976539611816
27,4107,-8.703741073608398,-1.348846197128296
27,4108,-6.946209907531738,-0.2259867638349533
27,4109,-7.25028133392334,-0.535290002822876
27,4110,-7.8693461418151855,0.41498488187789917
27,4111,-7.4339823722839355,3.0974903106689453
27,4112,-7.777435302734375,-0.19845789670944214
27,4113,-7.107075214385986,-2.884418487548828
27,4114,-7.162856578826904,-1.421471357345581
27,4115,-7.920751094818115,-3.1796212196350098
27,4116,-8.741463661193848,-1.202078938484192
27,4117,-8.740795135498047,-1.8315091133117676
27,4118,-7.644886016845703,-1.7593433856964111
27,4119,-9.1839599609375,-1.5378706455230713
27,4120,-8.432291030883789,0.06854137778282166
27,4121,-8.143819808959961,2.8574330806732178
27,4122,-7.415981292724609,-0.3036002218723297
27,4123,-8.205465316772461,-0.09490136057138443
27,4124,-8.413905143737793,-1.1636691093444824
27,4125,-7.982856750488281,1.9005483388900757
27,4126,-7.085849761962891,0.14749032258987427
27,4127,-8.210697174072266,-3.2198333740234375
27,4128,-9.259446144104004,5.044631004333496
27,4129,-9.245020866394043,-9.381063461303711
27,4130,-6.397810935974121,-1.6505446434020996
27,4131,-7.975203990936279,4.791708469390869
27,4132,-8.675768852233887,2.8596668243408203
27,4133,-8.448731422424316,-5.871727466583252
27,4134,-7.861320495605469,-1.4415431022644043
27,4135,-8.169428825378418,-3.788989543914795
27,4136,-8.078811645507812,1.0847008228302002
27,4137,-7.509568691253662,-3.6533398628234863
27,4138,-8.706857681274414,-3.948986291885376
27,4139,-6.823060035705566,2.0224690437316895
27,4140,-7.010734558105469,-3.7885093688964844
27,4141,-7.67356014251709,-2.5181784629821777
27,4142,-8.691251754760742,1.3793139457702637
27,4143,-8.835623741149902,-0.777613639831543
27,4144,-7.357346057891846,-3.383867025375366
27,4145,-6.706142425537109,-3.0030593872070312
27,4146,-9.000152587890625,0.4688691198825836
27,4147,-8.806135177612305,1.8761399984359741
27,4148,-8.328899383544922,-1.7056496143341064
27,4149,-8.205411911010742,0.37706685066223145
27,4150,-8.631288528442383,-5.3122100830078125
27,4151,-6.907986640930176,-1.9733723402023315
27,4152,-7.0804643630981445,-2.2461719512939453
27,4153,-7.604312419891357,-1.655714511871338
27,4154,-7.823968887329102,-1.3230470418930054
27,4155,-8.51439094543457,-0.5152258276939392
27,4156,-6.815221309661865,-0.13308724761009216
27,4157,-8.305160522460938,-0.7256948947906494
27,4158,-8.848970413208008,-4.679585933685303
27,4159,-8.122603416442871,3.4240286350250244
27,4160,-7.694608211517334,-2.6343047618865967
27,4161,-8.958237648010254,-0.23859533667564392
27,4162,-6.343591213226318,-1.1135601997375488
27,4163,-6.645933628082275,0.04025186598300934
27,4164,-7.537128448486328,-1.3016976118087769
27,4165,-9.492637634277344,1.1831276416778564
27,4166,-9.696239471435547,-3.3398220539093018
27,4167,-7.5514116287231445,0.6650639772415161
27,4168,-8.823616981506348,-4.309612274169922
27,4169,-6.742337703704834,-1.7863411903381348
27,4170,-7.031471252441406,-2.660670280456543
27,4171,-7.611630439758301,3.7034878730773926
27,4172,-8.057282447814941,-1.892265796661377
27,4173,-9.408586502075195,-2.2275619506835938
27,4174,-6.789397239685059,-5.500191688537598
27,4175,-9.104887008666992,-0.23388856649398804
27,4176,-6.928147315979004,-0.8697998523712158
27,4177,-7.920808792114258,-1.777860403060913
27,4178,-8.063272476196289,2.199612855911255
27,4179,-7.652711391448975,-4.978923320770264
27,4180,-8.273277282714844,-0.7587751150131226
27,4181,-7.583362579345703,-0.8882066011428833
27,4182,-7.376013278961182,-1.9272973537445068
27,4183,-7.693324089050293,-0.13523586094379425
27,4184,-6.794719696044922,-2.1999242305755615
27,4185,-6.682050704956055,-0.4364061653614044
27,4186,-8.446039199829102,-3.4173519611358643
27,4187,-9.330066680908203,-6.4339919090271
27,4188,-8.046453475952148,0.5134710669517517
27,4189,-10.071544647216797,4.059404373168945
27,4190,-7.327845573425293,0.7316350340843201
27,4191,-7.626737594604492,-5.391474723815918
27,4192,-8.36737060546875,0.3618137538433075
27,4193,-7.745460033416748,-3.4566774368286133
27,4194,-7.665963172912598,-2.259565591812134
27,4195,-8.554484367370605,-2.8235788345336914
27,4196,-7.889585018157959,-0.4330972731113434
27,4197,-7.372577667236328,-4.562082767486572
27,4198,-8.256002426147461,3.561593532562256
27,4199,-7.124057769775391,-3.452281951904297
27,4200,-8.747517585754395,-1.8739211559295654
27,4201,-9.230897903442383,-0.975266695022583
27,4202,-7.742574214935303,3.4401464462280273
27,4203,-7.523906707763672,0.8721534013748169
27,4204,-7.187565803527832,0.6689006686210632
27,4205,-7.798341751098633,-2.1007418632507324
27,4206,-8.400097846984863,-2.9823546409606934
27,4207,-7.634111404418945,-2.615128993988037
27,4208,-7.328456401824951,1.5547654628753662
27,4209,-7.267693042755127,-2.9345197677612305
27,4210,-7.5845794677734375,-1.2878928184509277
27,4211,-6.8289971351623535,2.500108480453491
27,4212,-8.43887710571289,-2.7984619140625
28,4213,-8.046125411987305,-1.6888666152954102
28,4214,-8.625665664672852,-2.4246816635131836
28,4215,-7.562015533447266,-4.369749069213867
28,4216,-8.365568161010742,0.7750616073608398
28,4217,-8.341940879821777,5.118714332580566
28,4218,-8.57176685333252,-2.98651123046875
28,4219,-7.66878604888916,0.15189187228679657
28,4220,-8.15040397644043,0.6006796360015869
28,4221,-7.514301300048828,-4.772134780883789
28,4222,-7.948121547698975,-4.5037384033203125
28,4223,-10.060979843139648,4.761434555053711
28,4224,-7.183460712432861,-5.720848083496094
28,4225,-7.586493015289307,-1.525627851486206
28,4226,-8.011474609375,-3.88370680809021
28,4227,-7.573951721191406,-5.480321884155273
28,4228,-9.116262435913086,4.159737586975098
28,4229,-8.50905990600586,-5.86237907409668
28,4230,-6.836938381195068,-1.6210048198699951
28,4231,-8.08810043334961,-0.7184950709342957
28,4232,-7.2421793937683105,-4.596302032470703
28,4233,-7.494497776031494,-1.7905234098434448
28,4234,-8.810847282409668,0.759084939956665
28,4235,-8.525367736816406,-1.7863385677337646
28,4236,-7.181596755981445,-3.6340465545654297
28,4237,-8.191816329956055,-1.070652961730957
28,4238,-8.283329963684082,-4.298766136169434
28,4239,-7.715846538543701,-3.3346176147460938
28,4240,-8.90938949584961,-1.5765140056610107
28,4241,-7.441411972045898,-4.837604522705078
28,4242,-7.60733699798584,-2.03383469581604
28,4243,-7.494224548339844,0.253700852394104
28,4244,-7.305740833282471,-1.2709779739379883
28,4245,-7.147984504699707,-1.2589216232299805
28,4246,-8.693522453308105,0.0999891459941864
28,4247,-6.623092174530029,-0.9611034393310547
28,4248,-8.697954177856445,-3.5265400409698486
28,4249,-7.9417877197265625,-1.1892950534820557
28,4250,-7.773081302642822,-0.7853173017501831
28,4251,-7.701356887817383,-1.801127552986145
28,4252,-8.602178573608398,1.0305709838867188
28,4253,-7.008706092834473,-3.324460506439209
28,4254,-8.556953430175781,-2.9560768604278564
28,4255,-8.24560546875,-8.937625885009766
28,4256,-8.073689460754395,0.16111813485622406
28,4257,-7.668972492218018,-3.9849467277526855
28,4258,-8.578529357910156,0.5989719033241272
28,4259,-7.152645111083984,-1.7015421390533447
28,4260,-7.820303916931152,-1.883014440536499
28,4261,-7.134435653686523,1.1988881826400757
28,4262,-7.59261417388916,-0.8065519332885742
28,4263,-7.8189921379089355,0.2963099777698517
28,4264,-7.470287322998047,2.905801296234131
28,4265,-10.43354320526123,-0.5948395133018494
28,4266,-7.116809368133545,2.379798412322998
28,4267,-7.622575759887695,-1.3803532123565674
28,4268,-7.888204574584961,-0.9453258514404297
28,4269,-7.997608184814453,-0.7634887099266052
28,4270,-7.059508800506592,2.0082945823669434
28,4271,-8.877326965332031,0.09449848532676697
28,4272,-6.934689998626709,-0.8557076454162598
28,4273,-8.906730651855469,-7.352390289306641
28,4274,-9.540529251098633,3.1956520080566406
28,4275,-8.238982200622559,-2.3206565380096436
28,4276,-8.985279083251953,1.4409537315368652
28,4277,-7.803986549377441,-3.4726786613464355
28,4278,-8.286731719970703,-3.7223973274230957
28,4279,-7.31749153137207,-2.271522283554077
28,4280,-7.690272331237793,-0.3037361204624176
28,4281,-7.41377067565918,-0.8943377733230591
28,4282,-8.034927368164062,-2.461009979248047
28,4283,-6.952693939208984,2.230416774749756
28,4284,-7.586431503295898,-4.61073637008667
28,4285,-7.158058166503906,-1.523478388786316
28,4286,-8.497151374816895,0.3485703468322754
28,4287,-7.257221698760986,-1.9696505069732666
28,4288,-7.388635158538818,-3.484898090362549
28,4289,-7.746725082397461,-1.0655866861343384
28,4290,-7.743713855743408,-8.032218933105469
28,4291,-7.781508445739746,0.8607576489448547
28,4292,-7.592652797698975,-0.4296436607837677
28,4293,-7.567752838134766,-1.8719662427902222
28,4294,-6.923396587371826,-3.3000807762145996
28,4295,-7.85552978515625,2.579836368560791
28,4296,-6.824497699737549,-2.358477830886841
28,4297,-7.293961524963379,-1.7814784049987793
28,4298,-8.585391998291016,1.7019003629684448
28,4299,-8.018072128295898,-3.556893825531006
28,4300,-7.330403804779053,-1.9924404621124268
28,4301,-7.8640828132629395,2.2905242443084717
28,4302,-8.583827018737793,-3.555349349975586
28,4303,-8.263656616210938,2.513028144836426
28,4304,-7.192688941955566,-4.265176773071289
28,4305,-7.317147731781006,-1.476778507232666
28,4306,-8.18246078491211,-1.9829672574996948
28,4307,-8.990614891052246,-0.23570892214775085
28,4308,-7.438815116882324,0.7783089876174927
28,4309,-8.251792907714844,-4.0096282958984375
28,4310,-7.645134925842285,0.6356439590454102
28,4311,-6.931502342224121,-4.564908504486084
28,4312,-8.172811508178711,2.9533705711364746
28,4313,-9.714217185974121,-5.247807502746582
28,4314,-7.211145401000977,2.753814220428467
28,4315,-8.568714141845703,5.532271862030029
28,4316,-9.418891906738281,-0.8728240728378296
28,4317,-7.265082836151123,-3.2124710083007812
28,4318,-7.673637390136719,0.5018867254257202
28,4319,-7.674705505371094,-2.3983283042907715
28,4320,-7.848348617553711,-6.0457763671875
28,4321,-6.788707733154297,-4.072106838226318
28,4322,-6.732757568359375,-0.5746911764144897
28,4323,-8.420064926147461,-3.2069129943847656
28,4324,-7.512750625610352,0.9928488731384277
28,4325,-7.393241882324219,-2.550326347351074
28,4326,-6.811812400817871,-3.511011838912964
28,4327,-7.427156925201416,-3.5904829502105713
28,4328,-8.844335556030273,3.1656699180603027
28,4329,-7.597413063049316,-3.157609701156616
28,4330,-8.235858917236328,-7.551642417907715
28,4331,-8.06620979309082,-2.075904369354248
28,4332,-8.751713752746582,2.1323113441467285
28,4333,-7.572022914886475,-3.672755002975464
28,4334,-7.077586650848389,0.18697452545166016
28,4335,-7.205954551696777,1.831146478652954
28,4336,-8.250883102416992,-5.442073345184326
28,4337,-7.0419206619262695,-0.44098132848739624
28,4338,-7.635669231414795,1.2327433824539185
28,4339,-8.189950942993164,-2.066199779510498
28,4340,-8.209574699401855,-4.043373107910156
28,4341,-7.584264755249023,-1.2335684299468994
28,4342,-7.8633131980896,-2.5914957523345947
28,4343,-8.15162467956543,-0.3252437710762024
28,4344,-8.296247482299805,-5.03880500793457
28,4345,-9.004426002502441,-1.0199756622314453
28,4346,-6.517178535461426,-3.332519054412842
28,4347,-7.410195350646973,-1.2433170080184937
28,4348,-9.450031280517578,1.061907172203064
28,4349,-6.729679584503174,-0.3701336979866028
28,4350,-6.850768089294434,-1.1648962497711182
28,4351,-8.264853477478027,-4.930728912353516
28,4352,-7.7309136390686035,-3.3668370246887207
28,4353,-9.845272064208984,2.9620513916015625
28,4354,-7.130853176116943,-4.226492881774902
28,4355,-7.138349533081055,-0.7151299715042114
28,4356,-7.9660186767578125,-2.6817591190338135
28,4357,-7.363169193267822,-1.008943796157837
28,4358,-8.057571411132812,-1.345206379890442
28,4359,-7.714883327484131,1.776808738708496
28,4360,-6.904519081115723,-2.2681894302368164
28,4361,-7.460954666137695,-2.1980478763580322
28,4362,-6.925288677215576,-1.1430261135101318
28,4363,-7.704097747802734,-2.589653491973877
28,4364,-7.980442047119141,1.4916698932647705
28,4365,-7.344463348388672,-6.592050075531006
28,4366,-7.366929531097412,-3.520768165588379
28,4367,-8.421517372131348,-3.0854332447052
28,4368,-8.723114967346191,-1.0720133781433105
29,4369,-8.284218788146973,-5.528658390045166
29,4370,-8.98711109161377,-1.420225977897644
29,4371,-7.527622222900391,-2.5468287467956543
29,4372,-10.413101196289062,-2.109952449798584
29,4373,-7.756363868713379,-4.0529584884643555
29,4374,-7.653377532958984,-4.170401573181152
29,4375,-7.826272964477539,-0.597400426864624
29,4376,-8.633424758911133,-5.977262020111084
29,4377,-7.6162285804748535,-2.069540500640869
29,4378,-7.143038749694824,-1.0641188621520996
29,4379,-8.348775863647461,-5.703266620635986
29,4380,-8.252628326416016,1.6942131519317627
29,4381,-8.935382843017578,-5.149317741394043
29,4382,-7.1908159255981445,-4.172412872314453
29,4383,-8.481119155883789,-0.7785446047782898
29,4384,-7.675010681152344,-3.4923758506774902
29,4385,-7.377346992492676,-4.571766376495361
29,4386,-8.421728134155273,1.600203514099121
29,4387,-7.762584209442139,-4.977858543395996
29,4388,-7.207113265991211,-1.5004236698150635
29,4389,-7.861011028289795,0.8804105520248413
29,4390,-8.861105918884277,0.9080369472503662
29,4391,-7.96762752532959,-0.7890885472297668
29,4392,-6.861295700073242,-2.8111515045166016
29,4393,-7.987259864807129,0.3444421887397766
29,4394,-8.592068672180176,-7.478184700012207
29,4395,-8.03384780883789,0.07553035020828247
29,4396,-7.126090049743652,-1.608850359916687
29,4397,-9.53360366821289,-4.612308025360107
29,4398,-7.671078205108643,-0.01358700543642044
29,4399,-9.848076820373535,4.7804059982299805
29,4400,-9.54114818572998,-2.596161365509033
29,4401,-8.23931884765625,-4.806225776672363
29,4402,-8.14164924621582,1.0390288829803467
29,4403,-7.213114261627197,-4.269173622131348
29,4404,-7.273292064666748,1.4621710777282715
29,4405,-8.441031455993652,-3.6839818954467773
29,4406,-8.000009536743164,-0.5561636090278625
29,4407,-7.899450302124023,-2.404813528060913
29,4408,-6.3656415939331055,-2.6706957817077637
29,4409,-7.824915885925293,-4.517271518707275
29,4410,-8.661309242248535,0.17476877570152283
29,4411,-7.672833442687988,0.6690983176231384
29,4412,-6.674345970153809,-4.477215766906738
29,4413,-7.540383815765381,0.3293519616127014
29,4414,-8.386714935302734,-5.507810592651367
29,4415,-8.729888916015625,-0.2904137969017029
29,4416,-8.469919204711914,0.3529564142227173
29,4417,-7.152318000793457,-2.830244541168213
29,4418,-7.877417087554932,-3.803089141845703
29,4419,-8.289074897766113,0.0923687219619751
29,4420,-6.791630744934082,-7.048234462738037
29,4421,-7.242569923400879,-6.3891119956970215
29,4422,-8.132659912109375,-1.4580870866775513
29,4423,-7.676975250244141,-2.6710193157196045
29,4424,-7.609889984130859,-3.16416072845459
29,4425,-7.727655410766602,-4.190454959869385
29,4426,-6.826291084289551,1.1875228881835938
29,4427,-7.371563911437988,-4.824225425720215
29,4428,-8.217945098876953,2.3053689002990723
29,4429,-7.416451454162598,-4.777050971984863
29,4430,-6.656445503234863,-3.327089309692383
29,4431,-8.347108840942383,-1.6666796207427979
29,4432,-7.363851547241211,0.7363516092300415
29,4433,-8.924507141113281,-3.987910032272339
29,4434,-7.007318019866943,-2.7368979454040527
29,4435,-8.596529006958008,4.0024261474609375
29,4436,-7.37526798248291,-2.393733024597168
29,4437,-7.920218467712402,-2.7102174758911133
29,4438,-7.760032653808594,0.8841031193733215
29,4439,-6.885107517242432,0.5911325216293335
29,4440,-8.817934036254883,0.34976834058761597
29,4441,-8.157608985900879,0.33864834904670715
29,4442,-6.757347106933594,0.20172186195850372
29,4443,-9.074359893798828,0.2994546890258789
29,4444,-7.396464824676514,0.9723090529441833
29,4445,-10.177314758300781,-5.380589008331299
29,4446,-7.879860877990723,-1.5893151760101318
29,4447,-6.890254020690918,-6.651209831237793
29,4448,-7.884863376617432,-1.9363508224487305
29,4449,-8.277397155761719,-2.1292953491210938
29,4450,-7.283770561218262,1.2239768505096436
29,4451,-7.638057231903076,-4.855022430419922
29,4452,-8.272270202636719,-0.10399141907691956
29,4453,-9.538199424743652,-2.3968005180358887
29,4454,-7.261898517608643,0.21464744210243225
29,4455,-7.575444221496582,-0.3174746632575989
29,4456,-7.6791486740112305,-3.968773365020752
29,4457,-7.247441291809082,-1.121250867843628
29,4458,-7.441813945770264,-2.8149642944335938
29,4459,-9.72169017791748,-6.282750606536865
29,4460,-8.298589706420898,3.0715174674987793
29,4461,-7.37446928024292,-1.7494914531707764
29,4462,-8.305997848510742,-3.9039430618286133
29,4463,-7.78753662109375,-1.2525053024291992
29,4464,-8.071739196777344,-2.8658385276794434
29,4465,-8.67828369140625,1.5477650165557861
29,4466,-8.703449249267578,2.8871078491210938
29,4467,-7.789968013763428,-2.6603195667266846
29,4468,-7.051501274108887,-2.4792466163635254
29,4469,-7.722375869750977,2.5640201568603516
29,4470,-7.249016761779785,-0.7377291917800903
29,4471,-7.294102668762207,-2.044121742248535
29,4472,-8.470575332641602,-5.194920063018799
29,4473,-8.145092010498047,-3.640474319458008
29,4474,-9.364473342895508,1.0752314329147339
29,4475,-7.957983493804932,-2.767024517059326
29,4476,-6.866051197052002,-2.27695631980896
29,4477,-7.3259382247924805,-2.3252673149108887
29,4478,-7.603242874145508,-1.0955302715301514
29,4479,-7.674234390258789,-1.558567762374878
29,4480,-8.654338836669922,-2.4372589588165283
29,4481,-7.930054664611816,-4.7754316329956055
29,4482,-8.640859603881836,2.020750045776367
29,4483,-7.016210556030273,-2.1186814308166504
29,4484,-7.802653789520264,-1.2708919048309326
29,4485,-6.69606351852417,-3.51863956451416
29,4486,-7.0394392013549805,-1.0256609916687012
29,4487,-8.661385536193848,-6.894011497497559
29,4488,-6.931906223297119,-2.223106861114502
29,4489,-6.798288345336914,-5.872676849365234
29,4490,-7.096120357513428,-1.5814428329467773
29,4491,-7.004142761230469,-4.045861721038818
29,4492,-8.576543807983398,-4.139626502990723
29,4493,-8.540191650390625,1.8284817934036255
29,4494,-7.773261547088623,-4.2543559074401855
29,4495,-7.550102233886719,0.8060824275016785
29,4496,-7.739577293395996,0.8961148262023926
29,4497,-7.20555305480957,-2.0672450065612793
29,4498,-8.498489379882812,-5.357894420623779
29,4499,-8.714237213134766,0.8627638220787048
29,4500,-7.457986354827881,-2.5162229537963867
29,4501,-7.713971138000488,-3.705336570739746
29,4502,-8.405117988586426,-0.757939338684082
29,4503,-7.191974639892578,-4.74495792388916
29,4504,-7.421378135681152,-0.3323858082294464
29,4505,-7.491268157958984,-4.8321661949157715
29,4506,-8.128881454467773,-5.387062072753906
29,4507,-8.498771667480469,-3.864582061767578
29,4508,-7.11777400970459,-3.64579439163208
29,4509,-7.592385292053223,-8.143611907958984
29,4510,-7.109727382659912,-4.000383377075195
29,4511,-7.003084659576416,-3.8681821823120117
29,4512,-6.954799652099609,-1.8034987449645996
29,4513,-7.530593395233154,0.0719795972108841
29,4514,-8.447006225585938,-0.785011887550354
29,4515,-7.450222015380859,-1.1311004161834717
29,4516,-8.006196975708008,-0.6413443684577942
29,4517,-8.489816665649414,-4.203952789306641
29,4518,-6.516951560974121,-2.7035748958587646
29,4519,-7.07528829574585,-1.1639518737792969
29,4520,-6.815106391906738,0.9355345964431763
29,4521,-8.19709587097168,-3.0279855728149414
29,4522,-7.937840938568115,-2.5465304851531982
29,4523,-8.119451522827148,2.6681103706359863
29,4524,-8.582395553588867,-3.763681650161743
30,4525,-6.28697395324707,-2.4761226177215576
30,4526,-7.621758937835693,0.9435020685195923
30,4527,-7.496242523193359,-2.322598934173584
30,4528,-7.039680004119873,-3.736481189727783
30,4529,-7.58083438873291,-2.7047476768493652
30,4530,-7.937777042388916,-6.182798862457275
30,4531,-6.7670440673828125,-1.1092300415039062
30,4532,-8.063203811645508,-1.7526929378509521
30,4533,-8.921292304992676,-2.7507050037384033
30,4534,-8.03870677947998,0.1232229620218277
30,4535,-8.741155624389648,-0.36001110076904297
30,4536,-7.167918682098389,-1.1771352291107178
30,4537,-9.221331596374512,-4.322864532470703
30,4538,-7.768530368804932,-1.4821538925170898
30,4539,-7.33888053894043,0.8688880205154419
30,4540,-8.332719802856445,-1.5157279968261719
30,4541,-8.29455280303955,-7.5945725440979
30,4542,-6.551638603210449,1.6024761199951172
30,4543,-9.892324447631836,-2.637514591217041
30,4544,-7.052718162536621,1.0315980911254883
30,4545,-7.873163223266602,0.4109747111797333
30,4546,-7.456364154815674,-3.5009987354278564
30,4547,-7.52699089050293,-3.385878324508667
30,4548,-7.093044281005859,-4.170332908630371
30,4549,-8.855230331420898,3.5516438484191895
30,4550,-7.26813268661499,-3.225818395614624
30,4551,-8.720361709594727,-3.206630229949951
30,4552,-9.2647705078125,-2.4866459369659424
30,4553,-7.143975257873535,-0.5956830382347107
30,4554,-7.543630599975586,-2.622753143310547
30,4555,-8.237129211425781,-3.103724479675293
30,4556,-8.023030281066895,1.2545557022094727
30,4557,-7.441919326782227,-6.601622104644775
30,4558,-7.803338527679443,-1.3976221084594727
30,4559,-7.761358737945557,2.4525256156921387
30,4560,-8.924667358398438,-2.549844741821289
30,4561,-7.727654457092285,-2.4048447608947754
30,4562,-7.907996654510498,-0.7831077575683594
30,4563,-8.163164138793945,0.43336620926856995
30,4564,-7.907703876495361,-4.200397968292236
30,4565,-8.60919189453125,3.4909801483154297
30,4566,-8.925505638122559,-2.826723575592041
30,4567,-7.076582908630371,-1.2247487306594849
30,4568,-7.563815116882324,0.9676000475883484
30,4569,-7.527583599090576,-1.3962032794952393
30,4570,-6.6407976150512695,0.6387576460838318
30,4571,-7.405649662017822,0.06724312156438828
30,4572,-8.118855476379395,-4.3708319664001465
30,4573,-7.73847770690918,2.5259642601013184
30,4574,-8.277824401855469,0.28277939558029175
30,4575,-6.602389335632324,-1.1897778511047363
30,4576,-7.309327125549316,-4.540454864501953
30,4577,-7.187122821807861,1.3056832551956177
30,4578,-7.118981838226318,0.8359826803207397
30,4579,-9.204793930053711,0.5081267356872559
30,4580,-8.112767219543457,1.6402029991149902
30,4581,-8.198348999023438,-1.9048177003860474
30,4582,-7.742685317993164,2.7867300510406494
30,4583,-7.346282958984375,0.635878324508667
30,4584,-8.36739730834961,-4.971264839172363
30,4585,-7.345632553100586,-6.457172393798828
30,4586,-7.4555840492248535,-3.239619731903076
30,4587,-6.794870376586914,-0.22216670215129852
30,4588,-9.146820068359375,-2.2808332443237305
30,4589,-6.923521518707275,-2.8714842796325684
30,4590,-8.6031494140625,-5.216961860656738
30,4591,-9.085686683654785,2.775534152984619
30,4592,-7.639787673950195,-8.702595710754395
30,4593,-6.842726707458496,-3.983025550842285
30,4594,-7.33026123046875,-3.584519386291504
30,4595,-6.16890811920166,-2.853428840637207
30,4596,-8.588203430175781,0.5428152084350586
30,4597,-7.608828067779541,1.2311856746673584
30,4598,-6.20209264755249,-1.4754366874694824
30,4599,-7.311096668243408,1.121619701385498
30,4600,-8.663769721984863,-5.1787519454956055
30,4601,-6.902987003326416,-2.6839518547058105
30,4602,-8.034913063049316,0.11485519260168076
30,4603,-6.909485340118408,2.066554069519043
30,4604,-7.934643268585205,-3.2313060760498047
30,4605,-7.912714004516602,-1.5108401775360107
30,4606,-7.182411193847656,-3.458153009414673
30,4607,-6.937078952789307,-0.3759220242500305
30,4608,-7.49280309677124,-6.2533063888549805
30,4609,-8.395176887512207,1.5526378154754639
30,4610,-7.823060989379883,-3.454922676086426
30,4611,-7.387707710266113,1.412604808807373
30,4612,-8.909856796264648,4.473932266235352
30,4613,-6.35091495513916,-0.5851171016693115
30,4614,-8.10328483581543,-7.495798110961914
30,4615,-7.82741117477417,-4.765659332275391
30,4616,-7.7581682205200195,-2.5639266967773438
30,4617,-7.595949649810791,-2.0002124309539795
30,4618,-7.240608215332031,-3.7438108921051025
30,4619,-7.472078323364258,1.2697043418884277
30,4620,-9.699349403381348,-2.2731332778930664
30,4621,-7.103548049926758,-1.638472557067871
30,4622,-6.962460041046143,-1.9121363162994385
30,4623,-6.692124366760254,-2.375354290008545
30,4624,-7.590424060821533,-0.2657589912414551
30,4625,-6.880248069763184,-3.1012868881225586
30,4626,-8.356237411499023,-3.2518470287323
30,4627,-6.834502220153809,-2.846151113510132
30,4628,-7.9361572265625,-3.9565110206604004
30,4629,-8.380398750305176,1.237323522567749
30,4630,-8.161225318908691,-5.71636962890625
30,4631,-8.45040512084961,0.652895987033844
30,4632,-7.340848922729492,-7.183450222015381
30,4633,-8.525674819946289,2.537506103515625
30,4634,-7.584365367889404,-3.4075052738189697
30,4635,-8.066570281982422,-2.929737091064453
30,4636,-7.046820640563965,-2.1217260360717773
30,4637,-7.271303653717041,-2.8047683238983154
30,4638,-7.674232006072998,-0.20289131999015808
30,4639,-7.08933162689209,-0.7277034521102905
30,4640,-6.882079124450684,0.37591278553009033
30,4641,-7.705986022949219,-6.577953338623047
30,4642,-6.982864856719971,-1.0670934915542603
30,4643,-8.59642219543457,-2.082460403442383
30,4644,-8.79694652557373,-1.293899416923523
30,4645,-7.849172592163086,-2.4505228996276855
30,4646,-8.928738594055176,-7.475725173950195
30,4647,-10.437505722045898,0.6066572666168213
30,4648,-6.634108543395996,-1.3074367046356201
30,4649,-8.57204532623291,-7.194849967956543
30,4650,-7.475666046142578,-6.063063144683838
30,4651,-7.177214622497559,-5.589188575744629
30,4652,-9.83257007598877,2.195720672607422
30,4653,-8.139726638793945,1.7516493797302246
30,4654,-8.467531204223633,-8.795978546142578
30,4655,-7.03429651260376,-3.8942184448242188
30,4656,-7.500524997711182,3.3118557929992676
30,4657,-6.981324195861816,-5.904782295227051
30,4658,-7.6794562339782715,-3.9272165298461914
30,4659,-7.314637184143066,-1.2656453847885132
30,4660,-7.772573947906494,2.3501389026641846
30,4661,-8.492903709411621,-5.867117881774902
30,4662,-6.7940473556518555,1.8431583642959595
30,4663,-7.521390438079834,1.3937758207321167
30,4664,-6.514176368713379,0.7462392449378967
30,4665,-7.669684886932373,-1.6150285005569458
30,4666,-7.976105690002441,-4.58282470703125
30,4667,-10.190199851989746,6.97514533996582
30,4668,-7.661547660827637,-4.4679646492004395
30,4669,-8.131232261657715,-3.884338140487671
30,4670,-11.07555866241455,-1.6413536071777344
30,4671,-6.850509166717529,-3.847626209259033
30,4672,-10.405799865722656,-1.1784919500350952
30,4673,-6.827110290527344,-4.062796592712402
30,4674,-8.350829124450684,-2.739339828491211
30,4675,-7.297147750854492,-2.4815187454223633
30,4676,-7.298032283782959,-0.4874514937400818
30,4677,-8.320171356201172,-9.165691375732422
30,4678,-7.485130310058594,-2.446333885192871
30,4679,-7.240030765533447,-1.0924192667007446
30,4680,-7.892480850219727,-4.661349296569824
31,4681,-8.944443702697754,-1.956311821937561
31,4682,-8.17869758605957,-4.75019645690918
31,4683,-8.124747276306152,-3.8955931663513184
31,4684,-7.926350116729736,0.0014511793851852417
31,4685,-8.241235733032227,4.731969833374023
31,4686,-8.615568161010742,-4.267155647277832
31,4687,-7.779514789581299,-0.494457483291626
31,4688,-8.700634002685547,-5.1009016036987305
31,4689,-7.141114711761475,-2.5910680294036865
31,4690,-7.393551349639893,2.3102164268493652
31,4691,-7.904512405395508,-0.56027752161026
31,4692,-7.611323833465576,-3.3185696601867676
31,4693,-10.903510093688965,0.5888122916221619
31,4694,-7.250770568847656,1.019860863685608
31,4695,-8.699878692626953,-2.6477560997009277
31,4696,-7.250395774841309,-2.939709186553955
31,4697,-7.491337776184082,0.22865940630435944
31,4698,-7.543605804443359,-4.703088283538818
31,4699,-8.146459579467773,6.154458522796631
31,4700,-8.028712272644043,-4.240479469299316
31,4701,-8.317694664001465,-4.0678181648254395
31,4702,-7.16257905960083,-3.476388454437256
31,4703,-8.55544376373291,-0.6707195043563843
31,4704,-8.959284782409668,-0.23746196925640106
31,4705,-7.680051326751709,-4.090014934539795
31,4706,-8.775992393493652,0.6296067833900452
31,4707,-7.083520889282227,-2.3869946002960205
31,4708,-11.34406852722168,-3.7210171222686768
31,4709,-7.952823638916016,4.077738285064697
31,4710,-9.325469970703125,5.859910488128662
31,4711,-7.553079605102539,-4.873414993286133
31,4712,-8.960305213928223,-3.7505972385406494
31,4713,-6.593508720397949,1.1522018909454346
31,4714,-8.982294082641602,0.497001975774765
31,4715,-7.701414108276367,0.5547842979431152
31,4716,-8.852631568908691,0.5680980682373047
31,4717,-6.507246494293213,-4.36737060546875
31,4718,-9.537759780883789,3.0462915897369385
31,4719,-7.781902313232422,-1.5607516765594482
31,4720,-7.172980785369873,0.6520397663116455
31,4721,-7.210792064666748,-3.995497226715088
31,4722,-7.754781246185303,1.1025841236114502
31,4723,-8.611480712890625,-5.937559604644775
31,4724,-8.73069953918457,-5.308603763580322
31,4725,-7.211727142333984,-4.60801887512207
31,4726,-8.848126411437988,5.828502655029297
31,4727,-9.732433319091797,-5.69737434387207
31,4728,-7.193830490112305,-3.5320498943328857
31,4729,-7.433041572570801,4.592132568359375
31,4730,-8.61886215209961,-2.6854710578918457
31,4731,-8.267541885375977,0.45671024918556213
31,4732,-8.045551300048828,5.348834991455078
31,4733,-6.990368843078613,1.683234691619873
31,4734,-7.774574279785156,-3.652523994445801
31,4735,-7.615350246429443,-0.27024322748184204
31,4736,-6.6899518966674805,-1.795332908630371
31,4737,-8.397971153259277,-2.9858930110931396
31,4738,-7.507651329040527,2.7991175651550293
31,4739,-7.428847312927246,2.7770845890045166
31,4740,-7.656844139099121,-1.2485992908477783
31,4741,-7.272650241851807,0.15557703375816345
31,4742,-8.607035636901855,-2.117542266845703
31,4743,-7.236730098724365,-4.507439136505127
31,4744,-9.348856925964355,5.107897758483887
31,4745,-6.925829887390137,-3.036750555038452
31,4746,-7.445829391479492,-2.2611193656921387
31,4747,-7.420671463012695,-3.480682373046875
31,4748,-7.956885814666748,-1.9968461990356445
31,4749,-6.762743949890137,-4.551266670227051
31,4750,-9.38109016418457,-3.5662598609924316
31,4751,-7.807252407073975,-0.2030990719795227
31,4752,-8.167947769165039,-1.9225672483444214
31,4753,-7.84782075881958,-3.4024436473846436
31,4754,-7.79598331451416,-3.996854543685913
31,4755,-8.141805648803711,-3.265951156616211
31,4756,-6.703957557678223,1.9574596881866455
31,4757,-7.523877143859863,-1.5022058486938477
31,4758,-9.159180641174316,-1.9326813220977783
31,4759,-7.3412580490112305,2.5543041229248047
31,4760,-8.565276145935059,1.7653077840805054
31,4761,-6.227694988250732,-3.1537816524505615
31,4762,-6.473257064819336,-3.933356761932373
31,4763,-6.993232250213623,-1.5789169073104858
31,4764,-7.229923248291016,-3.587486743927002
31,4765,-7.22214412689209,1.48750638961792
31,4766,-7.928773403167725,-3.4287543296813965
31,4767,-7.632476329803467,1.804281234741211
31,4768,-7.453739166259766,1.621286153793335
31,4769,-7.782558441162109,-2.0820178985595703
31,4770,-8.198027610778809,2.2405779361724854
31,4771,-8.521313667297363,-3.773885726928711
31,4772,-7.588581085205078,-0.4479537308216095
31,4773,-8.875311851501465,1.9136425256729126
31,4774,-8.604568481445312,-4.483161926269531
31,4775,-6.628230571746826,0.9584428668022156
31,4776,-7.537261009216309,-4.33474063873291
31,4777,-7.528670787811279,1.2784829139709473
31,4778,-7.690813064575195,-4.378853797912598
31,4779,-8.663847923278809,1.0299708843231201
31,4780,-7.287236213684082,-4.121725559234619
31,4781,-8.038549423217773,0.9411957263946533
31,4782,-7.2924580574035645,-2.756631374359131
31,4783,-8.154107093811035,-1.8027963638305664
31,4784,-8.277255058288574,1.0367426872253418
31,4785,-7.9119439125061035,2.6852502822875977
31,4786,-7.6690778732299805,-3.891171455383301
31,4787,-8.085114479064941,-1.2647501230239868
31,4788,-7.648378849029541,-6.516144752502441
31,4789,-7.396054267883301,-3.3787848949432373
31,4790,-8.710200309753418,-1.3913414478302002
31,4791,-7.529082775115967,3.2501726150512695
31,4792,-7.462848663330078,0.8777151107788086
31,4793,-7.838286399841309,-0.8690244555473328
31,4794,-7.752918720245361,-0.5236482620239258
31,4795,-7.763787269592285,4.301426887512207
31,4796,-8.004361152648926,-1.981343388557434
31,4797,-9.463797569274902,-0.7071620225906372
31,4798,-8.139111518859863,6.3957929611206055
31,4799,-7.3978142738342285,-5.303060531616211
31,4800,-7.448305130004883,-0.5239344835281372
31,4801,-7.820517063140869,-4.497350692749023
31,4802,-8.455629348754883,0.3549128770828247
31,4803,-8.274420738220215,1.7286417484283447
31,4804,-6.2696614265441895,2.0173983573913574
31,4805,-5.736233711242676,1.1652934551239014
31,4806,-8.451333999633789,-2.4365615844726562
31,4807,-9.027732849121094,-7.893893241882324
31,4808,-6.842052459716797,-0.6449098587036133
31,4809,-7.595302104949951,-0.3803683817386627
31,4810,-6.720598220825195,-3.7310736179351807
31,4811,-7.310911178588867,-4.21385383605957
31,4812,-8.397064208984375,-3.006016254425049
31,4813,-8.401870727539062,-3.8473093509674072
31,4814,-8.349388122558594,-3.994056224822998
31,4815,-7.862723350524902,-5.013450622558594
31,4816,-7.431972503662109,0.23490957915782928
31,4817,-7.308484077453613,0.6802625060081482
31,4818,-7.271300792694092,0.304623007774353
31,4819,-8.389875411987305,-0.19529002904891968
31,4820,-8.260218620300293,-7.379093170166016
31,4821,-9.220779418945312,3.2364044189453125
31,4822,-7.184131622314453,-3.6946380138397217
31,4823,-6.894100666046143,-7.858989238739014
31,4824,-7.977780342102051,-1.5604331493377686
31,4825,-8.423277854919434,-0.08140218257904053
31,4826,-5.604869365692139,-3.2095084190368652
31,4827,-7.6436662673950195,-5.229465484619141
31,4828,-7.102168560028076,-4.550548553466797
31,4829,-8.786247253417969,4.888296604156494
31,4830,-7.458274841308594,-4.0695695877075195
31,4831,-8.714591979980469,4.591388702392578
31,4832,-6.360321521759033,-7.058931350708008
31,4833,-7.896762371063232,-4.969496726989746
31,4834,-7.228167533874512,-0.981906533241272
31,4835,-6.872668266296387,-1.853385329246521
31,4836,-7.152471542358398,-1.1056535243988037
32,4837,-9.651958465576172,-6.045657634735107
32,4838,-7.742936611175537,0.2946438491344452
32,4839,-7.94454288482666,0.47761499881744385
32,4840,-8.487665176391602,-7.25794792175293
32,4841,-6.110097885131836,4.031043529510498
32,4842,-6.640737533569336,-2.0250351428985596
32,4843,-9.440500259399414,-0.03911994397640228
32,4844,-8.742073059082031,3.123690605163574
32,4845,-6.800694465637207,-0.9391624927520752
32,4846,-6.494180679321289,0.9436378479003906
32,4847,-7.552514553070068,0.325875848531723
32,4848,-9.842620849609375,-3.716127872467041
32,4849,-7.438370227813721,2.2589714527130127
32,4850,-8.433056831359863,0.8591967225074768
32,4851,-8.204012870788574,-2.631582736968994
32,4852,-7.588615417480469,-2.2665486335754395
32,4853,-9.61312198638916,1.0419262647628784
32,4854,-7.563225746154785,-1.5661057233810425
32,4855,-8.567898750305176,3.0604119300842285
32,4856,-8.014435768127441,-3.8296828269958496
32,4857,-7.383638381958008,-3.820651054382324
32,4858,-8.110963821411133,1.7909095287322998
32,4859,-7.88413667678833,0.278692364692688
32,4860,-6.845913887023926,-3.1191015243530273
32,4861,-7.779333114624023,-4.600170135498047
32,4862,-8.0452880859375,0.4451037347316742
32,4863,-6.328889846801758,0.3511146306991577
32,4864,-8.135641098022461,-3.048334836959839
32,4865,-7.398342609405518,0.18369954824447632
32,4866,-8.027770042419434,-4.242742538452148
32,4867,-8.570581436157227,-6.385568618774414
32,4868,-6.670068740844727,0.18408122658729553
32,4869,-7.692749977111816,-2.960845470428467
32,4870,-6.664858818054199,1.9889848232269287
32,4871,-8.44099235534668,-3.758213520050049
32,4872,-7.517869472503662,0.19924700260162354
32,4873,-6.224966049194336,-1.2471818923950195
32,4874,-6.875019550323486,-0.28543177247047424
32,4875,-8.3268461227417,-1.0192101001739502
32,4876,-7.6509294509887695,1.0364036560058594
32,4877,-8.207830429077148,-1.8220797777175903
32,4878,-8.064294815063477,1.3233054876327515
32,4879,-7.673887252807617,3.0377211570739746
32,4880,-7.5456342697143555,0.5959595441818237
32,4881,-8.459296226501465,-3.2754833698272705
32,4882,-9.824912071228027,-0.5435724258422852
32,4883,-8.47635555267334,-3.890416145324707
32,4884,-8.443635940551758,-2.6082091331481934
32,4885,-7.8383259773254395,-3.612075090408325
32,4886,-8.900263786315918,4.809290885925293
32,4887,-6.639801979064941,-5.13972806930542
32,4888,-8.050002098083496,-3.914062976837158
32,4889,-7.335531234741211,-2.29172945022583
32,4890,-7.122860431671143,-0.21943984925746918
32,4891,-7.7710065841674805,-1.9622341394424438
32,4892,-7.73126745223999,-2.568371057510376
32,4893,-8.073144912719727,-4.712775707244873
32,4894,-6.740998268127441,-0.7983654141426086
32,4895,-10.275557518005371,0.6537328362464905
32,4896,-6.475136756896973,-3.920961380004883
32,4897,-8.24467945098877,0.6254385709762573
32,4898,-7.613393783569336,-2.646543502807617
32,4899,-9.017969131469727,-6.06949520111084
32,4900,-9.150423049926758,6.767360687255859
32,4901,-7.810731410980225,-6.438720703125
32,4902,-8.069600105285645,-3.757617473602295
32,4903,-6.6516008377075195,1.3557716608047485
32,4904,-6.629059314727783,0.1803484559059143
32,4905,-7.81327486038208,-3.2302286624908447
32,4906,-8.019174575805664,-3.829998731613159
32,4907,-6.277466773986816,-3.156047821044922
32,4908,-8.23643684387207,3.1213743686676025
32,4909,-8.012588500976562,4.087456703186035
32,4910,-7.044717311859131,0.5224928259849548
32,4911,-7.5440192222595215,-0.5773007869720459
32,4912,-7.55360221862793,-0.08606557548046112
32,4913,-7.644528388977051,-1.7429391145706177
32,4914,-6.595207691192627,-0.6459410190582275
32,4915,-9.839740753173828,-0.08456926047801971
32,4916,-7.73866081237793,0.9714675545692444
32,4917,-6.198611259460449,-5.809396743774414
32,4918,-7.360551357269287,-2.2470414638519287
32,4919,-7.130746841430664,-0.4452942907810211
32,4920,-8.337757110595703,-2.735842227935791
32,4921,-7.113745212554932,0.39575251936912537
32,4922,-7.848179817199707,-6.825082778930664
32,4923,-7.339635372161865,1.9840041399002075
32,4924,-8.405924797058105,-3.758115291595459
32,4925,-7.464334487915039,-0.7606947422027588
32,4926,-7.329532146453857,-1.9209227561950684
32,4927,-8.055998802185059,-1.637592077255249
32,4928,-8.731156349182129,0.6638215780258179
32,4929,-7.307339668273926,-1.9110578298568726
32,4930,-6.510939121246338,-0.8174790143966675
32,4931,-7.418288230895996,1.1528916358947754
32,4932,-6.7929463386535645,-1.1750187873840332
32,4933,-7.609331130981445,0.5919089913368225
32,4934,-7.949232578277588,-3.811688184738159
32,4935,-7.869607925415039,-3.237255811691284
32,4936,-8.423916816711426,0.09187597036361694
32,4937,-8.227352142333984,-1.0264828205108643
32,4938,-7.6023054122924805,-1.3887653350830078
32,4939,-7.974121570587158,-0.20723415911197662
32,4940,-8.187552452087402,0.7793486714363098
32,4941,-7.035732269287109,-1.5023258924484253
32,4942,-7.543707847595215,-5.994091987609863
32,4943,-8.142898559570312,3.5938608646392822
32,4944,-8.174515724182129,-1.8529105186462402
32,4945,-7.9739837646484375,-1.568551778793335
32,4946,-8.913556098937988,-8.007129669189453
32,4947,-7.272679328918457,-2.1153934001922607
32,4948,-7.33878755569458,-0.5753549933433533
32,4949,-6.1639580726623535,-0.8131473064422607
32,4950,-9.392553329467773,0.3561576008796692
32,4951,-6.83726692199707,0.5888962745666504
32,4952,-6.623719692230225,-1.5511596202850342
32,4953,-9.247349739074707,-6.8718342781066895
32,4954,-6.548384189605713,-0.6657809019088745
32,4955,-7.63916015625,-1.5291191339492798
32,4956,-7.023596286773682,-1.0653210878372192
32,4957,-8.093749046325684,-5.19346809387207
32,4958,-8.592151641845703,2.771454334259033
32,4959,-7.565742492675781,-3.18051815032959
32,4960,-7.847292900085449,-0.6407651901245117
32,4961,-9.136337280273438,-5.8577141761779785
32,4962,-7.38713264465332,-2.8355772495269775
32,4963,-7.473494529724121,-2.1622681617736816
32,4964,-8.242880821228027,-5.255816459655762
32,4965,-8.515928268432617,3.172028064727783
32,4966,-7.3659563064575195,-5.650871276855469
32,4967,-6.425826549530029,-4.008609294891357
32,4968,-7.192792892456055,-5.095703601837158
32,4969,-6.918854236602783,-1.4373664855957031
32,4970,-7.219214916229248,-3.623736619949341
32,4971,-9.871296882629395,1.4207161664962769
32,4972,-6.379358291625977,-3.1296074390411377
32,4973,-7.947108745574951,-0.5404503345489502
32,4974,-7.579929828643799,0.4160745441913605
32,4975,-7.149336338043213,-1.0458146333694458
32,4976,-8.42961597442627,1.2702401876449585
32,4977,-6.805366516113281,-3.972221851348877
32,4978,-6.677638053894043,-1.8107990026474
32,4979,-7.208558559417725,1.794365644454956
32,4980,-8.578084945678711,-3.403754711151123
32,4981,-7.175632476806641,4.354877471923828
32,4982,-8.356032371520996,-3.7741546630859375
32,4983,-6.38641357421875,-0.8933480978012085
32,4984,-6.955694198608398,-1.6290507316589355
32,4985,-7.907192707061768,-1.055492877960205
32,4986,-7.766383171081543,-4.668499946594238
32,4987,-7.48917293548584,1.2889726161956787
32,4988,-6.648488521575928,-1.456620693206787
32,4989,-7.341294288635254,-0.618277907371521
32,4990,-7.578664779663086,0.4062609374523163
32,4991,-9.051722526550293,-3.5758795738220215
32,4992,-9.016664505004883,2.5947418212890625
33,4993,-6.767215728759766,-7.829228401184082
33,4994,-6.935011386871338,-2.8076062202453613
33,4995,-8.159496307373047,0.23812925815582275
33,4996,-7.289130210876465,-3.0304999351501465
33,4997,-9.213959693908691,-4.005712985992432
33,4998,-8.907649993896484,2.0834226608276367
33,4999,-8.099268913269043,-4.971674919128418
33,5000,-8.056772232055664,-1.1644269227981567
33,5001,-7.769904613494873,-0.033890917897224426
33,5002,-9.76362133026123,1.000458836555481
33,5003,-8.240232467651367,-3.2793383598327637
33,5004,-7.4521050453186035,-0.7852107882499695
33,5005,-9.137025833129883,-2.0976855754852295
33,5006,-6.845285415649414,-0.02659265697002411
33,5007,-9.061583518981934,-3.26739501953125
33,5008,-7.204958438873291,1.400259017944336
33,5009,-6.875773906707764,-1.7272450923919678
33,5010,-7.309269428253174,-4.016476631164551
33,5011,-7.496549606323242,-4.1840314865112305
33,5012,-7.463019847869873,1.0706226825714111
33,5013,-8.35551929473877,-6.9095587730407715
33,5014,-6.351749897003174,-3.109511613845825
33,5015,-7.8461127281188965,-1.9975758790969849
33,5016,-7.803312301635742,-4.644623279571533
33,5017,-8.4698486328125,1.9750261306762695
33,5018,-7.122012138366699,-1.1819448471069336
33,5019,-7.889199733734131,-3.333122730255127
33,5020,-7.330328941345215,3.220240831375122
33,5021,-7.680549621582031,-3.8955554962158203
33,5022,-8.556658744812012,0.6302483677864075
33,5023,-7.628349304199219,-2.2501440048217773
33,5024,-8.269248008728027,0.8832206130027771
33,5025,-7.718832492828369,-0.718286395072937
33,5026,-8.47088623046875,-4.694121837615967
33,5027,-7.8042731285095215,-0.30455833673477173
33,5028,-7.787217140197754,-0.5164155960083008
33,5029,-7.9830803871154785,-6.03347635269165
33,5030,-7.00446891784668,-1.9730048179626465
33,5031,-5.859231948852539,-1.4435856342315674
33,5032,-8.019094467163086,0.39943698048591614
33,5033,-6.869320869445801,1.8877547979354858
33,5034,-7.149416446685791,-0.5407338738441467
33,5035,-7.765687465667725,-4.412581443786621
33,5036,-7.5719709396362305,2.6712474822998047
33,5037,-6.481828212738037,1.3989990949630737
33,5038,-7.740317344665527,-2.6290388107299805
33,5039,-6.601246356964111,0.8956311941146851
33,5040,-7.319799423217773,0.07172839343547821
33,5041,-8.107874870300293,-2.838465690612793
33,5042,-8.265402793884277,-0.6253759860992432
33,5043,-7.376954078674316,2.2538185119628906
33,5044,-7.071959972381592,-2.3418400287628174
33,5045,-7.756135940551758,2.8727946281433105
33,5046,-7.187294960021973,-2.493993043899536
33,5047,-9.082733154296875,-1.7033257484436035
33,5048,-8.505071640014648,1.5608315467834473
33,5049,-9.369732856750488,-4.054874897003174
33,5050,-7.611045837402344,-3.548142671585083
33,5051,-7.564165115356445,-0.05493280291557312
33,5052,-6.573033809661865,-2.9618773460388184
33,5053,-7.829733848571777,-7.771777153015137
33,5054,-7.9368157386779785,-2.930452346801758
33,5055,-8.131522178649902,0.43885302543640137
33,5056,-7.056942462921143,4.586184024810791
33,5057,-6.505568504333496,-0.6833513379096985
33,5058,-7.481233596801758,-1.9415940046310425
33,5059,-6.928073406219482,0.08740633726119995
33,5060,-7.447701454162598,-3.5856900215148926
33,5061,-8.509190559387207,-2.932588577270508
33,5062,-7.986098289489746,3.2324113845825195
33,5063,-6.935526371002197,-1.0274314880371094
33,5064,-6.889941215515137,-4.509592056274414
33,5065,-7.403863906860352,-2.9299745559692383
33,5066,-7.918612957000732,-3.0413520336151123
33,5067,-8.327194213867188,2.379499912261963
33,5068,-6.8835883140563965,-4.876837730407715
33,5069,-7.188267707824707,-1.184149980545044
33,5070,-7.796531677246094,-3.9281368255615234
33,5071,-8.232532501220703,-0.2423362135887146
33,5072,-8.140650749206543,-4.327864170074463
33,5073,-7.782964706420898,-0.3684098422527313
33,5074,-6.752819061279297,-2.1852338314056396
33,5075,-6.916451454162598,-0.6940798163414001
33,5076,-8.015130996704102,-2.3160972595214844
33,5077,-8.028168678283691,-2.9293618202209473
33,5078,-7.6631269454956055,-5.00440788269043
33,5079,-8.23697280883789,2.211378335952759
33,5080,-7.016695499420166,-4.874370574951172
33,5081,-7.260375022888184,-1.1266125440597534
33,5082,-7.854513168334961,-2.457252025604248
33,5083,-7.496509075164795,0.12227368354797363
33,5084,-7.660727500915527,-6.857200622558594
33,5085,-7.411531448364258,0.5664608478546143
33,5086,-9.072243690490723,4.265602111816406
33,5087,-5.8611297607421875,-0.6082482933998108
33,5088,-6.876849174499512,-1.455856442451477
33,5089,-8.72854995727539,-1.6509051322937012
33,5090,-8.51737117767334,-4.364320278167725
33,5091,-8.717967987060547,-0.37216848134994507
33,5092,-7.1197662353515625,0.26807689666748047
33,5093,-6.74786901473999,-2.7981905937194824
33,5094,-9.013689994812012,-1.7201014757156372
33,5095,-6.513520240783691,-2.634932518005371
33,5096,-7.790518283843994,-0.27837157249450684
33,5097,-7.446635723114014,0.4872859716415405
33,5098,-6.835418224334717,-2.3604774475097656
33,5099,-7.410256385803223,-0.3111385703086853
33,5100,-7.273867607116699,-2.5392022132873535
33,5101,-7.9283881187438965,-1.9822630882263184
33,5102,-7.821247577667236,-2.7777202129364014
33,5103,-7.468952178955078,-5.410679817199707
33,5104,-7.217079162597656,0.5189405083656311
33,5105,-6.7151641845703125,-0.8897867798805237
33,5106,-6.758662700653076,-1.3549567461013794
33,5107,-7.119382858276367,1.6285439729690552
33,5108,-8.179412841796875,-3.83195161819458
33,5109,-7.7501702308654785,1.3105244636535645
33,5110,-7.834785461425781,-4.14402961730957
33,5111,-8.098088264465332,-2.131209373474121
33,5112,-8.019800186157227,0.7618606090545654
33,5113,-6.348057270050049,-6.031250953674316
33,5114,-7.271141052246094,-2.883571147918701
33,5115,-7.467270851135254,-2.313211679458618
33,5116,-6.437707901000977,-0.22534063458442688
33,5117,-6.935762405395508,0.21763648092746735
33,5118,-6.4794721603393555,0.03420264273881912
33,5119,-8.615139961242676,-3.906006097793579
33,5120,-8.661787033081055,-3.1418166160583496
33,5121,-8.916890144348145,-3.511648416519165
33,5122,-7.7633233070373535,0.21605335175991058
33,5123,-7.987072467803955,-3.8938252925872803
33,5124,-6.483004570007324,1.4127771854400635
33,5125,-7.214893817901611,-5.12704610824585
33,5126,-6.649630069732666,-5.46083927154541
33,5127,-6.842982292175293,-5.238683700561523
33,5128,-6.994962692260742,-6.066558837890625
33,5129,-6.3167829513549805,-0.1865825355052948
33,5130,-8.446903228759766,-2.2597408294677734
33,5131,-7.216391563415527,-0.3998181223869324
33,5132,-9.635991096496582,-0.9042708873748779
33,5133,-7.837567329406738,-3.985353469848633
33,5134,-7.630234241485596,0.21473196148872375
33,5135,-6.371503829956055,-3.219999313354492
33,5136,-7.2942795753479,1.9449081420898438
33,5137,-7.909716606140137,-6.135119915008545
33,5138,-6.524105072021484,-1.2942280769348145
33,5139,-7.275574207305908,-6.743473529815674
33,5140,-7.44408655166626,-5.098690986633301
33,5141,-9.003414154052734,-2.069732189178467
33,5142,-6.860978126525879,-1.8360414505004883
33,5143,-6.544003486633301,-3.5301456451416016
33,5144,-7.082154273986816,-1.3970016241073608
33,5145,-7.1160569190979,-2.2614781856536865
33,5146,-7.679530620574951,-2.5906081199645996
33,5147,-7.160845756530762,-1.8145928382873535
33,5148,-6.933468818664551,2.2224526405334473
34,5149,-8.746980667114258,3.3783466815948486
34,5150,-7.831571578979492,-0.7019956111907959
34,5151,-8.227952003479004,-1.1959208250045776
34,5152,-7.3455963134765625,0.2898043990135193
34,5153,-7.485391616821289,-1.4774996042251587
34,5154,-8.07040023803711,-1.7464640140533447
34,5155,-7.271521091461182,-2.602949619293213
34,5156,-7.434091091156006,3.1510732173919678
34,5157,-8.249799728393555,-0.16604340076446533
34,5158,-7.779243469238281,-2.47939395904541
34,5159,-6.4778289794921875,-4.984369277954102
34,5160,-7.080264091491699,-0.4876684546470642
34,5161,-8.599525451660156,-3.125641345977783
34,5162,-7.4497528076171875,-1.3862438201904297
34,5163,-8.352906227111816,-6.101797580718994
34,5164,-8.197406768798828,-5.898733139038086
34,5165,-8.296820640563965,3.107306957244873
34,5166,-9.465121269226074,-10.346794128417969
34,5167,-6.539124965667725,-1.8264366388320923
34,5168,-7.502788543701172,-4.2621989250183105
34,5169,-9.036288261413574,3.4994914531707764
34,5170,-8.253260612487793,-1.0805612802505493
34,5171,-7.851260185241699,-2.3498425483703613
34,5172,-7.418915748596191,-1.9477629661560059
34,5173,-7.765740871429443,-1.9042291641235352
34,5174,-6.703996181488037,2.818429470062256
34,5175,-7.474444389343262,-4.040825366973877
34,5176,-7.402658939361572,-2.983959436416626
34,5177,-7.501275062561035,-2.903040885925293
34,5178,-7.897924900054932,-0.5039222240447998
34,5179,-7.404513359069824,-1.0891318321228027
34,5180,-7.641684532165527,0.8701664209365845
34,5181,-8.20302963256836,-5.255137920379639
34,5182,-7.962734222412109,0.8276994228363037
34,5183,-6.953607559204102,0.6755487322807312
34,5184,-7.662054538726807,-0.8407530188560486
34,5185,-9.820841789245605,-2.7838776111602783
34,5186,-7.495024681091309,2.579714775085449
34,5187,-7.6691575050354,-5.469108581542969
34,5188,-7.110567092895508,-3.701841354370117
34,5189,-6.994603157043457,2.286273956298828
34,5190,-8.171347618103027,-3.9985013008117676
34,5191,-8.441895484924316,-6.108440399169922
34,5192,-6.737238883972168,-1.8237814903259277
34,5193,-7.438070774078369,2.070769786834717
34,5194,-7.038823127746582,-1.8306751251220703
34,5195,-7.112982273101807,-1.954681634902954
34,5196,-8.154709815979004,0.3056056499481201
34,5197,-8.944982528686523,-3.6018826961517334
34,5198,-6.818004131317139,-3.1554465293884277
34,5199,-9.741854667663574,0.3236965537071228
34,5200,-9.183131217956543,0.755783200263977
34,5201,-6.300911903381348,-5.300415992736816
34,5202,-6.75640869140625,-1.3113106489181519
34,5203,-6.194248676300049,-2.828397750854492
34,5204,-8.368675231933594,0.7321833968162537
34,5205,-7.655534744262695,-4.192302703857422
34,5206,-8.627628326416016,2.942080497741699
34,5207,-7.074928283691406,-5.1713104248046875
34,5208,-7.972404956817627,-1.496885061264038
34,5209,-7.480162143707275,-0.3438475430011749
34,5210,-6.776276111602783,-0.5873556137084961
34,5211,-8.791732788085938,2.636392831802368
34,5212,-7.507142543792725,0.12327912449836731
34,5213,-9.363998413085938,-9.282354354858398
34,5214,-7.323789119720459,1.2725670337677002
34,5215,-6.7494893074035645,-0.9920672178268433
34,5216,-7.056460380554199,-1.0688421726226807
34,5217,-7.532427787780762,-1.0968443155288696
34,5218,-7.642457008361816,-4.419083595275879
34,5219,-8.619976043701172,-2.0932629108428955
34,5220,-7.209853649139404,-4.040127754211426
34,5221,-8.136199951171875,-4.07755184173584
34,5222,-8.339862823486328,4.705873489379883
34,5223,-8.935413360595703,-7.702520370483398
34,5224,-7.078925132751465,-3.3867135047912598
34,5225,-8.988075256347656,3.677809238433838
34,5226,-7.234435081481934,-5.096234321594238
34,5227,-8.26301097869873,0.7474575042724609
34,5228,-6.4901275634765625,-2.738457202911377
34,5229,-8.601320266723633,-3.0556132793426514
34,5230,-8.32177734375,3.04880952835083
34,5231,-7.3563432693481445,-2.60990571975708
34,5232,-7.601573944091797,-1.4428088665008545
34,5233,-7.416335582733154,1.882685899734497
34,5234,-7.0551300048828125,2.3551149368286133
34,5235,-8.758296966552734,-3.1495800018310547
34,5236,-7.577791690826416,4.046446800231934
34,5237,-8.144098281860352,2.036074638366699
34,5238,-7.337180137634277,-1.0473012924194336
34,5239,-8.373811721801758,-8.277135848999023
34,5240,-7.21331787109375,-1.0446205139160156
34,5241,-6.827505111694336,-2.5620768070220947
34,5242,-8.559462547302246,-1.5151538848876953
34,5243,-8.468796730041504,3.7446064949035645
34,5244,-8.744256019592285,-2.8962178230285645
34,5245,-7.844233512878418,-3.2680180072784424
34,5246,-6.430715560913086,1.900300145149231
34,5247,-7.003047943115234,-6.722155570983887
34,5248,-7.503078460693359,-1.1482993364334106
34,5249,-7.053183555603027,-1.894836664199829
34,5250,-7.786245822906494,-0.032097846269607544
34,5251,-7.985913276672363,-2.7931442260742188
34,5252,-7.490416526794434,-2.367466688156128
34,5253,-8.036174774169922,-1.3022902011871338
34,5254,-6.607412815093994,-3.5773963928222656
34,5255,-7.316324234008789,-2.994457244873047
34,5256,-6.618759632110596,-2.296671152114868
34,5257,-7.532235145568848,-1.4068009853363037
34,5258,-8.408732414245605,-8.405311584472656
34,5259,-6.592468738555908,-2.5979652404785156
34,5260,-7.417384147644043,-3.4689865112304688
34,5261,-7.0634918212890625,4.994150638580322
34,5262,-8.123175621032715,-3.4921011924743652
34,5263,-7.9488725662231445,-2.1864819526672363
34,5264,-7.484696388244629,5.256485462188721
34,5265,-6.586065292358398,-5.000579833984375
34,5266,-7.663503646850586,-1.8060832023620605
34,5267,-8.672967910766602,0.17864768207073212
34,5268,-7.782294273376465,2.4894113540649414
34,5269,-8.418258666992188,-0.6848229169845581
34,5270,-7.313512802124023,-2.552155017852783
34,5271,-7.2780351638793945,3.145263910293579
34,5272,-6.574804306030273,-1.0139917135238647
34,5273,-6.899924278259277,2.3845434188842773
34,5274,-8.433263778686523,-2.7083702087402344
34,5275,-6.72303581237793,2.447519302368164
34,5276,-6.944933891296387,-6.802450180053711
34,5277,-6.864889621734619,-1.6700043678283691
34,5278,-7.630088806152344,-1.357823371887207
34,5279,-8.19820499420166,-2.8957998752593994
34,5280,-6.983335018157959,4.8409037590026855
34,5281,-8.176843643188477,1.4558711051940918
34,5282,-6.500489711761475,-0.5677173137664795
34,5283,-7.536049842834473,-0.46644315123558044
34,5284,-7.939881324768066,-2.6073222160339355
34,5285,-7.518410682678223,1.1563878059387207
34,5286,-8.752676963806152,-3.01932954788208
34,5287,-8.381485939025879,-1.5649189949035645
34,5288,-7.272026062011719,2.873941421508789
34,5289,-7.862630844116211,-4.251552104949951
34,5290,-8.194079399108887,1.697588562965393
34,5291,-6.359252452850342,1.3837989568710327
34,5292,-8.156242370605469,-1.447619080543518
34,5293,-6.843340873718262,0.6440454721450806
34,5294,-7.322572708129883,-0.29860633611679077
34,5295,-6.962340354919434,-0.373233824968338
34,5296,-6.730152130126953,-2.9513940811157227
34,5297,-7.048517227172852,-1.369977593421936
34,5298,-6.61626672744751,-3.111992597579956
34,5299,-7.102352142333984,-4.7331862449646
34,5300,-8.468419075012207,-0.9407449960708618
34,5301,-7.781571865081787,-1.8632500171661377
34,5302,-6.958154201507568,-6.873355865478516
34,5303,-8.260294914245605,-4.925014019012451
34,5304,-5.909456729888916,-0.049294471740722656
35,5305,-8.667716979980469,-4.658403396606445
35,5306,-8.63869571685791,-0.42937856912612915
35,5307,-7.54541540145874,-6.059844017028809
35,5308,-6.193451881408691,-1.5619378089904785
35,5309,-7.090855598449707,-0.40148383378982544
35,5310,-7.652676105499268,-1.3905589580535889
35,5311,-7.669560432434082,-0.3542550802230835
35,5312,-8.537657737731934,-3.820394992828369
35,5313,-7.660902500152588,2.0529305934906006
35,5314,-8.893452644348145,-1.435707688331604
35,5315,-7.087534427642822,1.045358657836914
35,5316,-8.686713218688965,1.0876718759536743
35,5317,-8.714061737060547,-2.651402235031128
35,5318,-8.168435096740723,-5.983876705169678
35,5319,-6.807524681091309,-2.5983407497406006
35,5320,-7.803196430206299,-1.1130080223083496
35,5321,-7.270824909210205,1.36978280544281
35,5322,-7.221117973327637,-1.7910332679748535
35,5323,-8.03641128540039,-1.411969780921936
35,5324,-7.295276641845703,-0.11622447520494461
35,5325,-8.173789978027344,0.26737380027770996
35,5326,-7.832657337188721,-4.971896171569824
35,5327,-7.346302509307861,3.508406400680542
35,5328,-6.257284164428711,-4.241600036621094
35,5329,-6.804281234741211,-6.066926002502441
35,5330,-7.1533708572387695,-6.474061489105225
35,5331,-7.184390068054199,-3.880523443222046
35,5332,-7.249888896942139,-2.7711143493652344
35,5333,-8.015483856201172,-5.087564468383789
35,5334,-7.367530822753906,-2.3155267238616943
35,5335,-7.9383440017700195,-0.5186704397201538
35,5336,-7.5062456130981445,-3.3517613410949707
35,5337,-6.813800811767578,2.380704402923584
35,5338,-8.170843124389648,-6.6382832527160645
35,5339,-7.086999416351318,-1.6306840181350708
35,5340,-8.35879898071289,3.4017791748046875
35,5341,-8.26836109161377,0.15839076042175293
35,5342,-8.968221664428711,-2.087402582168579
35,5343,-7.629591464996338,-3.963066577911377
35,5344,-7.527409553527832,-1.9827654361724854
35,5345,-6.877735137939453,-3.4025332927703857
35,5346,-7.214838981628418,-3.9431772232055664
35,5347,-6.7714691162109375,-0.1249919980764389
35,5348,-7.160401344299316,-2.5409321784973145
35,5349,-9.325798988342285,-4.014802932739258
35,5350,-7.109670162200928,1.6581752300262451
35,5351,-7.248442649841309,-0.8574298024177551
35,5352,-8.992168426513672,-1.5693849325180054
35,5353,-7.742791175842285,1.6220238208770752
35,5354,-7.194423675537109,-0.76988685131073
35,5355,-7.074951171875,-7.983527183532715
35,5356,-7.48586893081665,-1.2088274955749512
35,5357,-8.012604713439941,-0.4211512804031372
35,5358,-7.564790725708008,-2.8095569610595703
35,5359,-6.864653587341309,-2.082735300064087
35,5360,-8.161516189575195,-3.600817918777466
35,5361,-6.754056930541992,-1.240242600440979
35,5362,-7.0671234130859375,-4.0239434242248535
35,5363,-5.716750621795654,-5.732117652893066
35,5364,-8.682697296142578,-1.0411229133605957
35,5365,-9.602876663208008,3.232631206512451
35,5366,-7.435173034667969,-9.778453826904297
35,5367,-6.57905387878418,-4.058749198913574
35,5368,-7.290992259979248,-7.392073154449463
35,5369,-7.535220623016357,-0.5664701461791992
35,5370,-7.97335147857666,-6.834004878997803
35,5371,-7.0052266120910645,-3.353184223175049
35,5372,-8.722299575805664,-4.809538841247559
35,5373,-6.7363786697387695,-5.806536674499512
35,5374,-6.7660603523254395,-4.406134605407715
35,5375,-7.595452308654785,-3.3844830989837646
35,5376,-6.952364921569824,-3.9546618461608887
35,5377,-8.532256126403809,-2.417062282562256
35,5378,-7.729291915893555,-3.7418951988220215
35,5379,-7.1159257888793945,-1.8337311744689941
35,5380,-7.783749580383301,-6.716655731201172
35,5381,-7.936239242553711,-6.332111358642578
35,5382,-8.35594654083252,2.7374696731567383
35,5383,-7.282485485076904,-2.618663787841797
35,5384,-8.023320198059082,1.2127232551574707
35,5385,-9.191710472106934,-11.041979789733887
35,5386,-8.049802780151367,-3.4161510467529297
35,5387,-6.841437816619873,-3.1010963916778564
35,5388,-6.339081287384033,1.9879425764083862
35,5389,-6.952644348144531,1.2821990251541138
35,5390,-7.18016242980957,-3.915369987487793
35,5391,-6.675496578216553,-1.7521792650222778
35,5392,-7.868258476257324,-3.9481048583984375
35,5393,-9.127910614013672,1.5286818742752075
35,5394,-7.029996395111084,0.16759668290615082
35,5395,-6.720207214355469,-3.918771743774414
35,5396,-7.790773391723633,-1.218671202659607
35,5397,-7.630832195281982,-4.38682746887207
35,5398,-7.759687423706055,-1.7118332386016846
35,5399,-7.9990620613098145,-3.34456205368042
35,5400,-6.982439994812012,-0.6162235736846924
35,5401,-7.67913818359375,-4.895270347595215
35,5402,-7.569628715515137,-4.128058910369873
35,5403,-8.230732917785645,0.9005054235458374
35,5404,-6.433474540710449,-5.7905731201171875
35,5405,-6.813272953033447,-0.27522721886634827
35,5406,-8.094074249267578,2.229430675506592
35,5407,-8.102766036987305,-2.3989176750183105
35,5408,-6.6206865310668945,-4.148611068725586
35,5409,-7.064947605133057,0.20674055814743042
35,5410,-7.204934120178223,-6.76308536529541
35,5411,-8.448317527770996,-8.647411346435547
35,5412,-7.349664211273193,-2.4901933670043945
35,5413,-8.096749305725098,1.5002802610397339
35,5414,-6.633047580718994,-0.13608866930007935
35,5415,-7.348868370056152,-3.2037692070007324
35,5416,-8.306539535522461,0.7399460077285767
35,5417,-7.350621223449707,-4.47592306137085
35,5418,-7.717374324798584,-3.513026237487793
35,5419,-7.172747611999512,-1.5838913917541504
35,5420,-8.729345321655273,-0.7568812370300293
35,5421,-7.999063491821289,-1.9778242111206055
35,5422,-6.9709391593933105,-3.7203521728515625
35,5423,-7.658893585205078,2.1914865970611572
35,5424,-7.775992393493652,-1.429955244064331
35,5425,-7.74379825592041,-3.8188962936401367
35,5426,-7.899203777313232,-1.1135940551757812
35,5427,-7.5971879959106445,0.6092023253440857
35,5428,-8.079778671264648,-5.24784517288208
35,5429,-8.514881134033203,-2.5378711223602295
35,5430,-8.167837142944336,-4.5262064933776855
35,5431,-7.526233196258545,-0.2405637800693512
35,5432,-7.365988731384277,-0.7271504402160645
35,5433,-9.551007270812988,-7.562121868133545
35,5434,-6.7552971839904785,-2.10536527633667
35,5435,-8.158721923828125,0.5902727842330933
35,5436,-7.336008071899414,-4.413876533508301
35,5437,-7.761682033538818,-5.904361724853516
35,5438,-7.0073561668396,-5.140969276428223
35,5439,-7.041210174560547,-0.5417383313179016
35,5440,-7.7847900390625,-4.731230735778809
35,5441,-6.526931285858154,-2.240462303161621
35,5442,-7.69318962097168,-2.5480880737304688
35,5443,-7.298157215118408,-0.6743505597114563
35,5444,-9.605649948120117,-6.13277530670166
35,5445,-7.54226016998291,0.009888976812362671
35,5446,-7.864272117614746,-2.73282527923584
35,5447,-6.472270488739014,-2.6934332847595215
35,5448,-7.186456680297852,-5.48201847076416
35,5449,-9.486359596252441,-0.4325367212295532
35,5450,-6.328632354736328,-0.9025559425354004
35,5451,-6.760097026824951,-1.8008050918579102
35,5452,-6.580669403076172,-2.808671236038208
35,5453,-8.654862403869629,-2.0249454975128174
35,5454,-6.3133721351623535,-6.034637928009033
35,5455,-7.585301399230957,2.6038753986358643
35,5456,-6.828135967254639,-6.282605171203613
35,5457,-8.712602615356445,-4.153576850891113
35,5458,-7.651516437530518,-1.1270434856414795
35,5459,-7.779978275299072,0.7410135269165039
35,5460,-7.25302791595459,-0.14244742691516876
36,5461,-8.879859924316406,3.678070545196533
36,5462,-8.629762649536133,-2.4350104331970215
36,5463,-6.792356014251709,-3.043347120285034
36,5464,-6.407240390777588,-1.4957283735275269
36,5465,-7.731011390686035,-2.3079028129577637
36,5466,-6.151712417602539,-1.2559032440185547
36,5467,-9.389802932739258,-7.074861526489258
36,5468,-7.124668121337891,-0.9916476011276245
36,5469,-9.344919204711914,1.9855906963348389
36,5470,-7.666679382324219,-1.9250094890594482
36,5471,-7.908865451812744,-2.6779980659484863
36,5472,-7.379232406616211,0.0430467389523983
36,5473,-7.588517189025879,1.0491999387741089
36,5474,-6.918724536895752,-5.143113136291504
36,5475,-9.412825584411621,-1.8160051107406616
36,5476,-7.07668399810791,-0.06727427244186401
36,5477,-10.180680274963379,-2.3698136806488037
36,5478,-7.155672073364258,-3.4594063758850098
36,5479,-7.9539642333984375,0.6365545392036438
36,5480,-7.194114685058594,-5.313630104064941
36,5481,-7.769547462463379,0.7996866106987
36,5482,-9.152142524719238,2.495906352996826
36,5483,-7.065054893493652,-2.944754123687744
36,5484,-9.449965476989746,-6.540416717529297
36,5485,-7.035478591918945,1.604984998703003
36,5486,-8.615070343017578,0.5545792579650879
36,5487,-6.063448429107666,0.6589112281799316
36,5488,-9.068625450134277,1.255117654800415
36,5489,-8.429293632507324,-5.639551639556885
36,5490,-7.225218296051025,-0.8977541923522949
36,5491,-7.4118170738220215,2.1147146224975586
36,5492,-7.831748008728027,0.14733052253723145
36,5493,-6.419013977050781,1.4704768657684326
36,5494,-7.6916093826293945,0.7354933023452759
36,5495,-6.227398872375488,3.4629933834075928
36,5496,-9.359245300292969,-5.487391471862793
36,5497,-7.401228427886963,0.4570629894733429
36,5498,-6.665814399719238,-2.3309807777404785
36,5499,-9.109331130981445,-7.347373008728027
36,5500,-6.719668388366699,-0.6905450820922852
36,5501,-8.032919883728027,2.960317611694336
36,5502,-8.098499298095703,-3.9259424209594727
36,5503,-6.407145023345947,-3.6024937629699707
36,5504,-9.049169540405273,0.3832409977912903
36,5505,-7.275396347045898,-2.100344657897949
36,5506,-8.337003707885742,-0.29463934898376465
36,5507,-7.8981099128723145,3.1703572273254395
36,5508,-9.126898765563965,-3.908440589904785
36,5509,-6.370084285736084,-5.965422630310059
36,5510,-6.8636698722839355,-3.9103446006774902
36,5511,-7.225465297698975,-0.9692740440368652
36,5512,-7.13902473449707,0.8855029940605164
36,5513,-7.694667816162109,-3.9403533935546875
36,5514,-7.464982986450195,-1.8982446193695068
36,5515,-9.16888427734375,-5.375987529754639
36,5516,-6.941764831542969,-2.045968770980835
36,5517,-7.045531272888184,-2.157292127609253
36,5518,-8.520586013793945,-1.781495451927185
36,5519,-7.901008605957031,0.38695454597473145
36,5520,-7.704148292541504,0.04514245688915253
36,5521,-7.662227153778076,0.10247828811407089
36,5522,-7.674587249755859,-8.668718338012695
36,5523,-6.609581470489502,-3.7236549854278564
36,5524,-8.143295288085938,-2.1782071590423584
36,5525,-7.842691421508789,0.4044438302516937
36,5526,-6.871061325073242,-0.7092822790145874
36,5527,-7.121206283569336,-1.4726519584655762
36,5528,-7.252601623535156,-3.4932241439819336
36,5529,-7.62542724609375,-0.757193922996521
36,5530,-8.321831703186035,-6.908533096313477
36,5531,-7.177611351013184,3.3016436100006104
36,5532,-8.694805145263672,1.1641314029693604
36,5533,-6.153501033782959,-6.370870113372803
36,5534,-6.883641242980957,0.1940346360206604
36,5535,-7.492863178253174,-5.585031032562256
36,5536,-7.895457744598389,-4.922110557556152
36,5537,-7.263269901275635,3.380162239074707
36,5538,-7.650029182434082,-2.3145694732666016
36,5539,-6.96953010559082,-1.2930347919464111
36,5540,-7.906975746154785,-1.8915126323699951
36,5541,-7.351039886474609,1.1454153060913086
36,5542,-6.979430198669434,-1.3311113119125366
36,5543,-6.586857318878174,-1.728827953338623
36,5544,-7.45040225982666,-5.9918389320373535
36,5545,-7.546945095062256,1.9791550636291504
36,5546,-8.396241188049316,-4.197235584259033
36,5547,-7.529016971588135,0.8485739231109619
36,5548,-6.491305828094482,-7.959778785705566
36,5549,-6.558056831359863,-2.1514320373535156
36,5550,-6.7738800048828125,-0.6426927447319031
36,5551,-7.853680610656738,-1.9299864768981934
36,5552,-6.5197672843933105,-3.16739559173584
36,5553,-8.20255184173584,-1.2243719100952148
36,5554,-6.188802719116211,-4.407594203948975
36,5555,-7.183871269226074,-3.669569730758667
36,5556,-7.284598350524902,-1.2372881174087524
36,5557,-7.332141399383545,-1.4366734027862549
36,5558,-8.26955795288086,-0.6103721261024475
36,5559,-7.576781272888184,2.104304790496826
36,5560,-7.98090934753418,-1.3116841316223145
36,5561,-8.156167984008789,-5.207067012786865
36,5562,-6.1358184814453125,-3.018813133239746
36,5563,-8.433343887329102,-1.630920648574829
36,5564,-7.29144287109375,-3.6549973487854004
36,5565,-6.732048511505127,-2.4193384647369385
36,5566,-6.957839488983154,-3.811483383178711
36,5567,-7.592519283294678,1.4447987079620361
36,5568,-8.601203918457031,-4.139151096343994
36,5569,-6.448904514312744,-0.025225982069969177
36,5570,-7.677713871002197,-3.5522518157958984
36,5571,-6.676174163818359,1.4710479974746704
36,5572,-9.271469116210938,-1.1428630352020264
36,5573,-7.540410041809082,-1.4877078533172607
36,5574,-7.934096336364746,-6.328017234802246
36,5575,-7.082920551300049,0.5537586212158203
36,5576,-7.4592461585998535,-0.5502979159355164
36,5577,-7.052822113037109,-1.2236064672470093
36,5578,-7.3869123458862305,-3.5630125999450684
36,5579,-7.320113658905029,-1.8354010581970215
36,5580,-7.5150041580200195,5.284066200256348
36,5581,-6.817955017089844,-2.3395583629608154
36,5582,-7.195612907409668,-3.600520610809326
36,5583,-6.568681716918945,-0.314960777759552
36,5584,-7.108622074127197,-4.092646598815918
36,5585,-8.23399829864502,-4.7150726318359375
36,5586,-6.772610664367676,-1.3496556282043457
36,5587,-6.6857404708862305,-1.4621071815490723
36,5588,-8.44963550567627,1.4589308500289917
36,5589,-6.829457759857178,-0.38557812571525574
36,5590,-8.06270694732666,-8.340940475463867
36,5591,-7.656131744384766,-6.061699390411377
36,5592,-9.060060501098633,-1.9362189769744873
36,5593,-6.4476518630981445,-5.183162689208984
36,5594,-6.68018102645874,-2.7843565940856934
36,5595,-6.560357093811035,-3.544926404953003
36,5596,-8.389150619506836,-5.909530162811279
36,5597,-6.573006629943848,-3.7532153129577637
36,5598,-8.20380973815918,-3.31736421585083
36,5599,-7.249089241027832,-0.8855291604995728
36,5600,-7.616148471832275,-6.192968845367432
36,5601,-6.931235313415527,-1.280104160308838
36,5602,-6.22479248046875,-3.0865893363952637
36,5603,-7.888558864593506,-3.283939838409424
36,5604,-7.9487104415893555,-6.198335647583008
36,5605,-6.850249767303467,-2.3625121116638184
36,5606,-7.199116230010986,-2.9946553707122803
36,5607,-8.763254165649414,-5.396695613861084
36,5608,-8.885245323181152,-8.230812072753906
36,5609,-7.1170654296875,-3.424159049987793
36,5610,-6.718080520629883,-3.2275643348693848
36,5611,-7.041627883911133,-3.8151259422302246
36,5612,-7.275585651397705,-2.2612991333007812
36,5613,-8.086623191833496,-6.0533905029296875
36,5614,-6.384387016296387,-2.083530902862549
36,5615,-6.883100509643555,2.235926866531372
36,5616,-7.928559303283691,0.31750333309173584
37,5617,-6.8189802169799805,-4.833949089050293
37,5618,-7.465411186218262,-2.050713062286377
37,5619,-8.290647506713867,-5.389179229736328
37,5620,-6.597721099853516,2.2633185386657715
37,5621,-7.767133712768555,-2.6693942546844482
37,5622,-6.378645896911621,2.8717284202575684
37,5623,-10.559865951538086,-3.699033260345459
37,5624,-7.725606441497803,-2.196070671081543
37,5625,-6.515002250671387,1.5459038019180298
37,5626,-8.431684494018555,-0.9958860278129578
37,5627,-7.715824604034424,-1.7203962802886963
37,5628,-8.05922794342041,-5.161704063415527
37,5629,-8.89144229888916,-2.673276424407959
37,5630,-8.332117080688477,-5.205811023712158
37,5631,-6.2583394050598145,-4.430130958557129
37,5632,-7.630964279174805,0.7606614232063293
37,5633,-7.461477756500244,-5.223083019256592
37,5634,-8.005197525024414,-1.3177752494812012
37,5635,-7.390617847442627,-4.146114826202393
37,5636,-7.9996161460876465,0.11378081142902374
37,5637,-7.220582008361816,1.1001002788543701
37,5638,-7.542774677276611,0.897394597530365
37,5639,-7.160295486450195,-1.8187205791473389
37,5640,-8.744660377502441,-3.4871885776519775
37,5641,-8.144854545593262,-1.520995020866394
37,5642,-7.997403621673584,-1.2499704360961914
37,5643,-7.673363208770752,-0.5149479508399963
37,5644,-7.769505977630615,-7.074872016906738
37,5645,-8.08646011352539,-1.5947446823120117
37,5646,-6.356225967407227,-1.7944588661193848
37,5647,-8.870546340942383,-6.906072616577148
37,5648,-9.077886581420898,-0.4763936996459961
37,5649,-9.304174423217773,-3.9925596714019775
37,5650,-7.432864189147949,-2.422365188598633
37,5651,-7.675034999847412,-0.41061651706695557
37,5652,-8.211742401123047,-0.35913851857185364
37,5653,-8.2974853515625,-6.825965881347656
37,5654,-7.411232948303223,-1.8742918968200684
37,5655,-8.845348358154297,2.578433036804199
37,5656,-6.04771089553833,-3.630972146987915
37,5657,-6.782434940338135,-1.2835030555725098
37,5658,-9.010730743408203,-1.8742936849594116
37,5659,-7.812583923339844,-5.385496616363525
37,5660,-7.67869234085083,-0.12578880786895752
37,5661,-7.193416595458984,-0.426911860704422
37,5662,-6.816546440124512,-2.7222304344177246
37,5663,-8.457149505615234,-2.8724288940429688
37,5664,-6.504971027374268,-0.7048740386962891
37,5665,-6.974437236785889,-5.892541885375977
37,5666,-6.703046798706055,1.2534955739974976
37,5667,-8.190420150756836,0.20491528511047363
37,5668,-6.3123369216918945,-2.3534061908721924
37,5669,-7.268309116363525,-0.8778518438339233
37,5670,-7.340991020202637,-5.751307964324951
37,5671,-7.456394195556641,-3.102684259414673
37,5672,-8.324519157409668,-4.49329137802124
37,5673,-6.560210704803467,-4.338955879211426
37,5674,-7.910957336425781,0.4104011058807373
37,5675,-7.595545768737793,-2.1339240074157715
37,5676,-7.346944808959961,-5.044031620025635
37,5677,-7.787744045257568,-2.257655382156372
37,5678,-7.790815830230713,-3.613323450088501
37,5679,-7.264177322387695,-1.6116093397140503
37,5680,-9.065104484558105,-6.008955955505371
37,5681,-8.82524299621582,-4.648105144500732
37,5682,-5.965409278869629,-3.113396167755127
37,5683,-8.128434181213379,0.4758870005607605
37,5684,-6.40738582611084,-5.187912464141846
37,5685,-7.411271095275879,-1.995809555053711
37,5686,-7.625429630279541,-5.8270769119262695
37,5687,-7.869110107421875,0.9516724348068237
37,5688,-8.182442665100098,-4.277781009674072
37,5689,-6.278746128082275,-1.018864393234253
37,5690,-10.587721824645996,0.9264167547225952
37,5691,-7.240251541137695,-7.371026039123535
37,5692,-7.898412227630615,3.1734459400177
37,5693,-6.354610919952393,0.20651574432849884
37,5694,-9.080497741699219,-1.0412070751190186
37,5695,-6.968702793121338,-5.499221324920654
37,5696,-8.840620040893555,4.40802001953125
37,5697,-7.261910915374756,-3.894637107849121
37,5698,-6.696674823760986,-2.8932418823242188
37,5699,-7.439506530761719,0.34442079067230225
37,5700,-7.990578651428223,-0.16966432332992554
37,5701,-7.127195358276367,-0.41469526290893555
37,5702,-7.635441780090332,-2.350217342376709
37,5703,-7.902023792266846,-5.845772743225098
37,5704,-7.711437702178955,-0.7071077227592468
37,5705,-7.135049819946289,1.434068202972412
37,5706,-8.238323211669922,-4.103904724121094
37,5707,-7.510580539703369,-1.685339093208313
37,5708,-7.479913234710693,-1.057060956954956
37,5709,-7.749709129333496,-2.4679136276245117
37,5710,-6.332820415496826,-3.2766194343566895
37,5711,-6.820056438446045,0.6897643804550171
37,5712,-8.760276794433594,-5.369986057281494
37,5713,-7.792212963104248,-2.7866172790527344
37,5714,-7.311989784240723,0.03479969501495361
37,5715,-7.234068870544434,-0.92244553565979
37,5716,-8.658117294311523,-5.884258270263672
37,5717,-8.163419723510742,3.373704671859741
37,5718,-7.244653701782227,-6.99188232421875
37,5719,-7.533199310302734,-4.555609703063965
37,5720,-7.507048606872559,-0.8993054628372192
37,5721,-7.095530033111572,-0.33792465925216675
37,5722,-6.897823333740234,-2.759194850921631
37,5723,-8.059595108032227,-5.912968635559082
37,5724,-6.648977756500244,-3.9717416763305664
37,5725,-7.491868019104004,-4.4600749015808105
37,5726,-7.0561699867248535,-2.288611888885498
37,5727,-7.774042129516602,-2.977814197540283
37,5728,-8.269201278686523,-4.964241981506348
37,5729,-7.458310127258301,2.2017693519592285
37,5730,-7.4411301612854,-4.706421852111816
37,5731,-7.080026626586914,-2.953083038330078
37,5732,-7.808238506317139,-1.1030534505844116
37,5733,-7.5713090896606445,-1.242753505706787
37,5734,-6.1847453117370605,-2.815399646759033
37,5735,-7.913442134857178,-1.607334852218628
37,5736,-7.1292877197265625,-1.5334961414337158
37,5737,-6.99849271774292,-3.7597815990448
37,5738,-7.797134876251221,4.123992919921875
37,5739,-8.174079895019531,-6.505584716796875
37,5740,-7.37550163269043,-3.2701668739318848
37,5741,-7.0839080810546875,-1.2453434467315674
37,5742,-7.259913921356201,1.9722089767456055
37,5743,-6.925298690795898,0.8561235666275024
37,5744,-8.933732032775879,1.6166796684265137
37,5745,-7.393483638763428,-3.269242763519287
37,5746,-6.358523368835449,-3.667473554611206
37,5747,-6.117375373840332,-6.995416641235352
37,5748,-8.373247146606445,0.8832907676696777
37,5749,-7.855948448181152,-3.83738112449646
37,5750,-6.876163482666016,-2.355034589767456
37,5751,-6.9255852699279785,0.10416337847709656
37,5752,-7.529264450073242,-0.13775518536567688
37,5753,-7.1519083976745605,-3.9329512119293213
37,5754,-8.199241638183594,2.687338352203369
37,5755,-8.338235855102539,-3.3888139724731445
37,5756,-7.0449090003967285,-8.020608901977539
37,5757,-8.551473617553711,3.9310317039489746
37,5758,-7.3125128746032715,-4.191076278686523
37,5759,-10.176802635192871,-6.595288276672363
37,5760,-6.724547863006592,-4.429296970367432
37,5761,-7.385972023010254,-1.4357726573944092
37,5762,-6.880738258361816,3.102025032043457
37,5763,-7.480175495147705,-1.6593542098999023
37,5764,-6.576057434082031,-7.10966682434082
37,5765,-7.007655143737793,-6.69566535949707
37,5766,-8.045917510986328,2.063063621520996
37,5767,-6.850147247314453,-0.472051203250885
37,5768,-6.9151129722595215,-7.248291969299316
37,5769,-6.19711971282959,-6.889551639556885
37,5770,-5.774765968322754,-2.4776816368103027
37,5771,-8.653518676757812,-3.656116485595703
37,5772,-6.711193084716797,-2.269207239151001
38,5773,-6.9578857421875,-1.8109629154205322
38,5774,-6.297239303588867,-4.871520042419434
38,5775,-6.898737907409668,-3.1368508338928223
38,5776,-7.84832239151001,-1.7136682271957397
38,5777,-6.645925045013428,-3.8838136196136475
38,5778,-7.6239824295043945,-7.769831657409668
38,5779,-6.7985734939575195,-1.029808759689331
38,5780,-7.708908557891846,-4.51739501953125
38,5781,-8.11548137664795,-5.3849639892578125
38,5782,-6.823695182800293,-2.777845859527588
38,5783,-7.329890727996826,-5.718261241912842
38,5784,-9.816499710083008,-9.078213691711426
38,5785,-7.677309513092041,2.4545724391937256
38,5786,-7.60532283782959,-2.8430874347686768
38,5787,-8.10881519317627,1.0415706634521484
38,5788,-8.815342903137207,-5.323653221130371
38,5789,-5.668057441711426,-3.8424148559570312
38,5790,-7.7159342765808105,-0.7867873907089233
38,5791,-6.933818817138672,-4.385026931762695
38,5792,-7.336692810058594,-3.733586311340332
38,5793,-7.204784393310547,-5.9421796798706055
38,5794,-7.755875110626221,-2.337887763977051
38,5795,-7.871912002563477,0.2554779052734375
38,5796,-6.640796661376953,-2.364943504333496
38,5797,-7.992059230804443,-2.975130081176758
38,5798,-8.510011672973633,0.6947638392448425
38,5799,-7.469860076904297,-3.7982921600341797
38,5800,-7.301756858825684,-0.2694379985332489
38,5801,-6.7891974449157715,-1.1825672388076782
38,5802,-7.588809490203857,2.2696430683135986
38,5803,-6.99699068069458,0.9091928005218506
38,5804,-7.4005022048950195,-5.702122688293457
38,5805,-9.344480514526367,2.7577924728393555
38,5806,-6.6668314933776855,-9.882442474365234
38,5807,-6.965717315673828,-4.9777021408081055
38,5808,-7.123995780944824,-5.5084123611450195
38,5809,-7.219095230102539,-0.02461196482181549
38,5810,-7.376971244812012,0.785576581954956
38,5811,-6.350588798522949,-4.695446014404297
38,5812,-6.739815711975098,-1.1658949851989746
38,5813,-7.767988204956055,-5.374260902404785
38,5814,-8.1914701461792,-3.446312427520752
38,5815,-6.906134605407715,-1.7130918502807617
38,5816,-7.903340816497803,-0.6647357940673828
38,5817,-8.151004791259766,-0.5425587892532349
38,5818,-8.78606128692627,-1.924223780632019
38,5819,-7.376818656921387,-1.4023857116699219
38,5820,-7.345561981201172,2.1592769622802734
38,5821,-8.177257537841797,-2.472956657409668
38,5822,-6.181839942932129,0.5839783549308777
38,5823,-8.673094749450684,-2.438930034637451
38,5824,-7.5649542808532715,1.852675437927246
38,5825,-6.396007537841797,-6.855334281921387
38,5826,-8.384928703308105,-5.594092845916748
38,5827,-8.36738395690918,-1.5615172386169434
38,5828,-8.592466354370117,-3.689751386642456
38,5829,-6.954241752624512,-0.9748063087463379
38,5830,-8.52507209777832,-2.5396623611450195
38,5831,-8.478696823120117,-0.6806502342224121
38,5832,-7.35515832901001,-1.9009504318237305
38,5833,-7.834512233734131,-5.745735168457031
38,5834,-7.390614032745361,-1.9314643144607544
38,5835,-7.38016939163208,-1.1755437850952148
38,5836,-7.891979694366455,-1.8776562213897705
38,5837,-7.1916632652282715,-9.98988151550293
38,5838,-6.764267444610596,-6.792207717895508
38,5839,-7.165865898132324,-3.1996960639953613
38,5840,-6.734655380249023,0.33551058173179626
38,5841,-8.047500610351562,-4.281283378601074
38,5842,-6.219510555267334,-1.2368277311325073
38,5843,-8.524439811706543,-8.392946243286133
38,5844,-7.296569347381592,-4.04448938369751
38,5845,-9.025015830993652,-1.6799497604370117
38,5846,-7.682962417602539,-1.3247509002685547
38,5847,-9.659943580627441,-2.267514705657959
38,5848,-6.551013946533203,-2.823444366455078
38,5849,-6.740398406982422,-3.428722381591797
38,5850,-8.53687858581543,0.20908501744270325
38,5851,-8.892073631286621,-0.8952101469039917
38,5852,-6.646728038787842,-0.8813821077346802
38,5853,-7.477743148803711,-1.354702115058899
38,5854,-9.350388526916504,-2.9421706199645996
38,5855,-6.607010841369629,-9.207310676574707
38,5856,-8.299097061157227,2.894646406173706
38,5857,-8.82425594329834,-2.6027870178222656
38,5858,-7.43902587890625,-3.0559353828430176
38,5859,-7.360950469970703,-10.86190414428711
38,5860,-7.669909477233887,-6.6402459144592285
38,5861,-7.577507495880127,-4.280510425567627
38,5862,-6.943971157073975,-3.2367544174194336
38,5863,-6.575839042663574,-5.728974342346191
38,5864,-6.8279242515563965,-3.18054461479187
38,5865,-8.301399230957031,0.5266806483268738
38,5866,-6.71351432800293,-5.966106414794922
38,5867,-7.336859703063965,-2.642942190170288
38,5868,-8.852581977844238,-2.2877449989318848
38,5869,-8.27102279663086,-5.959122180938721
38,5870,-6.533077239990234,-5.116363525390625
38,5871,-7.7872443199157715,-4.036860466003418
38,5872,-6.69627046585083,-5.41229248046875
38,5873,-7.293305397033691,-5.70631742477417
38,5874,-7.80197811126709,-4.069128036499023
38,5875,-7.132259368896484,-4.4407057762146
38,5876,-7.116368293762207,1.2374215126037598
38,5877,-7.930835247039795,-8.993706703186035
38,5878,-8.257634162902832,1.8401846885681152
38,5879,-6.486270904541016,-5.226358413696289
38,5880,-7.284662246704102,-4.160704135894775
38,5881,-6.560502052307129,-4.416321277618408
38,5882,-7.269455909729004,-2.2056026458740234
38,5883,-6.955838203430176,-3.328152656555176
38,5884,-7.071673393249512,0.32399803400039673
38,5885,-6.422000408172607,-6.66042423248291
38,5886,-6.940110683441162,-2.467200994491577
38,5887,-7.349623680114746,-3.1772637367248535
38,5888,-6.3507232666015625,-3.5884814262390137
38,5889,-7.780725002288818,-8.262940406799316
38,5890,-7.7491135597229,-2.4965081214904785
38,5891,-8.32236099243164,1.1299134492874146
38,5892,-7.429819107055664,-1.1007081270217896
38,5893,-7.869647979736328,-4.878273010253906
38,5894,-8.650812149047852,5.372912883758545
38,5895,-6.836879730224609,-4.476207256317139
38,5896,-7.527302265167236,-4.844898700714111
38,5897,-7.5634660720825195,-6.689093589782715
38,5898,-9.3294038772583,-4.957869529724121
38,5899,-7.897805213928223,-3.3495941162109375
38,5900,-9.101112365722656,-1.0002424716949463
38,5901,-7.588232517242432,-5.404795169830322
38,5902,-6.378764629364014,-4.360799789428711
38,5903,-8.452152252197266,-1.6890249252319336
38,5904,-7.108704090118408,0.7060856223106384
38,5905,-6.721369743347168,-0.23428434133529663
38,5906,-6.592360496520996,-4.9762468338012695
38,5907,-7.3320536613464355,-4.418121337890625
38,5908,-7.813742637634277,-0.11749732494354248
38,5909,-6.6725335121154785,-1.5219310522079468
38,5910,-9.783432960510254,-6.16722297668457
38,5911,-8.01957893371582,-4.6942458152771
38,5912,-6.809362411499023,-6.500339508056641
38,5913,-6.182826042175293,-0.6772605776786804
38,5914,-8.313872337341309,-7.474286079406738
38,5915,-6.197348594665527,-2.393514394760132
38,5916,-7.118376731872559,-5.505244255065918
38,5917,-6.787853717803955,-0.4537440538406372
38,5918,-6.4374895095825195,-4.672492980957031
38,5919,-8.628925323486328,-5.9298601150512695
38,5920,-8.53543472290039,2.5809574127197266
38,5921,-7.545834064483643,-7.107706546783447
38,5922,-7.954592704772949,-3.7151737213134766
38,5923,-7.22455358505249,2.072108268737793
38,5924,-5.841253280639648,-5.0677809715271
38,5925,-6.717327117919922,-4.586212158203125
38,5926,-7.4615020751953125,-6.254062652587891
38,5927,-6.279538631439209,-1.9585604667663574
38,5928,-7.3253560066223145,0.2799055576324463
39,5929,-7.299032211303711,-0.14931806921958923
39,5930,-7.0948166847229,-2.2862019538879395
39,5931,-6.580018997192383,-0.8941570520401001
39,5932,-7.091849327087402,-1.5345667600631714
39,5933,-7.274920463562012,-2.514230251312256
39,5934,-8.490934371948242,0.4246573746204376
39,5935,-7.9452033042907715,-2.8266406059265137
39,5936,-8.077367782592773,-6.30228328704834
39,5937,-6.939452171325684,-6.535548210144043
39,5938,-7.132818222045898,-0.9291297197341919
39,5939,-7.808684825897217,-1.9686728715896606
39,5940,-6.4245429039001465,-3.69557523727417
39,5941,-8.139122009277344,-4.659936904907227
39,5942,-6.678420543670654,0.05171501636505127
39,5943,-6.433874130249023,-1.0028992891311646
39,5944,-8.944232940673828,-9.046880722045898
39,5945,-7.945422649383545,0.01718480885028839
39,5946,-6.8475775718688965,-7.1067609786987305
39,5947,-8.215676307678223,-2.748047351837158
39,5948,-6.862189769744873,-5.343260765075684
39,5949,-7.06660795211792,0.19902284443378448
39,5950,-7.0004658699035645,-7.044817924499512
39,5951,-7.338995933532715,-4.6832051277160645
39,5952,-7.096839427947998,-4.419138431549072
39,5953,-8.316792488098145,-3.6600639820098877
39,5954,-7.742931842803955,1.1500136852264404
39,5955,-7.14808988571167,-6.408627510070801
39,5956,-6.786852836608887,-6.320587158203125
39,5957,-7.415642738342285,1.8316071033477783
39,5958,-7.254426002502441,1.5821633338928223
39,5959,-7.613811016082764,-6.284172534942627
39,5960,-8.632328987121582,-6.388330459594727
39,5961,-6.850013732910156,-8.282022476196289
39,5962,-8.49077033996582,-4.1106696128845215
39,5963,-6.847991466522217,-2.3329687118530273
39,5964,-8.718585014343262,-3.2702152729034424
39,5965,-6.428174018859863,-3.5353546142578125
39,5966,-7.493659496307373,-4.409140586853027
39,5967,-6.9538164138793945,0.8243999481201172
39,5968,-8.82719898223877,-8.802041053771973
39,5969,-6.955317974090576,0.7147597074508667
39,5970,-7.723239898681641,1.6362743377685547
39,5971,-7.222885608673096,-2.369680166244507
39,5972,-7.223685264587402,1.088791847229004
39,5973,-8.349865913391113,-6.02877950668335
39,5974,-6.841958045959473,-3.456821918487549
39,5975,-8.59400463104248,-2.295132637023926
39,5976,-8.118210792541504,-6.593158721923828
39,5977,-8.409076690673828,0.5524568557739258
39,5978,-7.3141913414001465,-0.748009204864502
39,5979,-5.715648174285889,-6.499063968658447
39,5980,-7.611744403839111,-8.582612991333008
39,5981,-7.52667236328125,-1.69504976272583
39,5982,-8.028739929199219,-0.3249678313732147
39,5983,-8.346198081970215,-5.236560344696045
39,5984,-8.485282897949219,0.20040655136108398
39,5985,-7.612832069396973,-1.1008893251419067
39,5986,-6.393367290496826,-4.391161918640137
39,5987,-6.846736431121826,-7.595831871032715
39,5988,-8.849356651306152,1.9813674688339233
39,5989,-7.166363716125488,-5.058960914611816
39,5990,-7.700166702270508,-5.050775527954102
39,5991,-7.955557346343994,-6.324390888214111
39,5992,-7.352568626403809,-1.932960033416748
39,5993,-6.286755084991455,1.364588975906372
39,5994,-7.5972795486450195,-5.378934383392334
39,5995,-7.817018508911133,-3.21751070022583
39,5996,-8.023852348327637,-1.1230390071868896
39,5997,-7.4583024978637695,2.6015875339508057
39,5998,-7.41353702545166,-3.8068125247955322
39,5999,-7.423530578613281,-0.7887959480285645
39,6000,-8.029844284057617,-3.5433857440948486
39,6001,-7.507660865783691,-3.4612743854522705
39,6002,-7.473796844482422,0.5521947145462036
39,6003,-6.559571743011475,-3.028531312942505
39,6004,-8.237024307250977,-6.378166198730469
39,6005,-8.72574234008789,-6.338025093078613
39,6006,-7.565212249755859,-1.6668949127197266
39,6007,-8.250222206115723,-2.2084476947784424
39,6008,-6.5828447341918945,-4.526902675628662
39,6009,-6.910788059234619,-3.7409274578094482
39,6010,-6.618701934814453,-3.130669116973877
39,6011,-7.102963924407959,-3.4356298446655273
39,6012,-7.529800891876221,-2.7106475830078125
39,6013,-7.530481338500977,-5.169402122497559
39,6014,-7.3797712326049805,-2.0944788455963135
39,6015,-8.225107192993164,-2.3434102535247803
39,6016,-8.252171516418457,-5.048859119415283
39,6017,-7.6365766525268555,-3.4904849529266357
39,6018,-6.607255935668945,-0.4735570251941681
39,6019,-8.50800609588623,-5.33161735534668
39,6020,-8.174029350280762,4.552571773529053
39,6021,-5.818033218383789,-1.4227544069290161
39,6022,-8.649785995483398,-3.4590306282043457
39,6023,-7.874885559082031,-5.839882850646973
39,6024,-10.577645301818848,2.023322105407715
39,6025,-7.156470775604248,-3.883444309234619
39,6026,-9.11744499206543,-1.460326910018921
39,6027,-6.433379173278809,-3.033874988555908
39,6028,-6.750399589538574,-2.004573106765747
39,6029,-7.419670581817627,-2.231684684753418
39,6030,-7.163801193237305,-1.9075250625610352
39,6031,-7.8063273429870605,-2.173314094543457
39,6032,-7.8302717208862305,-2.8695530891418457
39,6033,-8.27365493774414,4.277156829833984
39,6034,-7.144495964050293,-2.234269142150879
39,6035,-7.922200679779053,-3.0964717864990234
39,6036,-7.460680961608887,-5.629205703735352
39,6037,-7.123475551605225,1.7806594371795654
39,6038,-8.029409408569336,-1.9692606925964355
39,6039,-6.823291778564453,-2.706056594848633
39,6040,-6.756563663482666,-1.0271422863006592
39,6041,-7.558550834655762,2.995617389678955
39,6042,-6.442586898803711,-6.667874336242676
39,6043,-7.586906433105469,-4.2696990966796875
39,6044,-7.331301212310791,-4.961672782897949
39,6045,-7.826364994049072,-3.255375385284424
39,6046,-9.327293395996094,-3.852858066558838
39,6047,-5.568670749664307,-3.8577630519866943
39,6048,-7.415321350097656,-2.983490467071533
39,6049,-9.291332244873047,-5.936884880065918
39,6050,-7.783841609954834,1.2539417743682861
39,6051,-7.904247283935547,-7.336017608642578
39,6052,-7.127077579498291,0.23859348893165588
39,6053,-7.57480001449585,1.250352144241333
39,6054,-7.487617492675781,-5.175104141235352
39,6055,-6.2356696128845215,-2.5739285945892334
39,6056,-7.23868465423584,-0.16172188520431519
39,6057,-7.134665489196777,0.701988697052002
39,6058,-7.694714069366455,-2.448162317276001
39,6059,-7.190936088562012,-0.009815141558647156
39,6060,-6.912823677062988,-5.9340362548828125
39,6061,-6.603373050689697,0.23291900753974915
39,6062,-7.444101333618164,-4.235922813415527
39,6063,-8.361504554748535,0.29341232776641846
39,6064,-6.5623273849487305,-4.707364559173584
39,6065,-7.919907093048096,-3.1236162185668945
39,6066,-7.477095603942871,-1.3818013668060303
39,6067,-7.50880241394043,-2.938596248626709
39,6068,-7.355226039886475,-5.1516313552856445
39,6069,-6.414551258087158,0.34580713510513306
39,6070,-8.684892654418945,-1.489074468612671
39,6071,-7.155566215515137,-2.5188822746276855
39,6072,-7.583701133728027,-5.865615367889404
39,6073,-7.470602035522461,-2.9302003383636475
39,6074,-6.326906204223633,0.6081079244613647
39,6075,-6.845701694488525,-6.869107246398926
39,6076,-7.275630950927734,-0.8597314357757568
39,6077,-7.925472736358643,-8.381772994995117
39,6078,-7.336850166320801,-3.4399020671844482
39,6079,-7.671074867248535,-1.788316249847412
39,6080,-8.132859230041504,-1.352602481842041
39,6081,-7.540786266326904,-3.6781907081604004
39,6082,-7.257756233215332,-0.3908027708530426
39,6083,-7.25614595413208,-2.9161834716796875
39,6084,-6.218092441558838,-5.996989727020264
40,6085,-8.131476402282715,-1.5090878009796143
40,6086,-7.473191738128662,0.06586119532585144
40,6087,-6.70137882232666,-0.17266443371772766
40,6088,-8.75091552734375,-5.312178611755371
40,6089,-7.105893135070801,-0.648684561252594
40,6090,-6.921614170074463,-3.1194095611572266
40,6091,-8.623257637023926,-3.7341532707214355
40,6092,-10.087944984436035,-5.072791576385498
40,6093,-7.227176189422607,0.05077701807022095
40,6094,-8.561753273010254,-2.8031187057495117
40,6095,-7.821172714233398,1.1365309953689575
40,6096,-6.756128787994385,-2.5064122676849365
40,6097,-7.580984115600586,-1.2149977684020996
40,6098,-8.19577407836914,-1.0379725694656372
40,6099,-7.720953941345215,-2.0141239166259766
40,6100,-7.943306922912598,-5.847450256347656
40,6101,-6.936629295349121,-4.559974193572998
40,6102,-7.896885871887207,-1.7169913053512573
40,6103,-8.141270637512207,-1.8141998052597046
40,6104,-6.75990104675293,-5.100869178771973
40,6105,-7.06638765335083,-2.0837604999542236
40,6106,-9.307159423828125,2.7226784229278564
40,6107,-8.881582260131836,-3.6711926460266113
40,6108,-7.738068580627441,-2.6028242111206055
40,6109,-6.84684944152832,-2.750737190246582
40,6110,-6.845921993255615,1.3820856809616089
40,6111,-7.091975212097168,-2.884579658508301
40,6112,-8.821102142333984,-5.06683874130249
40,6113,-7.77693510055542,-0.0929797887802124
40,6114,-8.20718002319336,-4.924150466918945
40,6115,-8.924739837646484,4.567347526550293
40,6116,-6.945810317993164,-2.7080211639404297
40,6117,-8.403949737548828,0.023356840014457703
40,6118,-8.741730690002441,-3.8528127670288086
40,6119,-6.9898247718811035,-2.1210641860961914
40,6120,-6.864964485168457,-0.4986231327056885
40,6121,-6.886953353881836,-1.2665365934371948
40,6122,-7.960215091705322,-1.893448829650879
40,6123,-7.115596771240234,-4.872002124786377
40,6124,-8.460325241088867,4.48628044128418
40,6125,-7.822628974914551,-5.151729106903076
40,6126,-6.743230819702148,-4.044594764709473
40,6127,-7.746415615081787,-4.010795593261719
40,6128,-9.023237228393555,-0.11477115750312805
40,6129,-8.137325286865234,2.0756711959838867
40,6130,-6.46344518661499,-0.05174089968204498
40,6131,-7.15798282623291,0.5000523924827576
40,6132,-7.0848188400268555,-1.7237375974655151
40,6133,-8.290111541748047,-4.0926618576049805
40,6134,-6.7107014656066895,0.6161391139030457
40,6135,-6.670351982116699,-2.9311580657958984
40,6136,-7.013401031494141,-1.0780625343322754
40,6137,-7.186230659484863,-1.4224886894226074
40,6138,-8.0241060256958,-4.507624626159668
40,6139,-6.914261817932129,-2.270570755004883
40,6140,-7.373172760009766,1.9019221067428589
40,6141,-8.184577941894531,-3.05257511138916
40,6142,-6.291498184204102,-0.8175430297851562
40,6143,-7.731407165527344,-5.42613410949707
40,6144,-6.775973796844482,1.273393154144287
40,6145,-6.907108306884766,-3.4644885063171387
40,6146,-8.497560501098633,0.22861289978027344
40,6147,-7.589189052581787,-0.49847495555877686
40,6148,-8.0669584274292,-4.016483306884766
40,6149,-7.034727573394775,-1.6688787937164307
40,6150,-7.536532878875732,-3.8854854106903076
40,6151,-8.031316757202148,0.3868202269077301
40,6152,-7.296680450439453,-2.4404592514038086
40,6153,-7.572694778442383,-3.448202133178711
40,6154,-7.411200523376465,-0.8874921202659607
40,6155,-7.431370735168457,3.033181667327881
40,6156,-8.11711311340332,-3.4697465896606445
40,6157,-7.5295562744140625,-0.301493376493454
40,6158,-7.391587734222412,-0.8344974517822266
40,6159,-6.701224327087402,-4.61577033996582
40,6160,-7.314277648925781,-0.026936054229736328
40,6161,-8.802932739257812,-5.81904411315918
40,6162,-7.0658087730407715,-3.7837085723876953
40,6163,-7.533660411834717,1.565598487854004
40,6164,-6.5597710609436035,-1.502979040145874
40,6165,-7.300498008728027,-2.0563201904296875
40,6166,-7.040843963623047,-5.201005935668945
40,6167,-6.2024407386779785,-1.5580995082855225
40,6168,-6.578679084777832,-1.193239688873291
40,6169,-7.9281110763549805,1.8353347778320312
40,6170,-8.253316879272461,-2.8368053436279297
40,6171,-6.629944324493408,-2.042613983154297
40,6172,-7.383647918701172,-3.2304515838623047
40,6173,-6.751909255981445,-4.231665134429932
40,6174,-6.7760210037231445,-0.25868964195251465
40,6175,-6.880776882171631,-3.4140286445617676
40,6176,-7.651512145996094,3.473111152648926
40,6177,-6.948822975158691,0.838793933391571
40,6178,-7.485173225402832,-3.5191245079040527
40,6179,-8.483781814575195,-5.383918762207031
40,6180,-7.606015205383301,3.758690357208252
40,6181,-6.885941028594971,-3.7932724952697754
40,6182,-7.68129825592041,0.005163237452507019
40,6183,-8.033489227294922,4.817431449890137
40,6184,-7.524832725524902,-4.480108737945557
40,6185,-6.901357650756836,-0.38027429580688477
40,6186,-8.63607120513916,2.9364657402038574
40,6187,-6.7504191398620605,-2.2404723167419434
40,6188,-7.085921287536621,2.129765272140503
40,6189,-7.187643051147461,-5.420063018798828
40,6190,-7.8905744552612305,-4.76458740234375
40,6191,-6.724551200866699,-2.83199405670166
40,6192,-7.936859130859375,-0.08768919110298157
40,6193,-6.966054916381836,-9.18405532836914
40,6194,-4.963081359863281,-4.195611953735352
40,6195,-6.371658802032471,0.6899752020835876
40,6196,-6.9162445068359375,-5.633273124694824
40,6197,-7.424600124359131,-2.6372900009155273
40,6198,-7.511895179748535,-0.7281554341316223
40,6199,-7.702709197998047,-3.64642333984375
40,6200,-7.098039627075195,-0.6713714599609375
40,6201,-7.0308403968811035,-0.2527145445346832
40,6202,-7.38474702835083,-1.5767157077789307
40,6203,-7.119532585144043,0.22319847345352173
40,6204,-7.283912181854248,-5.298189640045166
40,6205,-6.372034072875977,3.870374917984009
40,6206,-8.362395286560059,-1.2425098419189453
40,6207,-6.980682373046875,-3.933997631072998
40,6208,-7.982036590576172,-1.7024062871932983
40,6209,-6.231024742126465,-1.012979507446289
40,6210,-8.249174118041992,-2.4758715629577637
40,6211,-7.383554935455322,-1.402837872505188
40,6212,-6.922752380371094,1.8826088905334473
40,6213,-7.666817665100098,-3.296633005142212
40,6214,-9.511212348937988,-7.017728805541992
40,6215,-6.37495231628418,-2.0814895629882812
40,6216,-6.767138957977295,-1.9485254287719727
40,6217,-6.271255016326904,-0.5574741363525391
40,6218,-6.580615997314453,-1.9106554985046387
40,6219,-7.0753326416015625,-4.056206703186035
40,6220,-7.902780055999756,2.6737256050109863
40,6221,-8.524980545043945,-0.08545494824647903
40,6222,-6.5516862869262695,-3.3495123386383057
40,6223,-6.14366340637207,-2.152601718902588
40,6224,-7.940046310424805,-3.0035793781280518
40,6225,-7.163762092590332,-0.8113067150115967
40,6226,-6.870573997497559,1.1342204809188843
40,6227,-7.292564392089844,-2.8955307006835938
40,6228,-7.346166610717773,-2.147294044494629
40,6229,-7.924509048461914,-1.885339617729187
40,6230,-6.451173782348633,2.7006916999816895
40,6231,-7.1375579833984375,-4.646664142608643
40,6232,-7.559144020080566,-2.5690226554870605
40,6233,-7.154498100280762,-2.3068671226501465
40,6234,-8.924259185791016,1.150994062423706
40,6235,-6.324140548706055,0.17538674175739288
40,6236,-6.91068696975708,-1.4891738891601562
40,6237,-7.372832298278809,-7.581579208374023
40,6238,-7.2779107093811035,0.4445280432701111
40,6239,-6.734033584594727,-1.2168232202529907
40,6240,-8.397451400756836,-0.4357527494430542
41,6241,-7.7627692222595215,-0.8976129293441772
41,6242,-8.161201477050781,-2.7750813961029053
41,6243,-7.930929660797119,-1.406417965888977
41,6244,-7.2859721183776855,-0.5774897336959839
41,6245,-8.502948760986328,-3.481781482696533
41,6246,-8.317784309387207,-2.0139241218566895
41,6247,-6.047746658325195,-2.23110294342041
41,6248,-6.2869720458984375,-1.1557600498199463
41,6249,-8.26317310333252,-0.3290594816207886
41,6250,-7.424407005310059,-2.8743600845336914
41,6251,-7.062711715698242,1.2708699703216553
41,6252,-8.100054740905762,-4.204007148742676
41,6253,-7.102237224578857,-0.4202207624912262
41,6254,-7.60528564453125,1.7268857955932617
41,6255,-7.119086265563965,1.231882929801941
41,6256,-7.853769779205322,-2.445919990539551
41,6257,-8.063210487365723,-1.5140321254730225
41,6258,-6.8002095222473145,2.4413814544677734
41,6259,-8.802681922912598,-3.125065326690674
41,6260,-6.374640941619873,1.9420682191848755
41,6261,-6.951322555541992,2.447147846221924
41,6262,-7.658763408660889,-6.804478645324707
41,6263,-7.636072635650635,2.7808890342712402
41,6264,-7.843965530395508,-0.5126559734344482
41,6265,-6.95326566696167,-3.320373058319092
41,6266,-7.650696754455566,-1.752945899963379
41,6267,-7.524396896362305,-2.3298840522766113
41,6268,-7.952132225036621,-1.026970624923706
41,6269,-7.462479591369629,-1.8420121669769287
41,6270,-7.205286502838135,0.3837336599826813
41,6271,-8.121410369873047,-1.540557622909546
41,6272,-7.229782581329346,-1.016129970550537
41,6273,-7.57051420211792,-2.227771282196045
41,6274,-8.419879913330078,-10.498067855834961
41,6275,-6.268326282501221,1.8807730674743652
41,6276,-7.889976978302002,-2.585195541381836
41,6277,-7.056209087371826,-0.8486567735671997
41,6278,-8.033761978149414,-5.453836441040039
41,6279,-7.33781099319458,-2.3997461795806885
41,6280,-7.187267303466797,-0.7321810126304626
41,6281,-6.341891288757324,-5.300922393798828
41,6282,-9.968048095703125,0.6710724830627441
41,6283,-6.789700031280518,-4.525162696838379
41,6284,-8.358579635620117,1.1438562870025635
41,6285,-8.102204322814941,-4.098408222198486
41,6286,-6.528517246246338,-6.186079978942871
41,6287,-7.243774890899658,-2.5371170043945312
41,6288,-7.47495174407959,-1.297177791595459
41,6289,-8.814242362976074,0.5767326354980469
41,6290,-7.498560905456543,-1.671169400215149
41,6291,-7.588648796081543,-3.733870267868042
41,6292,-7.0902252197265625,-4.242249011993408
41,6293,-6.877061367034912,-6.900716304779053
41,6294,-8.925233840942383,0.8296116590499878
41,6295,-6.3418498039245605,-3.0409042835235596
41,6296,-7.606761932373047,-6.409448623657227
41,6297,-7.43763542175293,-3.624907970428467
41,6298,-7.085137367248535,1.8347795009613037
41,6299,-7.364954471588135,-2.094693660736084
41,6300,-7.53570032119751,-1.0449285507202148
41,6301,-7.863173007965088,1.0212327241897583
41,6302,-7.622348308563232,-6.107350826263428
41,6303,-6.33050537109375,-5.260646820068359
41,6304,-7.5195841789245605,-2.962209701538086
41,6305,-7.920688629150391,-3.286111831665039
41,6306,-7.784115791320801,-0.9030774235725403
41,6307,-7.744940757751465,-1.2050280570983887
41,6308,-7.171380996704102,-3.615490674972534
41,6309,-6.980530738830566,-4.719935417175293
41,6310,-7.760390281677246,-5.019503593444824
41,6311,-7.539447784423828,-0.6733220815658569
41,6312,-7.243225574493408,-2.302140474319458
41,6313,-7.747241973876953,-4.271911144256592
41,6314,-7.299342632293701,-3.0917763710021973
41,6315,-8.335800170898438,-1.4628777503967285
41,6316,-5.5893330574035645,-3.3014564514160156
41,6317,-7.213221549987793,0.14713190495967865
41,6318,-6.7108869552612305,0.13480687141418457
41,6319,-8.089727401733398,-2.9187164306640625
41,6320,-8.117964744567871,-6.9524102210998535
41,6321,-7.203371524810791,-2.0691239833831787
41,6322,-8.864941596984863,3.6710972785949707
41,6323,-8.895190238952637,2.4330008029937744
41,6324,-6.3307061195373535,-0.7568713426589966
41,6325,-8.157419204711914,-6.807882308959961
41,6326,-6.785487174987793,-5.94985818862915
41,6327,-8.78161334991455,-6.202284336090088
41,6328,-7.379243850708008,-0.3011139929294586
41,6329,-6.775854110717773,-4.554041862487793
41,6330,-7.588747501373291,-5.437810897827148
41,6331,-7.926565170288086,1.4604153633117676
41,6332,-7.907486915588379,-5.05806827545166
41,6333,-6.655098915100098,-1.186617136001587
41,6334,-8.605257034301758,-0.5291478037834167
41,6335,-7.931610584259033,-1.0096110105514526
41,6336,-7.729755401611328,-3.838101863861084
41,6337,-6.207409858703613,-7.904297351837158
41,6338,-7.079909801483154,2.030456304550171
41,6339,-8.424539566040039,-4.355528831481934
41,6340,-7.531793117523193,2.3813188076019287
41,6341,-8.105143547058105,-2.033656597137451
41,6342,-6.995183944702148,-6.270702362060547
41,6343,-8.352344512939453,-0.9756433367729187
41,6344,-8.170398712158203,-6.178777694702148
41,6345,-6.473880290985107,-2.2981295585632324
41,6346,-7.12091588973999,-3.7065463066101074
41,6347,-6.053205490112305,-5.253760814666748
41,6348,-7.4639081954956055,-2.0166208744049072
41,6349,-6.4290771484375,0.8324445486068726
41,6350,-7.955718994140625,0.1953694373369217
41,6351,-8.141427993774414,-0.9732205867767334
41,6352,-8.154744148254395,-4.203488349914551
41,6353,-6.666308403015137,-5.147388935089111
41,6354,-7.092325687408447,0.6215509176254272
41,6355,-8.15020751953125,4.159627437591553
41,6356,-7.308401107788086,-3.0761032104492188
41,6357,-7.345276832580566,2.9111084938049316
41,6358,-7.392391204833984,-5.577056884765625
41,6359,-7.107832908630371,-5.052692890167236
41,6360,-7.897347927093506,-7.592764854431152
41,6361,-6.962762832641602,-2.0420737266540527
41,6362,-8.063799858093262,1.7285618782043457
41,6363,-7.024092197418213,-3.8297598361968994
41,6364,-6.809545993804932,0.2730347514152527
41,6365,-7.60787296295166,-4.142259120941162
41,6366,-7.572033405303955,-1.1436758041381836
41,6367,-8.758577346801758,1.776829719543457
41,6368,-7.517577171325684,-0.36567455530166626
41,6369,-7.90465784072876,-2.529273509979248
41,6370,-6.8509521484375,-4.391959190368652
41,6371,-7.5473761558532715,1.988903284072876
41,6372,-8.707106590270996,0.36169126629829407
41,6373,-7.715230941772461,1.5800800323486328
41,6374,-8.628748893737793,-1.2737278938293457
41,6375,-7.851679801940918,-0.11557306349277496
41,6376,-6.41695499420166,-4.045590400695801
41,6377,-7.844664573669434,-6.471891403198242
41,6378,-6.623374938964844,-2.868302822113037
41,6379,-7.565004825592041,-8.611272811889648
41,6380,-7.487736701965332,-2.6068668365478516
41,6381,-6.845861911773682,-7.6483073234558105
41,6382,-6.909004211425781,-0.6477082371711731
41,6383,-6.913064002990723,-4.497204780578613
41,6384,-7.687121391296387,0.2037564516067505
41,6385,-7.49652099609375,0.35932207107543945
41,6386,-8.311885833740234,4.219675064086914
41,6387,-6.4810967445373535,-1.5137302875518799
41,6388,-8.162349700927734,-2.32999849319458
41,6389,-5.634189128875732,-2.4459729194641113
41,6390,-7.204097747802734,-0.47521504759788513
41,6391,-6.403911590576172,-4.387613296508789
41,6392,-6.240605354309082,-1.5807087421417236
41,6393,-5.992593765258789,-4.720586776733398
41,6394,-8.184947967529297,0.48450952768325806
41,6395,-7.491347312927246,-2.566287040710449
41,6396,-7.599703788757324,-0.8479851484298706
42,6397,-6.421191215515137,4.175981521606445
42,6398,-7.231748580932617,-1.4093915224075317
42,6399,-8.386159896850586,-3.578223705291748
42,6400,-6.86300802230835,-2.303750514984131
42,6401,-8.553862571716309,2.5962798595428467
42,6402,-7.603885173797607,-0.01483193039894104
42,6403,-7.075216770172119,-2.909188747406006
42,6404,-10.345417022705078,-4.999576568603516
42,6405,-6.323256015777588,-2.603346824645996
42,6406,-8.146842002868652,-0.9511232376098633
42,6407,-6.745081424713135,1.6021218299865723
42,6408,-7.645305633544922,1.7820277214050293
42,6409,-7.927295207977295,-1.3608527183532715
42,6410,-7.592110633850098,-0.13136699795722961
42,6411,-7.431107521057129,-1.3506450653076172
42,6412,-7.835818767547607,0.12217366695404053
42,6413,-7.52749490737915,-3.6118972301483154
42,6414,-8.648820877075195,0.9860118627548218
42,6415,-6.949156761169434,-4.567712783813477
42,6416,-9.615409851074219,4.320527076721191
42,6417,-6.6357035636901855,-4.87928581237793
42,6418,-8.110772132873535,-1.3284978866577148
42,6419,-6.9038896560668945,-3.3318655490875244
42,6420,-8.621251106262207,-4.818312168121338
42,6421,-8.767005920410156,5.709146499633789
42,6422,-7.745474815368652,-6.58687162399292
42,6423,-6.497712135314941,0.6643307209014893
42,6424,-6.961042404174805,-2.8674354553222656
42,6425,-7.374785900115967,-2.187690496444702
42,6426,-7.711870193481445,-7.416835784912109
42,6427,-8.160216331481934,-5.443626403808594
42,6428,-7.245604038238525,-4.145561218261719
42,6429,-8.55152702331543,2.1671552658081055
42,6430,-7.663624286651611,-1.8239680528640747
42,6431,-6.82305908203125,-0.504742443561554
42,6432,-7.192839622497559,-5.715092658996582
42,6433,-7.472899913787842,-1.4676799774169922
42,6434,-7.913746356964111,-3.33225679397583
42,6435,-9.267475128173828,1.9569778442382812
42,6436,-7.0584516525268555,-7.745344161987305
42,6437,-8.569563865661621,-10.371358871459961
42,6438,-7.233817100524902,-4.036725997924805
42,6439,-7.177032470703125,-1.6602367162704468
42,6440,-6.441795349121094,-5.2946062088012695
42,6441,-7.058449745178223,-1.9566025733947754
42,6442,-9.218877792358398,-0.20863454043865204
42,6443,-6.880068778991699,-0.2750469744205475
42,6444,-6.432928085327148,0.08500702679157257
42,6445,-7.279661178588867,-1.4164535999298096
42,6446,-7.652681827545166,0.4645856022834778
42,6447,-8.374895095825195,-4.323415756225586
42,6448,-6.490903854370117,-1.7075529098510742
42,6449,-7.68029260635376,-1.6743345260620117
42,6450,-7.854559898376465,-4.494285583496094
42,6451,-8.748130798339844,2.1451635360717773
42,6452,-6.397052764892578,-4.904196739196777
42,6453,-7.248322010040283,-4.164178848266602
42,6454,-7.38567590713501,-0.9056024551391602
42,6455,-7.14884090423584,-3.2842016220092773
42,6456,-6.832508087158203,-3.514242172241211
42,6457,-8.150548934936523,-3.9077324867248535
42,6458,-7.346123218536377,-0.30200809240341187
42,6459,-6.793544292449951,-5.662703037261963
42,6460,-9.445409774780273,-4.615377902984619
42,6461,-7.508713245391846,-3.118699550628662
42,6462,-8.107083320617676,5.705676078796387
42,6463,-9.791330337524414,-3.473221778869629
42,6464,-7.358687877655029,-2.3607914447784424
42,6465,-6.835824966430664,-1.962697982788086
42,6466,-7.5880608558654785,0.755852222442627
42,6467,-7.688573837280273,-4.484004497528076
42,6468,-7.619811534881592,-3.272894859313965
42,6469,-6.66639518737793,-0.5862061381340027
42,6470,-7.269115447998047,-5.915439605712891
42,6471,-7.222649574279785,0.8919473886489868
42,6472,-7.797980308532715,2.3077311515808105
42,6473,-7.513108730316162,-4.66131591796875
42,6474,-6.790611743927002,-2.4144530296325684
42,6475,-6.751682758331299,4.509614944458008
42,6476,-6.905373573303223,0.5459465980529785
42,6477,-7.884832382202148,-3.093224048614502
42,6478,-6.5229172706604,-1.536270260810852
42,6479,-6.844614028930664,1.5470380783081055
42,6480,-6.271158218383789,-2.1075937747955322
42,6481,-9.892377853393555,-7.972739219665527
42,6482,-7.305440902709961,2.0839717388153076
42,6483,-5.945270538330078,-4.315950393676758
42,6484,-5.956613540649414,-6.155936241149902
42,6485,-6.954850196838379,-3.7043936252593994
42,6486,-7.408056259155273,-2.1444389820098877
42,6487,-7.578571796417236,-4.10170316696167
42,6488,-8.1793851852417,-2.4165916442871094
42,6489,-8.07702350616455,-4.6404595375061035
42,6490,-7.6124467849731445,2.048020601272583
42,6491,-7.544658660888672,-4.73630428314209
42,6492,-8.16082763671875,-0.0798749029636383
42,6493,-6.874160289764404,-6.0571608543396
42,6494,-6.930634498596191,-3.374858856201172
42,6495,-7.698410987854004,3.6287307739257812
42,6496,-8.90433406829834,-0.28318753838539124
42,6497,-6.8050761222839355,-3.5021591186523438
42,6498,-7.295342922210693,-3.891620635986328
42,6499,-5.8694000244140625,-2.5188004970550537
42,6500,-5.969124794006348,-0.6355906128883362
42,6501,-7.34688138961792,0.42729365825653076
42,6502,-7.868554592132568,-3.9070663452148438
42,6503,-8.733160018920898,-0.5629251003265381
42,6504,-7.267014503479004,-5.93576717376709
42,6505,-7.3513383865356445,2.1740617752075195
42,6506,-6.255411148071289,-2.1745223999023438
42,6507,-7.450830459594727,-4.45734977722168
42,6508,-7.832607269287109,1.401902198791504
42,6509,-7.537845134735107,-6.186110496520996
42,6510,-8.728166580200195,8.127586364746094
42,6511,-6.453113079071045,1.2604053020477295
42,6512,-6.2007904052734375,-7.679487228393555
42,6513,-6.387940883636475,-4.761969089508057
42,6514,-7.132501125335693,-5.853392601013184
42,6515,-6.42698860168457,-2.40017032623291
42,6516,-6.9990339279174805,-5.166542053222656
42,6517,-6.734044075012207,-2.0056490898132324
42,6518,-7.927655220031738,-1.702273964881897
42,6519,-6.944296836853027,-5.898548126220703
42,6520,-7.239902019500732,2.3617072105407715
42,6521,-8.23801040649414,1.9025390148162842
42,6522,-7.841363906860352,-6.542675971984863
42,6523,-6.837002754211426,0.8720698952674866
42,6524,-8.49036979675293,-3.263848066329956
42,6525,-8.003600120544434,2.684575080871582
42,6526,-6.7930192947387695,-1.0218673944473267
42,6527,-7.22740364074707,-1.366048812866211
42,6528,-8.164655685424805,0.37833356857299805
42,6529,-7.5875563621521,-2.8227081298828125
42,6530,-7.124607563018799,-4.416072368621826
42,6531,-7.509614944458008,-3.9958581924438477
42,6532,-6.9980363845825195,-0.991672158241272
42,6533,-7.099462032318115,-8.72479248046875
42,6534,-7.946232795715332,-2.3284261226654053
42,6535,-7.137229919433594,-3.8946919441223145
42,6536,-8.231522560119629,-0.21463090181350708
42,6537,-7.4942545890808105,-9.32253646850586
42,6538,-6.229382514953613,-0.023764021694660187
42,6539,-7.422850131988525,4.773259162902832
42,6540,-8.051438331604004,-4.378779411315918
42,6541,-6.888543128967285,-0.2918875217437744
42,6542,-6.734278678894043,0.1846473515033722
42,6543,-7.058160305023193,-4.343631744384766
42,6544,-6.126353740692139,0.022300153970718384
42,6545,-7.002798080444336,-2.14668607711792
42,6546,-7.423148155212402,-0.8511695861816406
42,6547,-9.068692207336426,-4.414390563964844
42,6548,-7.3758225440979,-6.10133695602417
42,6549,-7.967288970947266,-0.9421528577804565
42,6550,-6.8402323722839355,-3.287818193435669
42,6551,-6.4975104331970215,-3.1292247772216797
42,6552,-7.250026226043701,-1.9094667434692383
43,6553,-6.606082916259766,-5.378524303436279
43,6554,-7.605207920074463,-3.6605916023254395
43,6555,-7.808208465576172,0.21097832918167114
43,6556,-8.613308906555176,-4.9578328132629395
43,6557,-7.474541664123535,-3.6638147830963135
43,6558,-7.719032287597656,-1.0046640634536743
43,6559,-7.498757362365723,-1.9473075866699219
43,6560,-7.184932708740234,0.13142670691013336
43,6561,-6.486246585845947,-1.452113151550293
43,6562,-9.159699440002441,-1.3856996297836304
43,6563,-7.129143238067627,-3.8644025325775146
43,6564,-7.734583854675293,-6.553127288818359
43,6565,-7.059099197387695,-3.600008726119995
43,6566,-6.141473293304443,-2.9174752235412598
43,6567,-8.39864730834961,0.014049738645553589
43,6568,-7.267748832702637,-1.2265069484710693
43,6569,-7.998280048370361,-4.171833038330078
43,6570,-7.240056991577148,-3.6575045585632324
43,6571,-9.436738967895508,3.719770908355713
43,6572,-7.490843296051025,-3.85502552986145
43,6573,-7.351755619049072,-1.9107383489608765
43,6574,-7.157824516296387,-3.4437978267669678
43,6575,-8.475805282592773,0.02418459951877594
43,6576,-7.309350967407227,-3.124323844909668
43,6577,-7.018507957458496,-2.215238571166992
43,6578,-8.774032592773438,0.3839813470840454
43,6579,-8.231746673583984,-2.6310088634490967
43,6580,-6.534957408905029,-2.7521772384643555
43,6581,-7.52956485748291,-1.8317724466323853
43,6582,-7.061731815338135,-2.736804485321045
43,6583,-7.030149936676025,-0.32951417565345764
43,6584,-6.757552623748779,-0.23389852046966553
43,6585,-7.683032512664795,-1.1771903038024902
43,6586,-7.815289497375488,-8.357364654541016
43,6587,-6.773754596710205,-2.803093910217285
43,6588,-7.5333027839660645,-3.7821407318115234
43,6589,-6.829502105712891,-0.06480327248573303
43,6590,-6.302713871002197,-4.3071608543396
43,6591,-7.5330491065979,-4.912075042724609
43,6592,-7.927159786224365,-0.8304373621940613
43,6593,-7.443592071533203,-4.482905387878418
43,6594,-7.008929252624512,-0.8737788200378418
43,6595,-9.073897361755371,-2.9663867950439453
43,6596,-8.330191612243652,1.1705756187438965
43,6597,-6.765649318695068,-1.1128761768341064
43,6598,-8.986337661743164,-4.283891677856445
43,6599,-8.065895080566406,5.084111213684082
43,6600,-6.672077178955078,-5.350868225097656
43,6601,-7.982707500457764,-0.27057597041130066
43,6602,-8.09200668334961,-1.2903857231140137
43,6603,-7.634281158447266,-0.48504528403282166
43,6604,-8.485347747802734,-4.488522052764893
43,6605,-7.624464988708496,0.32414114475250244
43,6606,-6.511138916015625,-3.2470815181732178
43,6607,-8.128116607666016,-7.427175521850586
43,6608,-7.281124114990234,-0.2623216509819031
43,6609,-7.778325080871582,-4.086633682250977
43,6610,-8.233417510986328,-3.9977052211761475
43,6611,-7.186984062194824,-3.3051390647888184
43,6612,-6.735504150390625,-0.7351356744766235
43,6613,-5.878843307495117,-1.6210100650787354
43,6614,-6.903356552124023,-0.6279340386390686
43,6615,-6.501091003417969,2.0360302925109863
43,6616,-6.383973121643066,-2.6423802375793457
43,6617,-7.794318675994873,4.919723987579346
43,6618,-8.136402130126953,0.6718703508377075
43,6619,-7.591204643249512,-2.4485390186309814
43,6620,-7.4687886238098145,0.5544873476028442
43,6621,-7.495698928833008,1.135061264038086
43,6622,-7.036355018615723,-5.541841506958008
43,6623,-7.398637771606445,-2.6843743324279785
43,6624,-7.431605339050293,-3.709134101867676
43,6625,-7.852046966552734,-0.5142186880111694
43,6626,-7.95279598236084,4.861735820770264
43,6627,-6.935459136962891,-4.319951057434082
43,6628,-7.818601131439209,-1.281510353088379
43,6629,-7.387746810913086,2.0686774253845215
43,6630,-6.743573188781738,-1.1307182312011719
43,6631,-6.467228889465332,-2.1547980308532715
43,6632,-7.696956634521484,-3.034879207611084
43,6633,-9.40529727935791,8.07597541809082
43,6634,-7.307168960571289,-4.408534049987793
43,6635,-6.763075828552246,-1.7711434364318848
43,6636,-9.314468383789062,-9.150395393371582
43,6637,-7.326756477355957,-3.9361658096313477
43,6638,-7.9642333984375,-0.08101680874824524
43,6639,-6.880507469177246,-6.050200939178467
43,6640,-7.224146842956543,-1.851299524307251
43,6641,-6.67210578918457,-1.4728084802627563
43,6642,-7.644978046417236,-8.85753059387207
43,6643,-9.47829818725586,1.6434707641601562
43,6644,-6.686304092407227,-2.3849873542785645
43,6645,-7.203525066375732,-8.355524063110352
43,6646,-6.411457538604736,-5.8473920822143555
43,6647,-6.8231353759765625,-2.716423749923706
43,6648,-8.10997486114502,-3.7210443019866943
43,6649,-7.051295280456543,1.5324842929840088
43,6650,-8.749049186706543,-5.03993034362793
43,6651,-7.401318550109863,-1.8394490480422974
43,6652,-6.799620628356934,-1.2432975769042969
43,6653,-8.036252975463867,-1.2985422611236572
43,6654,-7.195491313934326,-4.725255012512207
43,6655,-7.304976940155029,1.5181289911270142
43,6656,-7.594387531280518,3.1404871940612793
43,6657,-7.336225509643555,-0.027409911155700684
43,6658,-8.050333976745605,-6.471415996551514
43,6659,-8.127442359924316,-5.304842948913574
43,6660,-6.933529853820801,3.633892059326172
43,6661,-7.255374908447266,0.5139610767364502
43,6662,-7.972428798675537,-1.0794590711593628
43,6663,-6.386386394500732,-5.443243980407715
43,6664,-7.572246074676514,-0.9743466377258301
43,6665,-7.691237449645996,-1.5962198972702026
43,6666,-6.492467880249023,-0.8185446262359619
43,6667,-6.277706146240234,-3.8090806007385254
43,6668,-7.299997329711914,-2.1795544624328613
43,6669,-7.013206481933594,-2.0440759658813477
43,6670,-6.326918601989746,-1.1872278451919556
43,6671,-6.3500518798828125,-4.10367488861084
43,6672,-6.667411804199219,-2.890270709991455
43,6673,-6.779466152191162,-6.119300842285156
43,6674,-7.576778411865234,-0.46720051765441895
43,6675,-6.633107662200928,-5.696270942687988
43,6676,-5.9911723136901855,-3.7789931297302246
43,6677,-7.435444355010986,0.1532341092824936
43,6678,-5.800531387329102,-4.277165412902832
43,6679,-7.357828617095947,-7.226914405822754
43,6680,-7.677962303161621,-1.8919429779052734
43,6681,-8.12613296508789,-1.606361985206604
43,6682,-7.356773376464844,-2.315031051635742
43,6683,-6.789450645446777,-0.20701608061790466
43,6684,-6.827664375305176,0.48556697368621826
43,6685,-7.287542819976807,-3.6095004081726074
43,6686,-8.173433303833008,-5.4284515380859375
43,6687,-7.8931379318237305,-3.1527740955352783
43,6688,-7.799895763397217,-10.435132026672363
43,6689,-5.96601676940918,-4.363892555236816
43,6690,-6.849989891052246,-2.366225004196167
43,6691,-6.649181365966797,-6.250971794128418
43,6692,-7.375782012939453,-1.0927250385284424
43,6693,-7.40516471862793,-2.1354403495788574
43,6694,-8.938972473144531,-2.3264455795288086
43,6695,-8.144367218017578,-3.267082929611206
43,6696,-7.645932197570801,1.8115513324737549
43,6697,-7.598750114440918,-4.691168308258057
43,6698,-7.347833156585693,-1.9105613231658936
43,6699,-5.978155136108398,-4.4594879150390625
43,6700,-7.447901725769043,-4.082817077636719
43,6701,-7.646872043609619,0.8334510922431946
43,6702,-7.58603048324585,-3.6500041484832764
43,6703,-7.330720901489258,1.3469727039337158
43,6704,-7.116452217102051,-1.2857133150100708
43,6705,-6.722843170166016,1.0918055772781372
43,6706,-7.176748275756836,-1.0006871223449707
43,6707,-7.341647624969482,3.670736312866211
43,6708,-7.523725986480713,-7.193334579467773
44,6709,-7.02377462387085,-3.3711278438568115
44,6710,-7.887542724609375,4.396618366241455
44,6711,-7.921298027038574,-3.505875825881958
44,6712,-7.009786605834961,-1.1575889587402344
44,6713,-7.276873588562012,-2.7311952114105225
44,6714,-8.15017318725586,0.45614272356033325
44,6715,-6.559189796447754,-6.893893241882324
44,6716,-7.017220497131348,-3.0947775840759277
44,6717,-7.296113967895508,-4.392427444458008
44,6718,-7.513134002685547,-2.5984787940979004
44,6719,-7.084893226623535,2.2375192642211914
44,6720,-7.7242631912231445,-0.005162715911865234
44,6721,-8.104780197143555,2.058159589767456
44,6722,-6.801995277404785,-2.8458290100097656
44,6723,-9.147526741027832,-0.21864372491836548
44,6724,-7.233246326446533,-0.10943770408630371
44,6725,-8.338071823120117,-5.1331305503845215
44,6726,-7.309845924377441,-1.1601401567459106
44,6727,-7.662772178649902,-1.2685275077819824
44,6728,-8.174915313720703,-1.02537202835083
44,6729,-6.694842338562012,-2.6529221534729004
44,6730,-8.353368759155273,2.509166717529297
44,6731,-8.05338191986084,-3.8315281867980957
44,6732,-7.376355171203613,-2.7446465492248535
44,6733,-7.012537479400635,-3.435936212539673
44,6734,-7.240464687347412,-3.7679896354675293
44,6735,-8.078241348266602,-3.4135048389434814
44,6736,-7.235043048858643,-3.271089553833008
44,6737,-8.003936767578125,0.3170323669910431
44,6738,-7.684202671051025,-5.0131659507751465
44,6739,-7.442537307739258,-7.023983955383301
44,6740,-7.969536304473877,1.3343784809112549
44,6741,-7.755037307739258,-2.7726898193359375
44,6742,-8.316888809204102,-3.1290009021759033
44,6743,-8.810806274414062,-0.8823111653327942
44,6744,-6.715353012084961,-2.4697370529174805
44,6745,-7.712885856628418,-1.941554307937622
44,6746,-7.698136329650879,-3.828387498855591
44,6747,-7.948061943054199,-1.3321155309677124
44,6748,-6.502969741821289,-2.63358211517334
44,6749,-8.329926490783691,4.00568151473999
44,6750,-6.989161968231201,-4.048056602478027
44,6751,-6.556677341461182,0.33010077476501465
44,6752,-8.062164306640625,-2.1293575763702393
44,6753,-6.840527057647705,-5.092801570892334
44,6754,-8.292989730834961,-4.520023345947266
44,6755,-8.05431079864502,1.3499442338943481
44,6756,-7.955256462097168,0.5307290554046631
44,6757,-7.338491439819336,-2.8572347164154053
44,6758,-8.02326488494873,-8.476153373718262
44,6759,-7.9105730056762695,2.6951546669006348
44,6760,-6.863371849060059,-3.994241714477539
44,6761,-7.732675552368164,1.5015571117401123
44,6762,-7.020290374755859,-1.572782039642334
44,6763,-6.808688163757324,-3.9733989238739014
44,6764,-7.450158596038818,-4.864193916320801
44,6765,-6.899589538574219,-5.230301856994629
44,6766,-7.384716987609863,-1.3041223287582397
44,6767,-6.892151355743408,-4.556197166442871
44,6768,-7.553938388824463,-4.642041206359863
44,6769,-7.272505760192871,-1.745774507522583
44,6770,-9.240984916687012,-1.8464637994766235
44,6771,-7.970394134521484,-2.492922306060791
44,6772,-7.6952290534973145,-0.9777318239212036
44,6773,-8.707151412963867,-1.0217938423156738
44,6774,-7.801587104797363,-3.542532205581665
44,6775,-7.236784934997559,1.113785982131958
44,6776,-6.808043479919434,-2.8842334747314453
44,6777,-7.40361213684082,-2.130707263946533
44,6778,-8.48575496673584,5.120413780212402
44,6779,-7.33879280090332,-3.845437526702881
44,6780,-7.303321838378906,-5.056517601013184
44,6781,-7.58104133605957,-1.8726673126220703
44,6782,-7.18764591217041,-3.048163414001465
44,6783,-7.942800045013428,-4.986855506896973
44,6784,-7.003687858581543,-2.7410473823547363
44,6785,-6.22987174987793,-1.5880004167556763
44,6786,-7.288838863372803,-3.5664138793945312
44,6787,-7.045934200286865,-4.309004783630371
44,6788,-9.09967041015625,-0.7419623136520386
44,6789,-6.210142135620117,-3.464311122894287
44,6790,-6.360591888427734,-2.0904970169067383
44,6791,-8.070155143737793,-1.2339024543762207
44,6792,-7.846693515777588,0.06613579392433167
44,6793,-6.569467067718506,-8.771666526794434
44,6794,-8.010807037353516,-2.68573260307312
44,6795,-7.1768798828125,-6.584495544433594
44,6796,-8.454330444335938,-8.725258827209473
44,6797,-7.546401023864746,-6.149486064910889
44,6798,-7.377134323120117,0.1016342043876648
44,6799,-8.21023178100586,-14.69511604309082
44,6800,-6.45781946182251,-4.170601844787598
44,6801,-6.908369064331055,-3.8687024116516113
44,6802,-7.075497150421143,-3.768996477127075
44,6803,-7.884454250335693,-0.16030925512313843
44,6804,-7.765740394592285,-4.7304487228393555
44,6805,-7.774562835693359,-0.04440769553184509
44,6806,-6.219716548919678,-2.384168863296509
44,6807,-8.250139236450195,-2.851985216140747
44,6808,-7.216019630432129,-1.587619423866272
44,6809,-7.65227746963501,-0.6980650424957275
44,6810,-7.282318592071533,-3.1721677780151367
44,6811,-7.949095726013184,0.6684495210647583
44,6812,-7.042519569396973,-4.329136371612549
44,6813,-5.905856609344482,-4.672675132751465
44,6814,-6.396683692932129,-3.1035163402557373
44,6815,-7.733818054199219,-4.450303077697754
44,6816,-6.896328926086426,2.65775203704834
44,6817,-7.999265193939209,0.8512402176856995
44,6818,-6.634363174438477,-2.191774845123291
44,6819,-7.033876895904541,-2.599362373352051
44,6820,-6.884303569793701,-7.129607200622559
44,6821,-7.855693340301514,-6.955694675445557
44,6822,-7.16489839553833,-0.535984992980957
44,6823,-10.812350273132324,5.373625755310059
44,6824,-6.247252464294434,-3.396331787109375
44,6825,-6.801177501678467,-3.8102314472198486
44,6826,-6.694186210632324,-4.455334663391113
44,6827,-7.8348846435546875,-6.886871337890625
44,6828,-6.663252830505371,-1.1562306880950928
44,6829,-7.802823543548584,2.9013357162475586
44,6830,-7.394779205322266,-9.318050384521484
44,6831,-7.8833723068237305,-4.656344890594482
44,6832,-5.939933776855469,-5.1158270835876465
44,6833,-8.457508087158203,-4.194851398468018
44,6834,-7.438424587249756,-2.1717581748962402
44,6835,-7.3607401847839355,0.3387082815170288
44,6836,-6.843252182006836,-9.59023380279541
44,6837,-7.362944602966309,-6.348752498626709
44,6838,-7.611334800720215,-5.909688949584961
44,6839,-7.264860153198242,0.7401139736175537
44,6840,-6.804107189178467,-5.943513870239258
44,6841,-7.2364301681518555,-4.978041648864746
44,6842,-6.907122611999512,-2.0052127838134766
44,6843,-6.77490234375,-5.262298583984375
44,6844,-7.121883869171143,-7.816025257110596
44,6845,-7.69072151184082,-0.43246564269065857
44,6846,-6.7738800048828125,-4.898446559906006
44,6847,-7.186328887939453,-5.2386064529418945
44,6848,-7.015318393707275,1.5338518619537354
44,6849,-6.305630683898926,-7.060641765594482
44,6850,-7.441206455230713,-1.1263971328735352
44,6851,-7.074138641357422,-6.485317707061768
44,6852,-7.255364418029785,-0.4679845869541168
44,6853,-8.019042015075684,-3.1000442504882812
44,6854,-7.07697868347168,-3.8909413814544678
44,6855,-7.591288089752197,-6.745240211486816
44,6856,-6.0253753662109375,2.6268155574798584
44,6857,-6.994891166687012,-3.177175998687744
44,6858,-6.67390251159668,-4.698524475097656
44,6859,-6.260595798492432,-1.2060824632644653
44,6860,-7.280311107635498,-2.5475878715515137
44,6861,-7.374143600463867,-5.963630676269531
44,6862,-6.8708319664001465,2.979397773742676
44,6863,-6.909139633178711,-5.344771385192871
44,6864,-6.481617450714111,-1.7677242755889893
45,6865,-7.1899189949035645,-4.137937545776367
45,6866,-7.787830352783203,-3.1956944465637207
45,6867,-8.02830696105957,-4.868954658508301
45,6868,-7.437057971954346,-4.532868385314941
45,6869,-7.675909042358398,-1.8467291593551636
45,6870,-6.652341842651367,-3.404237747192383
45,6871,-7.098424434661865,-1.1489441394805908
45,6872,-7.6354851722717285,-2.3116512298583984
45,6873,-8.890035629272461,-3.302030324935913
45,6874,-7.43477201461792,-4.149831771850586
45,6875,-7.379898548126221,-5.618523120880127
45,6876,-7.343104362487793,-3.5915961265563965
45,6877,-8.109408378601074,-0.7226368188858032
45,6878,-6.740233421325684,-3.2975974082946777
45,6879,-8.05066204071045,0.796687662601471
45,6880,-7.626031398773193,-3.4725804328918457
45,6881,-9.591592788696289,-3.5615594387054443
45,6882,-7.550676345825195,-3.2144389152526855
45,6883,-8.02661418914795,-3.045692205429077
45,6884,-7.215073108673096,-0.3083142042160034
45,6885,-8.876358985900879,-2.6940860748291016
45,6886,-6.847952842712402,-5.211783409118652
45,6887,-6.563767433166504,-3.8168277740478516
45,6888,-7.488189220428467,-4.477285385131836
45,6889,-9.450840950012207,-3.4662537574768066
45,6890,-8.10265064239502,2.4773664474487305
45,6891,-6.482709884643555,-2.7165210247039795
45,6892,-8.897512435913086,-6.34834098815918
45,6893,-7.622470855712891,5.717073440551758
45,6894,-6.630565166473389,-2.8255410194396973
45,6895,-8.018383026123047,-0.005147762596607208
45,6896,-7.227821350097656,-1.7791334390640259
45,6897,-7.5489501953125,-3.5419907569885254
45,6898,-6.574875354766846,-0.30881205201148987
45,6899,-7.780518531799316,-5.264019966125488
45,6900,-6.644017696380615,-3.211852788925171
45,6901,-7.1236724853515625,-2.345839500427246
45,6902,-10.123977661132812,-1.691831111907959
45,6903,-7.270993232727051,-2.4930195808410645
45,6904,-7.349138259887695,-6.120214462280273
45,6905,-8.19556713104248,-5.908124923706055
45,6906,-6.352176666259766,-0.8245512247085571
45,6907,-7.134719371795654,-0.8040685653686523
45,6908,-6.731095790863037,-0.8555152416229248
45,6909,-6.319619178771973,-3.4718923568725586
45,6910,-8.98703670501709,0.5566982626914978
45,6911,-7.831259250640869,-5.988438606262207
45,6912,-6.940195083618164,2.8062939643859863
45,6913,-7.026541233062744,1.5154259204864502
45,6914,-6.874885559082031,2.35361385345459
45,6915,-10.008761405944824,-7.458873748779297
45,6916,-6.596469879150391,2.492039203643799
45,6917,-7.626727104187012,3.3896875381469727
45,6918,-9.59093189239502,-4.981633186340332
45,6919,-6.478737831115723,-3.069390296936035
45,6920,-6.813157081604004,-5.892857074737549
45,6921,-7.63067626953125,0.03831671178340912
45,6922,-7.477368354797363,1.6099560260772705
45,6923,-6.449827671051025,-1.486205816268921
45,6924,-6.6826982498168945,-2.7201881408691406
45,6925,-7.302646160125732,-5.511780738830566
45,6926,-7.205791473388672,-5.031416893005371
45,6927,-7.41532039642334,-3.399843692779541
45,6928,-8.27642822265625,-7.843693733215332
45,6929,-6.523378372192383,-3.7523560523986816
45,6930,-6.773198127746582,-2.5029265880584717
45,6931,-7.96897029876709,-5.096823215484619
45,6932,-6.999262809753418,-4.269993782043457
45,6933,-6.149816513061523,-5.632683277130127
45,6934,-6.954415321350098,-6.786832809448242
45,6935,-6.737823486328125,1.2680432796478271
45,6936,-8.012205123901367,-3.1480531692504883
45,6937,-6.696656703948975,1.360258936882019
45,6938,-7.594671249389648,-5.201565742492676
45,6939,-7.378607749938965,-2.093811511993408
45,6940,-7.15313720703125,-1.0403705835342407
45,6941,-7.799127578735352,-5.3749799728393555
45,6942,-7.13010311126709,-6.73207950592041
45,6943,-7.797089576721191,0.32467418909072876
45,6944,-8.612527847290039,-4.821137428283691
45,6945,-6.989640235900879,4.044655799865723
45,6946,-7.012119770050049,-3.411569118499756
45,6947,-7.424609661102295,2.3248538970947266
45,6948,-8.162571907043457,-7.032964706420898
45,6949,-7.114918231964111,-3.9598217010498047
45,6950,-7.117197513580322,1.9877190589904785
45,6951,-6.841230392456055,-4.964459419250488
45,6952,-6.71960973739624,-3.052065134048462
45,6953,-6.150924205780029,-3.924361228942871
45,6954,-8.007878303527832,-3.790065050125122
45,6955,-8.523097038269043,-4.043107986450195
45,6956,-5.967221260070801,0.15501552820205688
45,6957,-8.141353607177734,-0.47792869806289673
45,6958,-8.01655387878418,-6.54132080078125
45,6959,-6.88976526260376,-2.238041877746582
45,6960,-8.059723854064941,-4.044332981109619
45,6961,-7.0155029296875,-6.9255828857421875
45,6962,-7.22239875793457,1.062651515007019
45,6963,-7.182594299316406,-6.832081317901611
45,6964,-7.287772178649902,-5.608761310577393
45,6965,-7.475075721740723,1.1860008239746094
45,6966,-7.746983528137207,-2.1487789154052734
45,6967,-7.441166877746582,-4.387072563171387
45,6968,-7.240238189697266,0.4545362591743469
45,6969,-7.473630905151367,-10.936483383178711
45,6970,-6.789639472961426,-3.4700767993927
45,6971,-7.136791229248047,4.076285362243652
45,6972,-7.13554573059082,-1.0996607542037964
45,6973,-7.414356231689453,-8.080759048461914
45,6974,-6.414616584777832,-1.3300793170928955
45,6975,-7.160656929016113,-6.4927778244018555
45,6976,-8.308842658996582,4.298433303833008
45,6977,-6.9962358474731445,0.6290096640586853
45,6978,-6.927894115447998,-1.6808043718338013
45,6979,-7.836129188537598,1.7459871768951416
45,6980,-7.696717262268066,-3.831753730773926
45,6981,-6.503625869750977,-6.278987884521484
45,6982,-7.7073259353637695,-2.689307689666748
45,6983,-7.070735454559326,-0.5558105707168579
45,6984,-7.754281044006348,0.4490665793418884
45,6985,-6.96536922454834,0.23320423066616058
45,6986,-7.698949813842773,-5.605871677398682
45,6987,-6.988585948944092,-2.7027065753936768
45,6988,-6.907906532287598,-4.253198623657227
45,6989,-7.863323211669922,-5.1995015144348145
45,6990,-8.217252731323242,-0.3021901845932007
45,6991,-6.34770393371582,-6.0152177810668945
45,6992,-6.910284519195557,-1.9126043319702148
45,6993,-7.414701461791992,1.5968947410583496
45,6994,-6.98691987991333,-4.158205032348633
45,6995,-7.4935078620910645,-4.564582347869873
45,6996,-7.834733009338379,-5.440248489379883
45,6997,-6.715051174163818,-1.5124173164367676
45,6998,-7.24305534362793,-2.5722243785858154
45,6999,-7.262307167053223,-2.44973087310791
45,7000,-7.490949630737305,-2.4435558319091797
45,7001,-7.589804649353027,-4.037660598754883
45,7002,-6.371271133422852,-3.9085488319396973
45,7003,-7.405905723571777,0.30607175827026367
45,7004,-7.811625003814697,-3.61346697807312
45,7005,-6.03635835647583,-3.738520383834839
45,7006,-7.258694648742676,-0.08244144916534424
45,7007,-5.8978753089904785,-5.430941104888916
45,7008,-7.278897285461426,-1.8128705024719238
45,7009,-6.7526445388793945,-4.819685935974121
45,7010,-8.583443641662598,-2.0212173461914062
45,7011,-6.942739009857178,-4.93913459777832
45,7012,-6.446975231170654,4.675889015197754
45,7013,-7.24850606918335,-4.81528902053833
45,7014,-7.245666980743408,-2.726823329925537
45,7015,-7.34597110748291,-0.1569117158651352
45,7016,-7.033080577850342,-1.3377970457077026
45,7017,-6.86594820022583,-0.18087419867515564
45,7018,-7.6798858642578125,-3.874861240386963
45,7019,-7.44424295425415,-8.732362747192383
45,7020,-8.725932121276855,-0.3563199043273926
46,7021,-7.521668434143066,-5.3524041175842285
46,7022,-7.109646797180176,-3.7660973072052
46,7023,-6.475862979888916,-1.874953269958496
46,7024,-7.050251007080078,-0.049131788313388824
46,7025,-8.496938705444336,-6.173749923706055
46,7026,-7.471215724945068,-1.327079176902771
46,7027,-7.834043502807617,-5.306838035583496
46,7028,-7.250857830047607,-2.148057460784912
46,7029,-7.399112701416016,-5.678538799285889
46,7030,-6.565878391265869,-3.853266716003418
46,7031,-7.789680480957031,-5.353257656097412
46,7032,-8.402524948120117,0.4307062029838562
46,7033,-7.593164920806885,-6.355522155761719
46,7034,-6.969936847686768,-8.279106140136719
46,7035,-8.985355377197266,-3.60276460647583
46,7036,-7.30586051940918,-2.86653208732605
46,7037,-10.534955978393555,-2.205387592315674
46,7038,-8.387687683105469,-6.37750768661499
46,7039,-7.6590447425842285,-4.276492118835449
46,7040,-6.658812999725342,-6.178267955780029
46,7041,-7.411037445068359,-2.70676326751709
46,7042,-7.412731170654297,-2.6507561206817627
46,7043,-8.384808540344238,-0.5186043977737427
46,7044,-7.588109970092773,-5.995307922363281
46,7045,-7.793191432952881,-1.457962155342102
46,7046,-7.729875087738037,-2.4041552543640137
46,7047,-8.69679069519043,-3.5358266830444336
46,7048,-6.788204193115234,-8.476824760437012
46,7049,-7.713168144226074,-6.5836262702941895
46,7050,-6.9742207527160645,-2.5435304641723633
46,7051,-8.1719970703125,-2.5004680156707764
46,7052,-6.188730716705322,0.34758201241493225
46,7053,-8.016084671020508,-6.104287147521973
46,7054,-7.722755432128906,-5.617753028869629
46,7055,-7.997865676879883,-1.0420715808868408
46,7056,-7.338386058807373,-10.20624828338623
46,7057,-7.293700218200684,-5.3910932540893555
46,7058,-7.295831680297852,-0.07825332880020142
46,7059,-7.745290756225586,-3.715127944946289
46,7060,-8.127974510192871,-2.1640875339508057
46,7061,-6.53945779800415,-5.359391212463379
46,7062,-6.994319438934326,-3.172597885131836
46,7063,-7.981063365936279,-5.517392635345459
46,7064,-7.364198684692383,-3.413248062133789
46,7065,-7.23879337310791,-0.12163259088993073
46,7066,-7.755494594573975,-6.722722053527832
46,7067,-7.063921928405762,-2.4343297481536865
46,7068,-6.381555557250977,-4.212011337280273
46,7069,-7.022884368896484,-3.4325718879699707
46,7070,-8.086847305297852,-1.3506311178207397
46,7071,-8.872385025024414,-8.046804428100586
46,7072,-7.670917510986328,1.2578096389770508
46,7073,-7.680398941040039,-2.168610095977783
46,7074,-6.787998199462891,-7.53316593170166
46,7075,-9.020820617675781,-11.366891860961914
46,7076,-6.926969051361084,-2.458644390106201
46,7077,-9.071822166442871,1.6432099342346191
46,7078,-7.931478977203369,-5.88829231262207
46,7079,-7.637085914611816,-2.997774600982666
46,7080,-8.888368606567383,-6.454922199249268
46,7081,-6.946942329406738,-1.214956283569336
46,7082,-6.528468608856201,-5.965236663818359
46,7083,-6.866284370422363,-3.2928035259246826
46,7084,-6.492950439453125,-2.971729278564453
46,7085,-8.194765090942383,-1.6130176782608032
46,7086,-7.592010498046875,-0.8151084184646606
46,7087,-8.542154312133789,-3.152801513671875
46,7088,-9.422643661499023,-1.6019270420074463
46,7089,-7.446897506713867,-1.3962368965148926
46,7090,-6.610281944274902,-0.8504254817962646
46,7091,-7.728638648986816,-5.562239646911621
46,7092,-7.069026947021484,-3.8886866569519043
46,7093,-6.819684982299805,-2.997860908508301
46,7094,-7.076571464538574,-2.5301096439361572
46,7095,-7.498007297515869,-1.129666805267334
46,7096,-8.23854923248291,0.5133813619613647
46,7097,-6.499420166015625,-8.223055839538574
46,7098,-8.199392318725586,-6.329947471618652
46,7099,-7.067817211151123,-4.7656402587890625
46,7100,-7.502501487731934,-2.724430561065674
46,7101,-7.223935604095459,-0.12332570552825928
46,7102,-6.841666221618652,-3.184645891189575
46,7103,-8.13658618927002,0.2831789255142212
46,7104,-6.296767711639404,-4.244283676147461
46,7105,-8.009099006652832,-5.449536323547363
46,7106,-10.238515853881836,1.0695265531539917
46,7107,-6.148051738739014,0.08114010095596313
46,7108,-6.339450836181641,-4.140361785888672
46,7109,-7.409889221191406,-6.885680675506592
46,7110,-8.137710571289062,-1.3925138711929321
46,7111,-6.154821395874023,-1.002246618270874
46,7112,-8.858881950378418,-7.658404350280762
46,7113,-6.877933502197266,1.271416187286377
46,7114,-7.6079421043396,-7.110416889190674
46,7115,-8.473305702209473,-6.365373611450195
46,7116,-5.900506019592285,1.7753491401672363
46,7117,-8.256978988647461,0.0336383581161499
46,7118,-7.032320022583008,-3.088198661804199
46,7119,-6.038139343261719,-2.2805113792419434
46,7120,-6.912683963775635,1.5241785049438477
46,7121,-8.959930419921875,-6.14320707321167
46,7122,-7.77468729019165,-0.7143391370773315
46,7123,-6.407167434692383,-4.102683067321777
46,7124,-7.845515727996826,-6.338323593139648
46,7125,-6.281038284301758,-1.8148070573806763
46,7126,-6.301710605621338,-2.8611931800842285
46,7127,-9.54905891418457,-0.8186517953872681
46,7128,-7.101422309875488,-1.678727388381958
46,7129,-7.418151378631592,-3.2031099796295166
46,7130,-6.78486967086792,-2.806622266769409
46,7131,-7.912412643432617,-4.881963729858398
46,7132,-7.352698802947998,-4.6159515380859375
46,7133,-5.775539398193359,-1.8579479455947876
46,7134,-7.028882026672363,-1.426548957824707
46,7135,-5.8166985511779785,1.325122594833374
46,7136,-7.605134963989258,-2.537137985229492
46,7137,-7.7851881980896,-10.297832489013672
46,7138,-6.686514854431152,-0.24414844810962677
46,7139,-7.040040969848633,-1.075589656829834
46,7140,-7.617977619171143,-6.108981132507324
46,7141,-6.687317848205566,-1.1254911422729492
46,7142,-7.405506134033203,-2.9001779556274414
46,7143,-7.274447441101074,-3.3192086219787598
46,7144,-6.885828971862793,-1.9645534753799438
46,7145,-7.2584991455078125,-0.7170547246932983
46,7146,-6.836869239807129,-6.113618850708008
46,7147,-6.010566711425781,-4.524932861328125
46,7148,-8.540122985839844,-4.5830159187316895
46,7149,-8.20400619506836,-2.848881721496582
46,7150,-7.527815818786621,-0.5152161121368408
46,7151,-8.473285675048828,-1.5545587539672852
46,7152,-8.25438117980957,0.3568655252456665
46,7153,-6.057415008544922,-4.916616439819336
46,7154,-7.118147373199463,-6.065408706665039
46,7155,-6.570232391357422,-5.626106262207031
46,7156,-6.400798320770264,1.1439080238342285
46,7157,-7.265192985534668,-2.064256191253662
46,7158,-6.287946701049805,-2.830089569091797
46,7159,-6.289279460906982,-5.414342880249023
46,7160,-8.557809829711914,1.695289969444275
46,7161,-7.927003860473633,-8.626554489135742
46,7162,-6.11953067779541,-1.6804447174072266
46,7163,-6.219966411590576,-3.8792195320129395
46,7164,-9.248970031738281,-8.300115585327148
46,7165,-6.64715051651001,-0.8593754768371582
46,7166,-6.934548377990723,-2.6105360984802246
46,7167,-6.668359279632568,-6.600224494934082
46,7168,-7.62966251373291,-8.48022174835205
46,7169,-7.487081050872803,-2.668517827987671
46,7170,-7.2133893966674805,-4.446266174316406
46,7171,-6.983755588531494,-0.902921199798584
46,7172,-7.0393781661987305,-1.431136965751648
46,7173,-7.106682777404785,-5.088374137878418
46,7174,-6.30596399307251,0.23851175606250763
46,7175,-7.899637222290039,-2.0227596759796143
46,7176,-7.144174098968506,-2.720290184020996
47,7177,-7.153800964355469,-2.42279052734375
47,7178,-7.736325740814209,-3.8592615127563477
47,7179,-7.21485710144043,-5.431624412536621
47,7180,-6.908204078674316,-1.267424464225769
47,7181,-8.182144165039062,0.14289100468158722
47,7182,-7.174837112426758,1.1994037628173828
47,7183,-8.572458267211914,-0.7536643743515015
47,7184,-7.680801868438721,-3.1154658794403076
47,7185,-7.663934707641602,-1.3643850088119507
47,7186,-8.219475746154785,-5.506069183349609
47,7187,-7.649749755859375,-4.727297306060791
47,7188,-7.921946048736572,-0.622943103313446
47,7189,-6.975194931030273,-5.695383071899414
47,7190,-7.659937381744385,-3.347550868988037
47,7191,-7.088090419769287,-1.0771909952163696
47,7192,-6.796302318572998,1.310319185256958
47,7193,-7.755433559417725,0.6637757420539856
47,7194,-7.364882469177246,-6.47821569442749
47,7195,-7.23768949508667,-9.730045318603516
47,7196,-6.826764106750488,-3.718557119369507
47,7197,-8.868504524230957,-1.3336918354034424
47,7198,-8.687756538391113,0.2820892632007599
47,7199,-7.072392463684082,-0.746191143989563
47,7200,-8.000393867492676,-2.486412525177002
47,7201,-6.685939788818359,-3.231022834777832
47,7202,-7.110903263092041,-4.577094078063965
47,7203,-6.586978435516357,-3.3330841064453125
47,7204,-7.315784454345703,1.0487785339355469
47,7205,-7.222095966339111,-4.783702373504639
47,7206,-7.596935272216797,-6.017218112945557
47,7207,-6.472929954528809,-2.4129269123077393
47,7208,-6.734862327575684,-1.6521222591400146
47,7209,-6.9292826652526855,-4.404852390289307
47,7210,-6.6194024085998535,-5.32449197769165
47,7211,-8.97603702545166,2.143742799758911
47,7212,-7.965595722198486,-4.194217681884766
47,7213,-7.472419738769531,-4.198619842529297
47,7214,-7.656284809112549,-3.3872733116149902
47,7215,-6.799765586853027,-3.981492519378662
47,7216,-7.042780876159668,-7.564722061157227
47,7217,-8.316886901855469,-2.1975502967834473
47,7218,-7.670859336853027,0.7492570877075195
47,7219,-7.839042663574219,-2.814751625061035
47,7220,-7.297840118408203,-6.810149192810059
47,7221,-6.825334072113037,-5.945481300354004
47,7222,-8.585309982299805,-10.002523422241211
47,7223,-7.998137474060059,-2.6718616485595703
47,7224,-7.21732234954834,-4.280884265899658
47,7225,-7.169073581695557,-3.143556594848633
47,7226,-8.341719627380371,-5.483046531677246
47,7227,-7.8491315841674805,-3.3706488609313965
47,7228,-7.613528251647949,-5.174585342407227
47,7229,-8.764519691467285,4.195034027099609
47,7230,-7.295030117034912,-8.689504623413086
47,7231,-6.577480792999268,-6.520384788513184
47,7232,-7.6711835861206055,-2.529611349105835
47,7233,-7.707136154174805,-4.500060081481934
47,7234,-7.362400531768799,-6.619653701782227
47,7235,-7.037431716918945,-0.08881160616874695
47,7236,-7.113128185272217,1.2125751972198486
47,7237,-8.470133781433105,1.0540881156921387
47,7238,-7.537858963012695,-3.892500162124634
47,7239,-7.513430595397949,-6.574550628662109
47,7240,-7.344967365264893,-4.3943891525268555
47,7241,-7.086426734924316,-5.668004035949707
47,7242,-7.187921524047852,-1.5395188331604004
47,7243,-7.362448215484619,-7.977916240692139
47,7244,-7.547079563140869,-2.877842426300049
47,7245,-7.177167892456055,-4.00662088394165
47,7246,-8.291349411010742,-8.735152244567871
47,7247,-7.670968055725098,-4.716786861419678
47,7248,-7.547229766845703,-1.4667028188705444
47,7249,-7.164830207824707,-0.3710618019104004
47,7250,-6.03673791885376,-7.120074272155762
47,7251,-6.721131324768066,-6.399101257324219
47,7252,-8.715727806091309,-2.5248405933380127
47,7253,-6.183624267578125,-5.986976623535156
47,7254,-9.652125358581543,4.670356750488281
47,7255,-7.580610752105713,-7.4122090339660645
47,7256,-6.355818271636963,-1.1478033065795898
47,7257,-6.926702976226807,-3.8834176063537598
47,7258,-8.13548469543457,-1.6287095546722412
47,7259,-8.697307586669922,-0.4944019913673401
47,7260,-7.361484527587891,1.4327011108398438
47,7261,-6.5302019119262695,-4.556985855102539
47,7262,-6.837578296661377,-4.6568450927734375
47,7263,-6.621484279632568,-8.738414764404297
47,7264,-6.63768196105957,-5.53486442565918
47,7265,-6.7858710289001465,0.19410662353038788
47,7266,-7.999171257019043,-2.1636877059936523
47,7267,-7.31834602355957,-3.69413161277771
47,7268,-7.514529228210449,-1.999739170074463
47,7269,-6.944527626037598,-2.285928726196289
47,7270,-7.137123107910156,-0.7579307556152344
47,7271,-7.574603080749512,-1.8614161014556885
47,7272,-8.11468505859375,0.5290362238883972
47,7273,-8.893390655517578,-8.718504905700684
47,7274,-7.488894462585449,-3.733726978302002
47,7275,-8.136052131652832,4.235668182373047
47,7276,-7.684547424316406,2.204465866088867
47,7277,-6.064505577087402,-3.0894317626953125
47,7278,-8.283833503723145,-6.342403411865234
47,7279,-5.7267537117004395,-2.564300537109375
47,7280,-7.746278762817383,-0.7948011159896851
47,7281,-8.126015663146973,0.768521249294281
47,7282,-6.312524795532227,-4.836467742919922
47,7283,-7.485111236572266,-10.041338920593262
47,7284,-6.371391296386719,-2.887035369873047
47,7285,-7.953130722045898,0.24462483823299408
47,7286,-7.007743835449219,0.02101275324821472
47,7287,-7.955273628234863,-1.56416654586792
47,7288,-6.956127166748047,-5.8397345542907715
47,7289,-7.360776424407959,-0.31544944643974304
47,7290,-7.695228576660156,-0.6052691340446472
47,7291,-7.516040802001953,-5.665181636810303
47,7292,-7.0400495529174805,-1.3363455533981323
47,7293,-6.5124335289001465,-7.559701442718506
47,7294,-8.15056037902832,-6.751171588897705
47,7295,-8.747841835021973,3.074449062347412
47,7296,-6.559762954711914,-5.991840362548828
47,7297,-6.5850982666015625,-0.6727998852729797
47,7298,-7.154129981994629,-0.6674465537071228
47,7299,-7.919004917144775,-5.271672248840332
47,7300,-7.9358367919921875,3.449397087097168
47,7301,-7.064683437347412,1.8047012090682983
47,7302,-6.560148239135742,-0.418900728225708
47,7303,-8.505900382995605,-4.874880790710449
47,7304,-7.947466850280762,-5.073671817779541
47,7305,-6.716709136962891,-2.5056753158569336
47,7306,-7.1405205726623535,-1.0660539865493774
47,7307,-7.740364074707031,-5.095776557922363
47,7308,-6.616273880004883,-5.06138801574707
47,7309,-7.130253791809082,-4.407700061798096
47,7310,-6.46030330657959,-2.840214729309082
47,7311,-7.254201889038086,-6.457923412322998
47,7312,-7.058876991271973,1.4015839099884033
47,7313,-6.570594310760498,-6.787886619567871
47,7314,-8.155353546142578,0.45592284202575684
47,7315,-7.224267482757568,-4.413811683654785
47,7316,-8.10146427154541,-13.235299110412598
47,7317,-8.077396392822266,-3.752924919128418
47,7318,-6.803531646728516,-3.9485552310943604
47,7319,-6.789923191070557,-4.401114463806152
47,7320,-6.220024108886719,-2.651789903640747
47,7321,-7.2707905769348145,-8.994211196899414
47,7322,-6.822089195251465,-2.270022392272949
47,7323,-8.581319808959961,-2.258051872253418
47,7324,-8.00784969329834,-1.588953971862793
47,7325,-6.360330104827881,-5.176610469818115
47,7326,-6.622863292694092,-1.352640986442566
47,7327,-6.547878742218018,-4.847876071929932
47,7328,-7.785508155822754,-1.2819619178771973
47,7329,-6.981011390686035,-5.621170520782471
47,7330,-8.553523063659668,-3.9543673992156982
47,7331,-6.291857719421387,-1.1311551332473755
47,7332,-7.000148773193359,-5.120883464813232
48,7333,-8.723953247070312,-6.576987266540527
48,7334,-6.47963809967041,-3.47869610786438
48,7335,-8.162817001342773,-4.730442523956299
48,7336,-8.028528213500977,2.6033477783203125
48,7337,-7.346606254577637,-5.583433151245117
48,7338,-7.24793004989624,1.1316499710083008
48,7339,-8.123891830444336,-6.835916996002197
48,7340,-6.839262008666992,-3.120255947113037
48,7341,-7.244144439697266,-5.266411304473877
48,7342,-6.808391094207764,-2.8086700439453125
48,7343,-8.313196182250977,-2.14284610748291
48,7344,-8.110740661621094,-5.7987518310546875
48,7345,-8.1376371383667,-2.6440324783325195
48,7346,-7.494041919708252,-9.674521446228027
48,7347,-9.063284873962402,-0.638087809085846
48,7348,-7.5035400390625,-4.6164093017578125
48,7349,-7.881598949432373,-7.14991569519043
48,7350,-7.071042060852051,-2.1614699363708496
48,7351,-7.3769330978393555,-2.3536124229431152
48,7352,-7.511573314666748,-9.741315841674805
48,7353,-7.352653980255127,-3.805821418762207
48,7354,-6.192624092102051,1.8532981872558594
48,7355,-7.346022605895996,0.2158319652080536
48,7356,-7.381410598754883,-2.224623441696167
48,7357,-7.515435218811035,-0.8070821762084961
48,7358,-8.790813446044922,1.5115679502487183
48,7359,-6.281108856201172,-2.171072244644165
48,7360,-8.13597583770752,-4.7137980461120605
48,7361,-7.1349406242370605,0.14236268401145935
48,7362,-8.048786163330078,-5.5088605880737305
48,7363,-9.566141128540039,-5.6858649253845215
48,7364,-8.333759307861328,-5.967929363250732
48,7365,-7.201125144958496,-5.452263832092285
48,7366,-6.757071018218994,-3.6802115440368652
48,7367,-8.65854263305664,-8.349322319030762
48,7368,-6.375282287597656,-6.074824333190918
48,7369,-7.326829433441162,-3.3332080841064453
48,7370,-7.459785461425781,-8.005387306213379
48,7371,-8.434905052185059,-3.118326187133789
48,7372,-8.78242015838623,-0.7330276966094971
48,7373,-6.670470714569092,-2.2870919704437256
48,7374,-7.249813079833984,-10.720409393310547
48,7375,-6.149184703826904,-11.571490287780762
48,7376,-7.88521671295166,-5.993627071380615
48,7377,-6.790308475494385,-5.15972900390625
48,7378,-8.21798038482666,0.1921478509902954
48,7379,-6.7777099609375,-4.3397536277771
48,7380,-7.364422798156738,-3.0800113677978516
48,7381,-6.8093061447143555,-3.1386563777923584
48,7382,-7.376736164093018,-3.5383260250091553
48,7383,-10.061294555664062,-4.512489318847656
48,7384,-8.002270698547363,-3.1689233779907227
48,7385,-8.355308532714844,0.014926254749298096
48,7386,-6.146982192993164,-3.6500158309936523
48,7387,-7.2034525871276855,-3.85195255279541
48,7388,-8.168790817260742,-3.1657891273498535
48,7389,-7.277063369750977,-2.6257576942443848
48,7390,-6.498025417327881,-0.5216205716133118
48,7391,-6.239988803863525,-4.666872978210449
48,7392,-6.7579874992370605,2.8543009757995605
48,7393,-9.612725257873535,-4.713692665100098
48,7394,-6.093875885009766,-2.014617443084717
48,7395,-9.216081619262695,0.35785698890686035
48,7396,-7.518360137939453,-3.208686113357544
48,7397,-8.228116989135742,-9.540960311889648
48,7398,-6.783488750457764,-4.550294876098633
48,7399,-8.788703918457031,-5.802385330200195
48,7400,-7.0223565101623535,-1.1862231492996216
48,7401,-7.447307586669922,-0.5999792218208313
48,7402,-7.398653984069824,-5.041764259338379
48,7403,-7.770367622375488,-1.3451610803604126
48,7404,-7.075031757354736,-3.664823055267334
48,7405,-8.554594993591309,-9.766423225402832
48,7406,-6.8754706382751465,-6.703315258026123
48,7407,-7.123546600341797,0.16803888976573944
48,7408,-5.994913101196289,-5.373208045959473
48,7409,-8.038261413574219,-3.8958020210266113
48,7410,-6.880007743835449,-2.9678220748901367
48,7411,-8.468629837036133,4.137971878051758
48,7412,-7.870673656463623,-2.347031831741333
48,7413,-6.553009986877441,-0.5125792026519775
48,7414,-6.860567569732666,-3.251235008239746
48,7415,-6.9175801277160645,-3.4844980239868164
48,7416,-5.7370758056640625,-0.12640070915222168
48,7417,-7.094724655151367,-3.104595184326172
48,7418,-8.178717613220215,1.0222785472869873
48,7419,-7.6781392097473145,-5.5495710372924805
48,7420,-6.059558868408203,-4.497751235961914
48,7421,-6.0774641036987305,-1.7841746807098389
48,7422,-7.649857997894287,-2.85919189453125
48,7423,-7.9551615715026855,1.6603059768676758
48,7424,-8.434714317321777,3.46940279006958
48,7425,-7.999134063720703,-9.306814193725586
48,7426,-6.622271537780762,-3.9435317516326904
48,7427,-7.309347629547119,-6.0078229904174805
48,7428,-7.222066879272461,-5.256801128387451
48,7429,-7.2373576164245605,-2.8216896057128906
48,7430,-7.382814407348633,-1.5131970643997192
48,7431,-7.072152614593506,-1.0549297332763672
48,7432,-6.600971221923828,-5.260775566101074
48,7433,-8.004392623901367,-3.6501896381378174
48,7434,-6.951626300811768,-3.4303038120269775
48,7435,-7.8565354347229,1.6911386251449585
48,7436,-7.862402439117432,-5.487866401672363
48,7437,-6.128035068511963,-5.777403354644775
48,7438,-7.930976390838623,-2.784898519515991
48,7439,-8.022086143493652,-1.9152705669403076
48,7440,-7.734044551849365,-4.727324485778809
48,7441,-7.2163238525390625,-0.07355596125125885
48,7442,-6.588100910186768,-4.787814140319824
48,7443,-6.358608245849609,-4.7857866287231445
48,7444,-7.6012959480285645,-5.086832046508789
48,7445,-7.102338790893555,0.9471991062164307
48,7446,-7.449078559875488,-3.990570545196533
48,7447,-8.291367530822754,0.5652308464050293
48,7448,-7.236996650695801,-5.163350582122803
48,7449,-7.707089900970459,-7.7326765060424805
48,7450,-8.19747543334961,-10.430100440979004
48,7451,-9.865184783935547,-3.0435266494750977
48,7452,-6.091275691986084,-6.079194068908691
48,7453,-8.403504371643066,-2.806427001953125
48,7454,-6.441422462463379,0.29781582951545715
48,7455,-6.2411699295043945,-6.17904806137085
48,7456,-7.974078178405762,-5.99777889251709
48,7457,-8.003859519958496,-8.20759105682373
48,7458,-7.66243839263916,-3.8542699813842773
48,7459,-5.7706074714660645,-5.792750358581543
48,7460,-7.51597785949707,-6.52409553527832
48,7461,-6.843105316162109,-10.978172302246094
48,7462,-7.299021244049072,-5.133710861206055
48,7463,-7.154228687286377,-1.2831987142562866
48,7464,-9.370864868164062,5.956836700439453
48,7465,-7.09329891204834,-7.342160224914551
48,7466,-6.579166889190674,-0.7601094841957092
48,7467,-5.820850372314453,-1.8174234628677368
48,7468,-7.540489196777344,-2.574767589569092
48,7469,-6.975561141967773,-5.178542613983154
48,7470,-7.610497951507568,-1.0640678405761719
48,7471,-6.559346675872803,-8.508712768554688
48,7472,-7.113846302032471,-6.521862983703613
48,7473,-6.803540229797363,1.2828099727630615
48,7474,-8.383947372436523,-3.6798224449157715
48,7475,-6.489384174346924,-0.4953162670135498
48,7476,-6.830743789672852,-4.497913360595703
48,7477,-8.485944747924805,-2.471198558807373
48,7478,-6.80312442779541,1.2875499725341797
48,7479,-7.760339260101318,-5.344311714172363
48,7480,-6.385857582092285,-8.294349670410156
48,7481,-7.192065238952637,-2.7250959873199463
48,7482,-7.966497421264648,-4.163948059082031
48,7483,-6.970078468322754,-3.342123031616211
48,7484,-7.835461139678955,0.526231586933136
48,7485,-7.19929838180542,0.5741637349128723
48,7486,-7.181571006774902,-0.444478303194046
48,7487,-6.022091388702393,-2.1470274925231934
48,7488,-6.721607685089111,-2.6945762634277344
49,7489,-7.927769184112549,-7.830699920654297
49,7490,-7.318242073059082,-6.975442886352539
49,7491,-7.034175872802734,0.17416617274284363
49,7492,-7.605103015899658,-1.245312213897705
49,7493,-6.781312465667725,-1.9801702499389648
49,7494,-6.142806529998779,-1.329369306564331
49,7495,-7.368072509765625,-6.7046027183532715
49,7496,-7.380289554595947,-5.246331214904785
49,7497,-8.068075180053711,-3.010715961456299
49,7498,-7.933229446411133,-1.2871047258377075
49,7499,-7.3673481941223145,1.338870882987976
49,7500,-8.881956100463867,-2.962470769882202
49,7501,-7.587480545043945,-1.5336017608642578
49,7502,-7.008396148681641,-2.378783702850342
49,7503,-7.569729804992676,1.0790536403656006
49,7504,-7.935476779937744,-8.285564422607422
49,7505,-7.292657852172852,1.4291191101074219
49,7506,-7.19573974609375,-6.757699966430664
49,7507,-7.19763708114624,0.6685527563095093
49,7508,-7.417112350463867,-5.960479736328125
49,7509,-5.871872901916504,-2.328571319580078
49,7510,-7.293876647949219,-3.954747438430786
49,7511,-8.59310245513916,3.8836889266967773
49,7512,-8.034650802612305,-2.509889841079712
49,7513,-7.912661552429199,-9.375753402709961
49,7514,-6.922476768493652,0.22315654158592224
49,7515,-7.400530815124512,0.1371358186006546
49,7516,-6.814516544342041,-4.724676132202148
49,7517,-8.619878768920898,-5.738217353820801
49,7518,-6.7526774406433105,2.0825448036193848
49,7519,-7.455226898193359,-1.3830626010894775
49,7520,-8.125982284545898,-0.25586140155792236
49,7521,-6.170192718505859,-3.277250289916992
49,7522,-7.3430681228637695,-1.2434401512145996
49,7523,-6.92111873626709,-1.3724286556243896
49,7524,-8.034777641296387,-3.8545384407043457
49,7525,-7.331094741821289,-1.2758088111877441
49,7526,-6.476977825164795,-4.21840763092041
49,7527,-7.477358818054199,-1.39988374710083
49,7528,-6.353693008422852,-5.656604290008545
49,7529,-7.84589958190918,-4.245911598205566
49,7530,-7.29409646987915,-5.700340747833252
49,7531,-7.033770561218262,-6.37158727645874
49,7532,-9.824116706848145,0.6246591806411743
49,7533,-7.645477294921875,-0.6923505067825317
49,7534,-7.362833023071289,-4.6525468826293945
49,7535,-6.788782596588135,-10.061861038208008
49,7536,-7.963541030883789,-7.323422431945801
49,7537,-8.84920883178711,1.9530119895935059
49,7538,-6.353944301605225,-2.9685864448547363
49,7539,-6.069375038146973,-4.928183078765869
49,7540,-6.50794792175293,-3.486211061477661
49,7541,-7.5070037841796875,-7.894081115722656
49,7542,-7.466169357299805,-2.19651460647583
49,7543,-8.608977317810059,-4.478964805603027
49,7544,-7.293666839599609,-8.48318099975586
49,7545,-7.460142135620117,-4.218992233276367
49,7546,-8.59066104888916,1.3296473026275635
49,7547,-5.868860244750977,-1.8636915683746338
49,7548,-8.200355529785156,-8.86046314239502
49,7549,-6.525696754455566,-1.6685705184936523
49,7550,-6.733814239501953,-3.0370097160339355
49,7551,-6.602272987365723,-0.44749441742897034
49,7552,-6.991382598876953,-4.173617362976074
49,7553,-6.354379653930664,-2.9164230823516846
49,7554,-6.796973705291748,-4.182516098022461
49,7555,-7.5518693923950195,-5.382168292999268
49,7556,-7.700204849243164,-1.176215410232544
49,7557,-7.908674240112305,-4.281452178955078
49,7558,-7.335803985595703,-4.489282608032227
49,7559,-6.5189948081970215,-5.476644992828369
49,7560,-6.695439338684082,-7.23664665222168
49,7561,-7.391021251678467,-4.333789825439453
49,7562,-7.092979431152344,-6.072519779205322
49,7563,-8.866385459899902,-4.6525654792785645
49,7564,-6.915989875793457,-1.2356762886047363
49,7565,-8.357877731323242,0.9897825717926025
49,7566,-6.780317306518555,-2.658163547515869
49,7567,-6.679055690765381,-0.4268870949745178
49,7568,-7.949275970458984,-4.601020812988281
49,7569,-7.471871376037598,-2.6976680755615234
49,7570,-7.7146430015563965,-0.5150721073150635
49,7571,-8.112295150756836,-4.289787292480469
49,7572,-7.787609100341797,-0.7655177116394043
49,7573,-7.533635139465332,-6.5220627784729
49,7574,-7.202787399291992,-7.234840393066406
49,7575,-8.79651165008545,-0.07374411821365356
49,7576,-7.5050554275512695,-6.545163154602051
49,7577,-7.450573921203613,-0.7857746481895447
49,7578,-6.001953601837158,-5.0677361488342285
49,7579,-7.492659568786621,-6.598426818847656
49,7580,-8.21318244934082,-0.9846046566963196
49,7581,-6.437367916107178,-1.5328457355499268
49,7582,-7.400300025939941,-1.000742793083191
49,7583,-7.9566264152526855,-1.6752805709838867
49,7584,-7.472115516662598,-3.6835217475891113
49,7585,-7.361901760101318,-6.012411594390869
49,7586,-7.739993095397949,-2.362788677215576
49,7587,-7.7348151206970215,0.09821197390556335
49,7588,-6.775537490844727,-1.3240509033203125
49,7589,-6.818777084350586,-4.139573097229004
49,7590,-8.179032325744629,-6.4535322189331055
49,7591,-5.70642614364624,-2.641681432723999
49,7592,-6.939179420471191,-0.34590500593185425
49,7593,-7.335143089294434,-0.8011186122894287
49,7594,-7.261376857757568,-6.251839637756348
49,7595,-6.2923808097839355,-2.591787338256836
49,7596,-7.4956231117248535,-1.0920438766479492
49,7597,-7.425179481506348,1.4621785879135132
49,7598,-6.718932628631592,-1.8070436716079712
49,7599,-8.050287246704102,-1.4316644668579102
49,7600,-7.768022537231445,-8.280135154724121
49,7601,-8.058358192443848,-2.433821678161621
49,7602,-5.890130519866943,-6.119410037994385
49,7603,-6.926868438720703,-5.321422576904297
49,7604,-6.774346351623535,-1.6689462661743164
49,7605,-7.601565837860107,-8.753729820251465
49,7606,-6.327233791351318,-0.8972179889678955
49,7607,-6.893911361694336,-6.276869773864746
49,7608,-7.336696624755859,-4.990356922149658
49,7609,-7.598415851593018,-8.110639572143555
49,7610,-8.46607780456543,-7.9275665283203125
49,7611,-6.652980804443359,-4.511739730834961
49,7612,-6.7122321128845215,0.24934396147727966
49,7613,-7.137266159057617,-1.130192518234253
49,7614,-5.453610897064209,-2.8378052711486816
49,7615,-7.8152618408203125,-3.8942158222198486
49,7616,-8.17542839050293,-2.4896585941314697
49,7617,-7.387498378753662,-9.837177276611328
49,7618,-6.63445520401001,-5.943777561187744
49,7619,-7.792801856994629,-3.000852584838867
49,7620,-7.376140594482422,-2.6299500465393066
49,7621,-7.370497703552246,-2.5083889961242676
49,7622,-7.058151721954346,1.5220646858215332
49,7623,-8.466779708862305,-6.11174201965332
49,7624,-6.895881175994873,-2.073824405670166
49,7625,-6.830168724060059,-6.806825637817383
49,7626,-7.803441047668457,0.6806700229644775
49,7627,-6.165017127990723,-0.1624048948287964
49,7628,-7.350046157836914,-4.470077037811279
49,7629,-5.761838436126709,-6.254693031311035
49,7630,-7.2578887939453125,-2.186178207397461
49,7631,-6.985882759094238,-5.846052646636963
49,7632,-6.275186061859131,-2.648606777191162
49,7633,-9.217809677124023,-3.108623743057251
49,7634,-7.661379814147949,-6.122058391571045
49,7635,-6.920235633850098,2.3970470428466797
49,7636,-5.822811126708984,-0.9798042178153992
49,7637,-7.68993616104126,-2.3161613941192627
49,7638,-7.851276397705078,-2.065805435180664
49,7639,-7.354622840881348,-7.558253288269043
49,7640,-9.644268989562988,2.2032599449157715
49,7641,-6.138028144836426,-5.502799034118652
49,7642,-7.254428386688232,-3.2005786895751953
49,7643,-6.035454750061035,-5.925748825073242
49,7644,-7.35594367980957,-3.793153762817383
50,7645,-8.997893333435059,-2.9224743843078613
50,7646,-7.723609447479248,1.5713492631912231
50,7647,-7.134491443634033,-3.8665382862091064
50,7648,-6.366980075836182,-5.287003993988037
50,7649,-7.867955207824707,-10.735343933105469
50,7650,-7.478000640869141,-4.098790168762207
50,7651,-6.962700366973877,-3.7349815368652344
50,7652,-6.940918445587158,-2.3467044830322266
50,7653,-7.1444597244262695,-5.0940141677856445
50,7654,-7.185727119445801,-1.4690485000610352
50,7655,-7.891605377197266,-4.605429649353027
50,7656,-8.766357421875,2.47745418548584
50,7657,-7.411163330078125,-1.1326183080673218
50,7658,-7.421544551849365,-1.4756067991256714
50,7659,-7.169558525085449,-3.942254066467285
50,7660,-8.232011795043945,-2.310279369354248
50,7661,-7.956087112426758,-3.175642728805542
50,7662,-7.909664154052734,-5.246788024902344
50,7663,-7.3056230545043945,-5.055470943450928
50,7664,-7.698627948760986,-0.5733551979064941
50,7665,-7.732097148895264,-4.629065036773682
50,7666,-8.735995292663574,-2.9380276203155518
50,7667,-7.005661964416504,-2.8728082180023193
50,7668,-6.76529598236084,-4.234064102172852
50,7669,-8.431267738342285,-3.7602415084838867
50,7670,-7.056369781494141,-3.4587838649749756
50,7671,-8.060201644897461,-4.897917747497559
50,7672,-7.439077377319336,-1.60369873046875
50,7673,-9.025030136108398,2.5834460258483887
50,7674,-6.523019313812256,-7.342676162719727
50,7675,-7.0945868492126465,-4.073274612426758
50,7676,-7.086674213409424,-4.6751251220703125
50,7677,-7.1773810386657715,-4.929609298706055
50,7678,-6.298530101776123,-3.767014980316162
50,7679,-7.0182271003723145,-3.112624168395996
50,7680,-8.275320053100586,-6.075451850891113
50,7681,-8.33541488647461,-6.9255170822143555
50,7682,-9.05544662475586,-1.8259496688842773
50,7683,-8.349011421203613,-3.0522568225860596
50,7684,-7.718315124511719,-3.0685887336730957
50,7685,-7.905859470367432,-9.750577926635742
50,7686,-6.707104682922363,-5.949093341827393
50,7687,-7.217010974884033,-3.4640166759490967
50,7688,-6.596409797668457,-3.4551939964294434
50,7689,-7.39058780670166,-7.695761680603027
50,7690,-6.571288585662842,-3.495697259902954
50,7691,-8.747909545898438,-1.320547342300415
50,7692,-6.216225624084473,-4.435378551483154
50,7693,-8.72425651550293,-6.323269844055176
50,7694,-5.630098342895508,-4.3389692306518555
50,7695,-6.57724142074585,-4.032337665557861
50,7696,-7.1696977615356445,-4.122875690460205
50,7697,-7.082136154174805,-3.7833540439605713
50,7698,-7.058729648590088,-3.5317177772521973
50,7699,-7.248997211456299,-1.715242624282837
50,7700,-8.582828521728516,-5.926051616668701
50,7701,-7.644318103790283,-1.0076795816421509
50,7702,-8.992364883422852,-3.836386203765869
50,7703,-6.786068439483643,-4.288335800170898
50,7704,-7.312740325927734,-1.8034390211105347
50,7705,-6.940454006195068,-8.797104835510254
50,7706,-8.642013549804688,-9.275604248046875
50,7707,-7.0941572189331055,-1.756456732749939
50,7708,-8.245542526245117,-3.586984157562256
50,7709,-6.3395209312438965,-2.79192852973938
50,7710,-7.015327453613281,2.0988211631774902
50,7711,-7.444679260253906,-4.762500762939453
50,7712,-6.708221435546875,-4.033060073852539
50,7713,-6.867616653442383,-0.20745129883289337
50,7714,-7.250251770019531,-8.379732131958008
50,7715,-8.703651428222656,-5.567170143127441
50,7716,-6.301055908203125,-3.5525732040405273
50,7717,-7.164975166320801,-0.23977822065353394
50,7718,-7.725559234619141,-2.3566935062408447
50,7719,-6.75644588470459,-2.6556472778320312
50,7720,-7.317131042480469,0.5714172124862671
50,7721,-7.536789417266846,-2.999020576477051
50,7722,-7.174915313720703,-6.72898006439209
50,7723,-6.641638278961182,-1.843761920928955
50,7724,-7.391139984130859,-5.202956676483154
50,7725,-7.970412254333496,0.2872328758239746
50,7726,-6.212862014770508,-3.282344341278076
50,7727,-7.421783924102783,-3.928205728530884
50,7728,-5.801121234893799,-6.172473907470703
50,7729,-7.416049003601074,-5.136902809143066
50,7730,-6.816633701324463,-5.764049530029297
50,7731,-8.318891525268555,-0.00399366021156311
50,7732,-6.807005882263184,-3.304780960083008
50,7733,-7.1145172119140625,-7.086000919342041
50,7734,-7.36885929107666,-1.372416377067566
50,7735,-7.581915855407715,0.45637190341949463
50,7736,-7.34374475479126,-7.580142021179199
50,7737,-7.3982954025268555,-4.29114294052124
50,7738,-6.323222637176514,-4.968596458435059
50,7739,-7.03599214553833,-1.4638056755065918
50,7740,-6.674992084503174,1.4945204257965088
50,7741,-7.4689788818359375,-5.580754280090332
50,7742,-7.958679676055908,-4.91115665435791
50,7743,-6.917828559875488,-3.453462600708008
50,7744,-5.355477333068848,-2.367170572280884
50,7745,-7.138103485107422,-7.438249111175537
50,7746,-8.162895202636719,-1.6603137254714966
50,7747,-6.396378040313721,-5.969223499298096
50,7748,-6.617251396179199,-6.4797515869140625
50,7749,-8.947447776794434,-2.984485626220703
50,7750,-6.853763580322266,-6.145698547363281
50,7751,-8.803969383239746,-1.847132921218872
50,7752,-7.266157627105713,-2.23472261428833
50,7753,-6.901886940002441,-6.289795398712158
50,7754,-7.96852445602417,0.060767605900764465
50,7755,-5.757957458496094,0.267137736082077
50,7756,-6.383562088012695,-6.531907558441162
50,7757,-7.772984504699707,-7.264834403991699
50,7758,-8.149126052856445,-8.900951385498047
50,7759,-6.916065692901611,-0.7514908313751221
50,7760,-8.185762405395508,-5.43239688873291
50,7761,-7.520807266235352,-5.8552565574646
50,7762,-7.759804725646973,-0.15726155042648315
50,7763,-6.966641426086426,-4.03971529006958
50,7764,-6.797360420227051,-7.575132369995117
50,7765,-8.055489540100098,-4.574823379516602
50,7766,-6.843250274658203,-2.556291341781616
50,7767,-7.057740211486816,-8.01161003112793
50,7768,-7.992074012756348,0.3322407603263855
50,7769,-7.092533111572266,-0.619961142539978
50,7770,-6.342362403869629,-5.109095573425293
50,7771,-7.2922844886779785,-5.456075668334961
50,7772,-10.223267555236816,-8.441211700439453
50,7773,-6.768448829650879,-9.25175666809082
50,7774,-7.648755073547363,-0.8321096897125244
50,7775,-6.982901573181152,-8.67901611328125
50,7776,-8.113982200622559,-5.410315036773682
50,7777,-6.893666744232178,-4.673493385314941
50,7778,-7.35692834854126,-4.840494155883789
50,7779,-6.673654079437256,-2.6671409606933594
50,7780,-7.4715189933776855,-5.406728744506836
50,7781,-6.824143409729004,-9.841374397277832
50,7782,-7.8902482986450195,-4.924513816833496
50,7783,-5.885469436645508,-10.336831092834473
50,7784,-6.859925270080566,-7.841955184936523
50,7785,-6.933882713317871,-9.775811195373535
50,7786,-8.856710433959961,-4.879574775695801
50,7787,-7.437915325164795,-3.3142740726470947
50,7788,-7.525564193725586,-2.8975203037261963
50,7789,-6.770086288452148,-4.815579414367676
50,7790,-6.682343482971191,-2.5022385120391846
50,7791,-7.635502815246582,-7.286611557006836
50,7792,-7.989746570587158,-3.0980687141418457
50,7793,-7.9495649337768555,-5.429435729980469
50,7794,-6.310781478881836,-3.838942766189575
50,7795,-6.443437576293945,-7.32823371887207
50,7796,-6.842457294464111,-4.475872039794922
50,7797,-7.429306983947754,-7.559161186218262
50,7798,-7.389257431030273,3.3187873363494873
50,7799,-5.85119104385376,-6.874725341796875
50,7800,-7.443464756011963,-0.9082515239715576
