epoch,step,critic_loss,gen_loss
1,1,2103.428955078125,0.785251796245575
1,2,12275.9619140625,-1.2480292320251465
1,3,541.640869140625,-2.7815093994140625
1,4,2041.0594482421875,-4.349072456359863
1,5,11770.541015625,-1.0601677894592285
1,6,444.51922607421875,-2.662336587905884
1,7,1383.62841796875,-0.9165555238723755
1,8,47.13216018676758,-1.102787733078003
1,9,28.75731658935547,0.3073294758796692
1,10,1031.74072265625,-1.6953792572021484
1,11,3029.0537109375,2.054769277572632
1,12,2300.191162109375,-0.17913782596588135
1,13,11.072439193725586,-0.691270649433136
1,14,213.04481506347656,-0.36953142285346985
1,15,1686.615478515625,0.8575559854507446
1,16,52.78651809692383,0.782959520816803
1,17,69.55531311035156,0.2374001145362854
1,18,71.9527587890625,0.23759080469608307
1,19,39.422119140625,-0.008404584601521492
1,20,13.320826530456543,0.6784422993659973
1,21,3758.759521484375,1.4376118183135986
1,22,82.96503448486328,0.885941207408905
1,23,15.478525161743164,0.6831684112548828
1,24,27.106172561645508,0.6363388299942017
1,25,167.603515625,0.8374451994895935
1,26,6.340185642242432,0.28588220477104187
1,27,123.66546630859375,1.0501275062561035
1,28,71.58729553222656,0.8662839531898499
1,29,33.389549255371094,0.878129243850708
1,30,19.399982452392578,2.0829806327819824
1,31,1477.244384765625,0.9157030582427979
1,32,18.958189010620117,-0.2013830840587616
1,33,11.757965087890625,0.48740309476852417
1,34,6.71745491027832,-0.47089147567749023
1,35,12.431761741638184,0.1269611418247223
1,36,167.07281494140625,0.7426642179489136
1,37,7.552962779998779,0.4086463153362274
1,38,41.70779800415039,0.1518542468547821
1,39,61.21770095825195,0.1049773097038269
1,40,6.048066139221191,0.45398980379104614
1,41,168.07644653320312,0.5311406850814819
1,42,364.0072937011719,1.0814168453216553
1,43,15.147603988647461,0.4914357662200928
1,44,47.495750427246094,0.4455762207508087
1,45,19.663206100463867,0.3449851870536804
1,46,7.3135986328125,0.2726413607597351
1,47,7.546855926513672,0.6240234375
1,48,144.2306671142578,2.180105209350586
1,49,15.953588485717773,1.2630116939544678
1,50,4.6772637367248535,0.4954047203063965
1,51,56.31516647338867,-1.0279226303100586
1,52,26.621110916137695,-0.02734343335032463
1,53,49.19355010986328,0.9546309113502502
1,54,79.94308471679688,0.1908559501171112
1,55,16.9210205078125,0.3566909730434418
1,56,11.615574836730957,0.10264021903276443
1,57,35.99948501586914,-0.029020370915532112
1,58,113.69171142578125,-0.11291547119617462
1,59,252.31202697753906,0.6411267518997192
1,60,9.504621505737305,-0.07136550545692444
1,61,32.35655975341797,-0.38703393936157227
1,62,50.15974807739258,0.32440853118896484
1,63,205.55520629882812,1.2374496459960938
1,64,6.505186557769775,-0.7898918390274048
1,65,42.47472381591797,-0.3185752034187317
1,66,53.234561920166016,0.9773213863372803
1,67,103.97230529785156,0.6642230749130249
1,68,26.762847900390625,0.11588633060455322
1,69,340.81536865234375,1.0141732692718506
1,70,9.49683666229248,-0.14483711123466492
1,71,7.809378623962402,0.18431347608566284
1,72,174.92190551757812,1.1409906148910522
1,73,4.614285469055176,0.1621294766664505
1,74,10.250187873840332,-0.3345035910606384
1,75,4.411853313446045,0.3421635031700134
1,76,33.289512634277344,-0.1199675053358078
1,77,328.42559814453125,0.44567471742630005
1,78,7.449733257293701,0.3124556243419647
1,79,56.422386169433594,-0.04302936792373657
1,80,12.191009521484375,0.3201976418495178
1,81,132.6408233642578,0.5934749841690063
1,82,17.80429458618164,0.5264642834663391
1,83,23.313276290893555,0.3862525224685669
1,84,20.831205368041992,0.4703885018825531
1,85,71.30767822265625,0.657066822052002
1,86,4.462419509887695,0.9065142869949341
1,87,14.745950698852539,0.2508701682090759
1,88,54.89583969116211,0.1845378577709198
1,89,1.9539600610733032,0.3165619969367981
1,90,19.798131942749023,-0.10678321123123169
1,91,21.95408058166504,1.0426372289657593
1,92,24.467212677001953,0.17412278056144714
1,93,27.005508422851562,0.10908514261245728
1,94,6.449192523956299,0.2753089368343353
1,95,27.99460792541504,0.12184039503335953
1,96,29.364776611328125,0.8790600299835205
1,97,2.0780160427093506,0.7105337381362915
1,98,10.350920677185059,-0.20662887394428253
1,99,10.551197052001953,1.4024157524108887
1,100,5.136651992797852,0.49088796973228455
1,101,0.5606768131256104,0.7374866604804993
1,102,48.41156768798828,-0.05364068225026131
1,103,36.319435119628906,-0.021302921697497368
1,104,44.30817794799805,0.013645492494106293
1,105,45.386898040771484,0.24639621376991272
1,106,31.450454711914062,-0.025729039683938026
1,107,27.236297607421875,-0.20033130049705505
1,108,25.94550323486328,0.9747319221496582
1,109,4.373733997344971,0.37501394748687744
1,110,38.07639694213867,0.12059290707111359
1,111,28.582168579101562,-0.17313086986541748
1,112,160.5605926513672,0.1209401860833168
1,113,45.80370330810547,-0.009432394057512283
1,114,5.112295150756836,-0.19077461957931519
1,115,0.9227958917617798,0.17268210649490356
1,116,0.8626231551170349,0.11405330896377563
1,117,41.768165588378906,-1.0662015676498413
1,118,13.416099548339844,-0.2107323408126831
1,119,19.677804946899414,-0.129972904920578
1,120,3.3590004444122314,0.033954549580812454
1,121,42.49189758300781,0.6280858516693115
1,122,13.279317855834961,-0.1469852328300476
1,123,7.978117942810059,0.02214062586426735
1,124,1.4218013286590576,-0.002520246896892786
1,125,1.4334466457366943,-0.39081665873527527
1,126,5.272488594055176,0.23337091505527496
1,127,3.5665359497070312,0.27145981788635254
1,128,8.852088928222656,0.08132383972406387
1,129,14.429339408874512,0.3254396319389343
1,130,1.5644396543502808,-0.13340473175048828
1,131,2.7542028427124023,0.0697375237941742
1,132,2.1562962532043457,0.2867089509963989
1,133,23.430755615234375,-0.06633596122264862
1,134,20.2795467376709,0.12363523989915848
1,135,12.595261573791504,-0.2947247624397278
1,136,5.296489715576172,0.20798622071743011
1,137,16.179052352905273,-0.06312304735183716
1,138,11.020663261413574,0.22120577096939087
1,139,5.016640663146973,0.31639960408210754
1,140,9.380175590515137,0.261178195476532
1,141,0.4857323169708252,0.3848065733909607
1,142,-0.22447490692138672,0.7387270927429199
1,143,-1.1402134895324707,0.6871321201324463
1,144,4.522715091705322,0.49780339002609253
1,145,15.982227325439453,-0.5306049585342407
1,146,6.5052690505981445,0.48271459341049194
1,147,3.5684971809387207,0.7525395750999451
1,148,-0.20923876762390137,0.31420010328292847
1,149,0.7318413257598877,0.43564265966415405
1,150,4.343987464904785,0.9014308452606201
1,151,0.9861767292022705,0.9767225384712219
1,152,-1.4013769626617432,1.1826915740966797
1,153,-2.2991204261779785,0.8637988567352295
1,154,0.4985532760620117,0.8693161010742188
1,155,-0.18984651565551758,0.5996242761611938
1,156,-4.074134349822998,1.1617686748504639
2,157,0.5131072998046875,1.3302102088928223
2,158,-4.222288608551025,1.011070728302002
2,159,-4.800288200378418,1.1200792789459229
2,160,-6.225456237792969,1.2363649606704712
2,161,-3.218970775604248,1.3190569877624512
2,162,-6.9547834396362305,1.1834437847137451
2,163,-7.550765037536621,1.6937172412872314
2,164,-7.157968997955322,2.713639736175537
2,165,-9.686240196228027,3.020669937133789
2,166,-11.294305801391602,3.448211193084717
2,167,-13.63541030883789,3.843496084213257
2,168,-14.101996421813965,4.990521430969238
2,169,-18.174360275268555,7.063511371612549
2,170,-17.700088500976562,10.214973449707031
2,171,-22.056262969970703,12.537799835205078
2,172,-25.1741943359375,15.00827693939209
2,173,-31.308570861816406,20.31085968017578
2,174,-32.30362319946289,24.474061965942383
2,175,-30.34200668334961,26.138324737548828
2,176,-30.000234603881836,23.112688064575195
2,177,-34.97845458984375,23.319808959960938
2,178,-32.71327590942383,24.216188430786133
2,179,-28.46063804626465,25.30561065673828
2,180,-30.920047760009766,29.810985565185547
2,181,-30.588727951049805,30.25899887084961
2,182,-26.83759880065918,30.57660484313965
2,183,-30.411720275878906,26.622432708740234
2,184,-28.193904876708984,32.73884582519531
2,185,-27.209753036499023,33.36737060546875
2,186,-30.356399536132812,33.54581832885742
2,187,-32.973289489746094,36.30030059814453
2,188,-30.84453582763672,34.253395080566406
2,189,-31.13405990600586,37.94085693359375
2,190,-32.515533447265625,36.79104232788086
2,191,-32.37274169921875,36.51181411743164
2,192,-30.128692626953125,38.2031135559082
2,193,-27.78823471069336,34.15831756591797
2,194,-29.72503662109375,36.557010650634766
2,195,-27.19051742553711,30.582788467407227
2,196,-31.73626136779785,37.99888229370117
2,197,-28.48575210571289,33.159515380859375
2,198,-32.84679412841797,29.851335525512695
2,199,-29.908992767333984,32.624549865722656
2,200,-28.756994247436523,34.12432861328125
2,201,-28.000274658203125,27.857019424438477
2,202,-28.755334854125977,31.89592742919922
2,203,-29.87664031982422,33.95996856689453
2,204,-32.343292236328125,31.137693405151367
2,205,-33.954368591308594,35.022159576416016
2,206,-30.05769920349121,33.037498474121094
2,207,-32.12002944946289,33.330589294433594
2,208,-33.04341506958008,37.28700256347656
2,209,-29.916078567504883,32.48271179199219
2,210,-28.627059936523438,35.17425537109375
2,211,-31.858848571777344,35.04220199584961
2,212,-32.56574249267578,34.22700500488281
2,213,-32.05608367919922,31.985595703125
2,214,-32.165706634521484,34.789093017578125
2,215,-30.25375747680664,34.07958984375
2,216,-34.02037811279297,33.964969635009766
2,217,-34.954410552978516,35.82805633544922
2,218,-32.23657989501953,33.72111511230469
2,219,-32.08356475830078,29.48073959350586
2,220,-34.29359817504883,40.32532501220703
2,221,-31.065269470214844,35.05644989013672
2,222,-30.470458984375,36.184513092041016
2,223,-27.50258445739746,35.23748016357422
2,224,-28.447704315185547,29.8021240234375
2,225,-28.463455200195312,32.14683151245117
2,226,-28.2623291015625,32.98044204711914
2,227,-31.726118087768555,37.37531280517578
2,228,-32.211341857910156,36.71832275390625
2,229,-29.87360191345215,31.893482208251953
2,230,-26.135047912597656,31.9841365814209
2,231,-29.589454650878906,33.09474182128906
2,232,-34.546119689941406,34.39320373535156
2,233,-28.824098587036133,34.327476501464844
2,234,-36.13787078857422,29.996395111083984
2,235,-29.451501846313477,29.537036895751953
2,236,-32.249549865722656,32.121604919433594
2,237,-28.164297103881836,33.562034606933594
2,238,-27.677600860595703,34.70256042480469
2,239,-27.767032623291016,30.305313110351562
2,240,-29.580379486083984,34.468994140625
2,241,-28.62059783935547,27.479185104370117
2,242,-35.091094970703125,33.485137939453125
2,243,-31.49112319946289,37.46501922607422
2,244,-30.29501724243164,34.018463134765625
2,245,-30.61042022705078,35.014686584472656
2,246,-33.22698974609375,39.26777648925781
2,247,-33.54963684082031,36.778419494628906
2,248,-38.45173645019531,41.34600067138672
2,249,-32.147308349609375,37.07854461669922
2,250,-30.525558471679688,34.33502197265625
2,251,-31.138099670410156,38.05296325683594
2,252,-32.003387451171875,37.24892807006836
2,253,-33.333412170410156,34.804744720458984
2,254,-35.40296173095703,37.59223937988281
2,255,-35.92281723022461,41.40501403808594
2,256,-31.814434051513672,37.720760345458984
2,257,-33.21434020996094,37.542633056640625
2,258,-34.56375503540039,40.77735137939453
2,259,-36.90946960449219,41.682891845703125
2,260,-33.252960205078125,40.52604293823242
2,261,-33.27906036376953,38.63307189941406
2,262,-34.52238845825195,42.427520751953125
2,263,-31.973711013793945,37.528228759765625
2,264,-33.53742980957031,39.708168029785156
2,265,-35.966575622558594,41.31515884399414
2,266,-43.01167678833008,40.58677673339844
2,267,-32.393245697021484,34.63874053955078
2,268,-38.31249237060547,42.61741638183594
2,269,-34.48501205444336,40.498321533203125
2,270,-34.13758850097656,45.09190368652344
2,271,-35.14495086669922,39.16842269897461
2,272,-33.205657958984375,39.37065887451172
2,273,-34.65244674682617,45.88380432128906
2,274,-33.20254898071289,43.399044036865234
2,275,-32.37635040283203,41.913970947265625
2,276,-33.81974792480469,37.77721405029297
2,277,-38.82600021362305,40.85386657714844
2,278,-41.998809814453125,45.851646423339844
2,279,-35.52033996582031,42.57524108886719
2,280,-42.25199508666992,42.862571716308594
2,281,-40.997947692871094,44.86553955078125
2,282,-36.60355758666992,38.16385269165039
2,283,-35.68440246582031,47.452117919921875
2,284,-35.88554382324219,42.25736999511719
2,285,-37.87155532836914,41.17940139770508
2,286,-44.56396484375,48.93864059448242
2,287,-37.34331512451172,45.393524169921875
2,288,-36.106361389160156,43.834232330322266
2,289,-38.38135528564453,51.907352447509766
2,290,-35.188385009765625,45.61290740966797
2,291,-34.24803161621094,47.27089309692383
2,292,-35.05327224731445,45.621131896972656
2,293,-34.356788635253906,49.03308868408203
2,294,-35.2353515625,48.74284362792969
2,295,-34.97346115112305,42.49386215209961
2,296,-35.24596405029297,49.93720626831055
2,297,-30.61330795288086,38.91325378417969
2,298,-36.469547271728516,48.08322525024414
2,299,-34.25644302368164,44.41634750366211
2,300,-35.00935745239258,48.17814636230469
2,301,-35.76810073852539,47.20256805419922
2,302,-37.557247161865234,48.969844818115234
2,303,-39.364192962646484,49.011131286621094
2,304,-37.35271072387695,48.721797943115234
2,305,-36.37537384033203,42.79118347167969
2,306,-35.80474090576172,48.71843338012695
2,307,-33.51519775390625,45.01618957519531
2,308,-35.67078399658203,48.73500061035156
2,309,-32.75768280029297,47.936485290527344
2,310,-32.71611022949219,48.09708023071289
2,311,-34.75658416748047,42.267555236816406
2,312,-38.12888717651367,49.553672790527344
3,313,-36.73590850830078,39.37261962890625
3,314,-35.20379638671875,48.08526611328125
3,315,-34.3748664855957,39.158935546875
3,316,-33.92654800415039,47.9233283996582
3,317,-36.6591682434082,56.10654830932617
3,318,-38.498966217041016,52.14976119995117
3,319,-32.237396240234375,48.51874542236328
3,320,-33.4815673828125,45.69178771972656
3,321,-33.83268356323242,45.35199737548828
3,322,-32.546112060546875,48.224708557128906
3,323,-32.3161506652832,40.087371826171875
3,324,-31.86953353881836,42.04558181762695
3,325,-35.07247543334961,49.29994583129883
3,326,-33.73972702026367,44.819122314453125
3,327,-37.297767639160156,41.53520202636719
3,328,-35.00756072998047,51.218299865722656
3,329,-32.87234115600586,43.81863784790039
3,330,-33.500858306884766,48.56817626953125
3,331,-33.207115173339844,47.98280334472656
3,332,-32.88717269897461,39.15415954589844
3,333,-37.83281707763672,49.65129089355469
3,334,-36.509727478027344,41.464988708496094
3,335,-33.12065887451172,43.03575134277344
3,336,-40.05286407470703,41.8494873046875
3,337,-35.84959030151367,45.366004943847656
3,338,-31.58836555480957,39.77122497558594
3,339,-37.30393600463867,45.16931915283203
3,340,-33.36705780029297,48.775390625
3,341,-30.04296875,39.33271789550781
3,342,-35.42784118652344,44.204681396484375
3,343,-33.63450622558594,45.0380859375
3,344,-37.13629150390625,48.185943603515625
3,345,-31.86339569091797,42.06134033203125
3,346,-36.58496856689453,40.35179138183594
3,347,-33.19890594482422,52.045249938964844
3,348,-34.90538787841797,42.02364730834961
3,349,-31.517942428588867,44.600929260253906
3,350,-30.334964752197266,49.821685791015625
3,351,-27.56981658935547,39.86228561401367
3,352,-30.788471221923828,45.287811279296875
3,353,-33.07196807861328,42.45336151123047
3,354,-30.061172485351562,51.10163116455078
3,355,-31.256980895996094,53.79241943359375
3,356,-32.553443908691406,45.353973388671875
3,357,-31.44302749633789,48.72926330566406
3,358,-36.64934158325195,45.52873992919922
3,359,-31.309185028076172,51.35298156738281
3,360,-32.82646942138672,46.38736343383789
3,361,-28.827922821044922,48.182369232177734
3,362,-28.024473190307617,40.76826858520508
3,363,-30.295143127441406,48.92033004760742
3,364,-30.39885902404785,46.86682891845703
3,365,-28.65457534790039,44.42018127441406
3,366,-28.9024715423584,41.21388244628906
3,367,-27.986425399780273,44.366241455078125
3,368,-28.019733428955078,43.9844970703125
3,369,-30.108308792114258,46.80718231201172
3,370,-26.821853637695312,37.13518524169922
3,371,-26.814830780029297,36.70107650756836
3,372,-28.154600143432617,44.82763671875
3,373,-26.804763793945312,39.725990295410156
3,374,-27.478546142578125,44.69414520263672
3,375,-32.29514694213867,36.993133544921875
3,376,-28.49087142944336,45.075599670410156
3,377,-28.84287452697754,43.751220703125
3,378,-25.817726135253906,41.99778747558594
3,379,-26.72634506225586,37.87068176269531
3,380,-25.880237579345703,45.39006805419922
3,381,-26.86351776123047,43.86198806762695
3,382,-25.032615661621094,42.381046295166016
3,383,-27.346633911132812,45.80059814453125
3,384,-29.27229881286621,41.184471130371094
3,385,-27.985551834106445,43.09916687011719
3,386,-27.154285430908203,40.77580642700195
3,387,-24.89453125,41.87811279296875
3,388,-28.452423095703125,39.13468551635742
3,389,-26.516759872436523,44.40079116821289
3,390,-26.41754913330078,43.084190368652344
3,391,-24.451560974121094,39.75979232788086
3,392,-24.96979522705078,40.82973861694336
3,393,-26.543500900268555,38.54446029663086
3,394,-26.695083618164062,42.309661865234375
3,395,-26.819814682006836,34.253379821777344
3,396,-25.87701416015625,36.113548278808594
3,397,-31.74842643737793,45.44700241088867
3,398,-25.548503875732422,34.811073303222656
3,399,-29.25802230834961,44.39217758178711
3,400,-24.6299991607666,43.580078125
3,401,-23.960159301757812,41.73186492919922
3,402,-23.96937370300293,35.392486572265625
3,403,-22.488935470581055,42.2509765625
3,404,-23.317323684692383,42.06660461425781
3,405,-25.214473724365234,45.241641998291016
3,406,-26.99568748474121,39.97101593017578
3,407,-30.020740509033203,37.39593505859375
3,408,-28.839832305908203,39.56182098388672
3,409,-26.90984535217285,40.020050048828125
3,410,-26.143712997436523,37.951297760009766
3,411,-28.443510055541992,39.644126892089844
3,412,-26.693483352661133,38.6868896484375
3,413,-27.644439697265625,42.271095275878906
3,414,-23.753494262695312,45.34486389160156
3,415,-23.858131408691406,44.49075698852539
3,416,-28.00914764404297,41.19610595703125
3,417,-29.170185089111328,42.86114501953125
3,418,-30.29746437072754,40.10552215576172
3,419,-25.999252319335938,43.23130798339844
3,420,-25.318309783935547,43.678184509277344
3,421,-22.6061954498291,43.90654754638672
3,422,-26.005226135253906,41.34305191040039
3,423,-25.02823257446289,40.95886993408203
3,424,-26.07964324951172,36.51020431518555
3,425,-26.21434211730957,37.236541748046875
3,426,-24.205110549926758,34.358245849609375
3,427,-23.86046600341797,40.9168701171875
3,428,-24.246532440185547,41.18962860107422
3,429,-23.082149505615234,42.886444091796875
3,430,-24.392841339111328,37.24168395996094
3,431,-23.967517852783203,41.27338790893555
3,432,-24.284807205200195,43.19647979736328
3,433,-22.702289581298828,45.871829986572266
3,434,-24.52934455871582,39.442893981933594
3,435,-27.336788177490234,41.78446960449219
3,436,-25.152997970581055,36.79364013671875
3,437,-24.33538818359375,36.7562370300293
3,438,-27.95362091064453,41.636512756347656
3,439,-26.451358795166016,41.0334587097168
3,440,-26.539783477783203,41.084228515625
3,441,-24.092823028564453,34.196197509765625
3,442,-24.751514434814453,41.493438720703125
3,443,-22.52865982055664,43.08614730834961
3,444,-21.680011749267578,36.49439239501953
3,445,-25.98513412475586,41.35111618041992
3,446,-29.107303619384766,42.11919403076172
3,447,-22.536434173583984,39.07917022705078
3,448,-22.67852210998535,43.06729507446289
3,449,-20.86738395690918,36.72780227661133
3,450,-22.771575927734375,41.79608154296875
3,451,-22.836496353149414,37.5361442565918
3,452,-23.375843048095703,35.39718246459961
3,453,-25.28169822692871,40.69101333618164
3,454,-22.388904571533203,42.164588928222656
3,455,-23.770503997802734,34.09273147583008
3,456,-26.91569709777832,41.24184036254883
3,457,-24.809823989868164,41.97747039794922
3,458,-22.926057815551758,40.6393928527832
3,459,-23.79822540283203,40.00059509277344
3,460,-22.873085021972656,36.63523483276367
3,461,-23.676511764526367,41.15013122558594
3,462,-23.51677131652832,39.44618225097656
3,463,-22.075401306152344,36.47029495239258
3,464,-22.275283813476562,39.829673767089844
3,465,-22.497760772705078,44.32784652709961
3,466,-22.490596771240234,34.18354034423828
3,467,-25.809476852416992,41.923362731933594
3,468,-22.67473793029785,40.71274948120117
4,469,-23.52145004272461,42.416839599609375
4,470,-28.167938232421875,41.845638275146484
4,471,-29.17295265197754,40.79849624633789
4,472,-24.590709686279297,41.91958999633789
4,473,-21.828163146972656,34.88092803955078
4,474,-25.081012725830078,38.97193145751953
4,475,-23.58415985107422,38.50985336303711
4,476,-23.872360229492188,43.019447326660156
4,477,-22.480754852294922,43.42613220214844
4,478,-21.89647102355957,40.46673583984375
4,479,-24.33378791809082,41.69379425048828
4,480,-24.182344436645508,42.12091064453125
4,481,-22.63288116455078,35.21504211425781
4,482,-25.225223541259766,39.81257629394531
4,483,-20.821918487548828,41.800296783447266
4,484,-21.093952178955078,41.861732482910156
4,485,-23.0262508392334,43.23345184326172
4,486,-21.45768165588379,37.66724395751953
4,487,-20.083892822265625,33.59813690185547
4,488,-20.185293197631836,36.773399353027344
4,489,-19.61412239074707,34.86284255981445
4,490,-22.74446678161621,38.33301544189453
4,491,-25.658910751342773,33.087547302246094
4,492,-25.338699340820312,39.84447479248047
4,493,-21.429519653320312,36.98945617675781
4,494,-23.280208587646484,39.439483642578125
4,495,-22.00529670715332,40.76500701904297
4,496,-21.406356811523438,38.42715835571289
4,497,-22.145957946777344,41.49541473388672
4,498,-24.875328063964844,38.246429443359375
4,499,-23.653539657592773,38.752769470214844
4,500,-21.095767974853516,36.00621795654297
4,501,-27.521100997924805,35.869903564453125
4,502,-20.981584548950195,37.759605407714844
4,503,-21.915468215942383,43.99974060058594
4,504,-22.976165771484375,38.54279708862305
4,505,-20.080331802368164,37.33488464355469
4,506,-20.388931274414062,42.779502868652344
4,507,-22.783092498779297,42.152854919433594
4,508,-23.91283416748047,42.6545295715332
4,509,-24.93329620361328,40.98228454589844
4,510,-23.263072967529297,42.59538269042969
4,511,-20.577316284179688,42.398834228515625
4,512,-22.229000091552734,39.1083984375
4,513,-20.304935455322266,40.563175201416016
4,514,-21.706043243408203,37.09150695800781
4,515,-21.543296813964844,38.347747802734375
4,516,-21.723970413208008,42.68080520629883
4,517,-21.445798873901367,39.1153450012207
4,518,-21.98239517211914,39.712432861328125
4,519,-22.170215606689453,34.633548736572266
4,520,-23.566787719726562,38.5693359375
4,521,-22.206096649169922,37.726436614990234
4,522,-23.415035247802734,37.942100524902344
4,523,-21.65057945251465,41.169681549072266
4,524,-22.272621154785156,37.33479309082031
4,525,-22.134998321533203,38.394859313964844
4,526,-21.659713745117188,40.510704040527344
4,527,-24.934558868408203,43.575927734375
4,528,-20.665788650512695,37.43868637084961
4,529,-19.76228141784668,35.75199890136719
4,530,-22.616029739379883,32.96434020996094
4,531,-21.66216468811035,38.605873107910156
4,532,-23.191120147705078,35.62379837036133
4,533,-23.00423240661621,35.20680236816406
4,534,-22.195281982421875,37.71139144897461
4,535,-20.92911148071289,40.140098571777344
4,536,-20.762786865234375,37.92778396606445
4,537,-23.73573112487793,39.41458511352539
4,538,-24.691450119018555,37.93743896484375
4,539,-21.69451904296875,35.522315979003906
4,540,-19.85635757446289,33.99584197998047
4,541,-21.005569458007812,38.3729362487793
4,542,-20.614234924316406,35.28740692138672
4,543,-20.77367401123047,35.319061279296875
4,544,-19.790401458740234,31.603235244750977
4,545,-21.277591705322266,31.891578674316406
4,546,-18.261978149414062,39.95756530761719
4,547,-20.402740478515625,37.21376037597656
4,548,-21.36187744140625,37.62324523925781
4,549,-20.985811233520508,34.91963577270508
4,550,-26.60103988647461,38.01557540893555
4,551,-24.57948875427246,40.34931945800781
4,552,-20.945919036865234,39.78874206542969
4,553,-19.352684020996094,35.72718811035156
4,554,-21.952184677124023,38.72139358520508
4,555,-21.038726806640625,34.07225036621094
4,556,-23.856494903564453,42.059242248535156
4,557,-21.89371109008789,33.891387939453125
4,558,-20.38457679748535,35.36121368408203
4,559,-25.741315841674805,34.74768829345703
4,560,-21.955034255981445,38.357269287109375
4,561,-19.797821044921875,41.1497802734375
4,562,-18.04180908203125,42.004051208496094
4,563,-19.411561965942383,34.2211799621582
4,564,-21.07391929626465,38.490272521972656
4,565,-16.989065170288086,37.74513626098633
4,566,-19.962894439697266,35.086708068847656
4,567,-21.26164436340332,35.882720947265625
4,568,-20.849014282226562,35.042667388916016
4,569,-21.527175903320312,36.93948745727539
4,570,-22.312522888183594,38.736629486083984
4,571,-25.115148544311523,33.01008605957031
4,572,-24.563941955566406,35.05619430541992
4,573,-21.030580520629883,36.930091857910156
4,574,-22.64241600036621,36.06102752685547
4,575,-22.08917236328125,33.980857849121094
4,576,-21.217266082763672,37.00469207763672
4,577,-21.993000030517578,42.60188293457031
4,578,-20.725069046020508,37.832664489746094
4,579,-20.530006408691406,35.270652770996094
4,580,-22.02682113647461,40.10524368286133
4,581,-19.817115783691406,39.3829231262207
4,582,-20.340303421020508,37.02674102783203
4,583,-22.029932022094727,33.58124542236328
4,584,-21.803016662597656,38.29694366455078
4,585,-22.383480072021484,34.814117431640625
4,586,-25.2368221282959,30.07990264892578
4,587,-18.61773109436035,34.551483154296875
4,588,-19.790082931518555,35.11285400390625
4,589,-19.583864212036133,36.451194763183594
4,590,-17.92607879638672,34.71197509765625
4,591,-20.739164352416992,38.48102951049805
4,592,-20.777969360351562,31.79174041748047
4,593,-19.881128311157227,32.84938049316406
4,594,-23.125022888183594,37.61276626586914
4,595,-20.37499237060547,36.492027282714844
4,596,-24.330352783203125,38.61659240722656
4,597,-26.87651824951172,35.31439208984375
4,598,-20.800537109375,33.069332122802734
4,599,-19.22385597229004,39.19960021972656
4,600,-20.27840805053711,39.92034912109375
4,601,-20.154897689819336,33.493141174316406
4,602,-19.108671188354492,34.20941162109375
4,603,-18.133047103881836,30.802764892578125
4,604,-21.285953521728516,31.758277893066406
4,605,-21.29137420654297,31.755468368530273
4,606,-19.763656616210938,36.94041442871094
4,607,-18.419937133789062,32.13462829589844
4,608,-20.356929779052734,31.96959686279297
4,609,-21.675090789794922,34.78733444213867
4,610,-18.997501373291016,35.377220153808594
4,611,-18.553237915039062,38.742286682128906
4,612,-20.558765411376953,33.02121353149414
4,613,-19.386764526367188,37.082008361816406
4,614,-18.310876846313477,36.32157897949219
4,615,-19.203968048095703,34.82471466064453
4,616,-20.358022689819336,32.361083984375
4,617,-19.258737564086914,37.135948181152344
4,618,-20.055953979492188,34.56822204589844
4,619,-21.93121337890625,30.004192352294922
4,620,-22.402774810791016,31.117002487182617
4,621,-17.244403839111328,36.09689712524414
4,622,-20.005126953125,31.559160232543945
4,623,-21.13131332397461,33.11351013183594
4,624,-21.817108154296875,40.547462463378906
5,625,-20.073041915893555,31.120967864990234
5,626,-20.959049224853516,30.070175170898438
5,627,-17.44171714782715,35.2662353515625
5,628,-18.415266036987305,37.772056579589844
5,629,-21.423994064331055,33.23674392700195
5,630,-19.56832504272461,33.32170867919922
5,631,-18.413734436035156,33.184661865234375
5,632,-18.577545166015625,38.537147521972656
5,633,-22.149356842041016,38.49960708618164
5,634,-25.955904006958008,32.851173400878906
5,635,-18.66066551208496,34.989559173583984
5,636,-18.62418556213379,38.19305419921875
5,637,-19.309236526489258,32.99150085449219
5,638,-19.94544219970703,33.86558532714844
5,639,-19.89649200439453,28.31705093383789
5,640,-21.30569076538086,31.798538208007812
5,641,-19.16701889038086,37.40116500854492
5,642,-18.830913543701172,30.871692657470703
5,643,-19.2614688873291,32.53010559082031
5,644,-17.84662628173828,32.911170959472656
5,645,-20.29705238342285,31.333717346191406
5,646,-19.61382293701172,33.79957580566406
5,647,-17.708513259887695,31.007854461669922
5,648,-17.311996459960938,30.248144149780273
5,649,-19.859590530395508,36.437286376953125
5,650,-18.176082611083984,33.358497619628906
5,651,-18.1192684173584,35.26539611816406
5,652,-18.91720962524414,33.76123809814453
5,653,-17.532344818115234,33.23382568359375
5,654,-18.02865219116211,31.24947738647461
5,655,-21.237255096435547,25.46158218383789
5,656,-16.784618377685547,33.236610412597656
5,657,-17.127580642700195,28.138835906982422
5,658,-18.94107437133789,31.771133422851562
5,659,-20.036338806152344,30.30415153503418
5,660,-16.476627349853516,29.688268661499023
5,661,-19.315753936767578,30.677127838134766
5,662,-16.52424430847168,28.736797332763672
5,663,-16.8828182220459,32.181121826171875
5,664,-19.61739730834961,30.839553833007812
5,665,-18.19696044921875,32.09513854980469
5,666,-19.501667022705078,33.93949890136719
5,667,-16.09968376159668,27.670442581176758
5,668,-16.18812370300293,32.5155029296875
5,669,-17.7515869140625,29.013185501098633
5,670,-17.941814422607422,28.734704971313477
5,671,-17.566545486450195,34.780086517333984
5,672,-19.540430068969727,36.2080078125
5,673,-18.17795181274414,32.09367370605469
5,674,-18.620132446289062,29.361202239990234
5,675,-17.702274322509766,35.195133209228516
5,676,-17.06475067138672,28.186399459838867
5,677,-15.197232246398926,23.933191299438477
5,678,-17.651493072509766,28.18913459777832
5,679,-17.492834091186523,28.505428314208984
5,680,-17.059696197509766,25.694690704345703
5,681,-15.742082595825195,33.31307601928711
5,682,-20.15126609802246,30.49632453918457
5,683,-15.825784683227539,31.813182830810547
5,684,-18.33057403564453,37.99888610839844
5,685,-20.31174659729004,30.2696533203125
5,686,-17.028301239013672,30.436813354492188
5,687,-16.435321807861328,25.053157806396484
5,688,-16.726280212402344,28.437532424926758
5,689,-16.873310089111328,33.37419891357422
5,690,-19.155471801757812,28.84848403930664
5,691,-15.539732933044434,27.436012268066406
5,692,-16.85964584350586,27.39521598815918
5,693,-16.966033935546875,23.82592010498047
5,694,-14.937705993652344,32.050777435302734
5,695,-16.70462417602539,23.852571487426758
5,696,-17.022275924682617,25.677881240844727
5,697,-16.328258514404297,27.929405212402344
5,698,-15.213886260986328,28.345787048339844
5,699,-15.373298645019531,26.561561584472656
5,700,-16.316307067871094,20.17123794555664
5,701,-15.8208646774292,25.199222564697266
5,702,-17.53938865661621,34.063926696777344
5,703,-15.071800231933594,29.83877182006836
5,704,-17.469575881958008,31.149412155151367
5,705,-17.568262100219727,30.508068084716797
5,706,-20.09714126586914,30.34911346435547
5,707,-18.33209228515625,27.025405883789062
5,708,-15.67608642578125,27.001358032226562
5,709,-16.7228946685791,23.975278854370117
5,710,-16.118507385253906,26.51007080078125
5,711,-19.164209365844727,22.672679901123047
5,712,-15.993881225585938,30.54178237915039
5,713,-17.67879867553711,25.300418853759766
5,714,-15.774202346801758,28.103435516357422
5,715,-16.965595245361328,22.001239776611328
5,716,-15.898300170898438,23.05097198486328
5,717,-16.377647399902344,25.088775634765625
5,718,-17.87555694580078,24.425968170166016
5,719,-21.172130584716797,29.949737548828125
5,720,-17.032588958740234,29.177804946899414
5,721,-16.084787368774414,24.669178009033203
5,722,-15.67213249206543,23.24272346496582
5,723,-15.181292533874512,28.02829933166504
5,724,-16.516704559326172,24.543781280517578
5,725,-17.282079696655273,26.991920471191406
5,726,-16.476102828979492,23.69495391845703
5,727,-15.813100814819336,24.297677993774414
5,728,-15.0946683883667,24.475934982299805
5,729,-16.386707305908203,28.139358520507812
5,730,-15.673770904541016,21.9256591796875
5,731,-15.474262237548828,22.122209548950195
5,732,-15.311843872070312,25.796825408935547
5,733,-15.118974685668945,25.20022964477539
5,734,-15.599989891052246,24.122089385986328
5,735,-14.919855117797852,29.10845184326172
5,736,-16.8500919342041,23.3571720123291
5,737,-16.24384307861328,22.19329833984375
5,738,-15.029914855957031,22.891040802001953
5,739,-15.855259895324707,23.716665267944336
5,740,-14.768722534179688,25.88544464111328
5,741,-15.140588760375977,21.015647888183594
5,742,-14.969542503356934,24.408273696899414
5,743,-17.626434326171875,22.402137756347656
5,744,-18.502904891967773,22.02178955078125
5,745,-17.235090255737305,26.736616134643555
5,746,-16.383222579956055,21.121356964111328
5,747,-15.61172103881836,20.397838592529297
5,748,-16.51822280883789,22.455785751342773
5,749,-16.462339401245117,23.18061065673828
5,750,-16.098575592041016,22.117525100708008
5,751,-16.6721248626709,24.226425170898438
5,752,-17.448204040527344,28.799829483032227
5,753,-17.023311614990234,18.358720779418945
5,754,-15.674030303955078,25.765945434570312
5,755,-16.47021484375,22.334781646728516
5,756,-15.58061408996582,21.367538452148438
5,757,-14.954824447631836,26.48686981201172
5,758,-19.408565521240234,24.057140350341797
5,759,-15.45288372039795,25.38894271850586
5,760,-16.624469757080078,23.207340240478516
5,761,-14.067307472229004,25.480558395385742
5,762,-15.133280754089355,20.79644203186035
5,763,-14.920259475708008,19.006208419799805
5,764,-15.680368423461914,27.304061889648438
5,765,-17.18706512451172,26.62409210205078
5,766,-16.263132095336914,25.061885833740234
5,767,-15.367509841918945,23.5765438079834
5,768,-14.665717124938965,22.616796493530273
5,769,-15.967972755432129,24.314584732055664
5,770,-19.800451278686523,19.59174346923828
5,771,-16.436771392822266,23.74605941772461
5,772,-14.076898574829102,23.852725982666016
5,773,-15.91232681274414,21.868450164794922
5,774,-14.650979995727539,21.959983825683594
5,775,-16.448755264282227,23.23160743713379
5,776,-16.047914505004883,19.78315544128418
5,777,-16.115575790405273,24.931285858154297
5,778,-14.542282104492188,19.67912483215332
5,779,-16.31604766845703,25.315677642822266
5,780,-16.05488395690918,25.489913940429688
6,781,-15.828332901000977,24.809436798095703
6,782,-18.17601776123047,26.787208557128906
6,783,-16.157848358154297,23.475807189941406
6,784,-14.323137283325195,20.348190307617188
6,785,-16.39616584777832,29.914751052856445
6,786,-19.10420036315918,23.905075073242188
6,787,-13.771973609924316,24.464733123779297
6,788,-17.52321434020996,18.668720245361328
6,789,-15.010063171386719,18.723384857177734
6,790,-14.465069770812988,19.738019943237305
6,791,-15.994405746459961,22.360851287841797
6,792,-14.304611206054688,21.086315155029297
6,793,-15.683338165283203,20.343387603759766
6,794,-14.940177917480469,20.58138656616211
6,795,-15.709798812866211,20.493358612060547
6,796,-15.421675682067871,25.313154220581055
6,797,-15.301595687866211,20.551305770874023
6,798,-16.163589477539062,24.8780574798584
6,799,-15.676606178283691,18.208587646484375
6,800,-15.552361488342285,24.12482261657715
6,801,-14.283190727233887,22.203861236572266
6,802,-15.65284538269043,21.345569610595703
6,803,-16.906444549560547,16.556493759155273
6,804,-14.168800354003906,20.448835372924805
6,805,-15.487968444824219,21.149765014648438
6,806,-14.865920066833496,20.25775909423828
6,807,-15.566811561584473,20.154285430908203
6,808,-15.692715644836426,22.51170539855957
6,809,-15.733349800109863,18.09372901916504
6,810,-15.982025146484375,27.31143569946289
6,811,-15.847553253173828,17.981046676635742
6,812,-15.972943305969238,21.98626708984375
6,813,-14.82227897644043,21.392078399658203
6,814,-15.946186065673828,26.62045669555664
6,815,-16.370683670043945,19.190980911254883
6,816,-15.585378646850586,18.596269607543945
6,817,-16.09532356262207,26.159509658813477
6,818,-19.50039291381836,20.76809310913086
6,819,-14.900851249694824,20.679431915283203
6,820,-15.38477611541748,23.336095809936523
6,821,-13.066222190856934,13.707365036010742
6,822,-15.069801330566406,21.287851333618164
6,823,-17.113523483276367,20.22208023071289
6,824,-14.829898834228516,20.045085906982422
6,825,-16.625001907348633,22.31098747253418
6,826,-18.569461822509766,23.066314697265625
6,827,-16.18421745300293,20.170372009277344
6,828,-15.244462966918945,22.02324676513672
6,829,-15.065797805786133,19.581945419311523
6,830,-15.818815231323242,21.833465576171875
6,831,-17.140323638916016,16.960437774658203
6,832,-16.33155632019043,25.113136291503906
6,833,-15.45882797241211,17.469602584838867
6,834,-14.772432327270508,21.739410400390625
6,835,-17.259090423583984,21.074626922607422
6,836,-14.202018737792969,19.701425552368164
6,837,-14.993017196655273,22.23542022705078
6,838,-15.004302978515625,21.953454971313477
6,839,-15.661469459533691,25.0518798828125
6,840,-16.887073516845703,22.634765625
6,841,-12.952404975891113,17.71709442138672
6,842,-14.114950180053711,22.796981811523438
6,843,-15.935335159301758,18.99892807006836
6,844,-14.170324325561523,20.82938575744629
6,845,-15.619832992553711,19.963924407958984
6,846,-15.29759693145752,17.671323776245117
6,847,-14.799028396606445,20.47805404663086
6,848,-17.55279541015625,18.453750610351562
6,849,-15.358526229858398,20.310890197753906
6,850,-15.22845458984375,23.596435546875
6,851,-16.710647583007812,16.962858200073242
6,852,-15.347328186035156,20.563053131103516
6,853,-15.782553672790527,18.356807708740234
6,854,-14.411903381347656,20.890256881713867
6,855,-14.839181900024414,22.512958526611328
6,856,-15.185770034790039,21.804752349853516
6,857,-18.19655990600586,20.62519073486328
6,858,-14.661080360412598,21.603748321533203
6,859,-15.150665283203125,19.998998641967773
6,860,-15.336503028869629,19.602935791015625
6,861,-14.812108039855957,17.879053115844727
6,862,-13.966070175170898,21.57636833190918
6,863,-16.81060218811035,18.854063034057617
6,864,-16.39386558532715,25.147823333740234
6,865,-16.327306747436523,17.696609497070312
6,866,-14.237590789794922,17.455608367919922
6,867,-16.083301544189453,15.852418899536133
6,868,-14.554422378540039,18.573209762573242
6,869,-14.844127655029297,20.210432052612305
6,870,-14.48978042602539,14.26274299621582
6,871,-15.293821334838867,21.698335647583008
6,872,-16.921260833740234,19.276718139648438
6,873,-13.60772705078125,17.21112060546875
6,874,-14.359902381896973,22.01490020751953
6,875,-15.269978523254395,17.432437896728516
6,876,-14.542545318603516,18.129859924316406
6,877,-14.414615631103516,18.87723159790039
6,878,-17.15106201171875,14.233205795288086
6,879,-16.498703002929688,21.455013275146484
6,880,-15.240198135375977,15.994634628295898
6,881,-15.795661926269531,19.783843994140625
6,882,-16.828609466552734,20.423961639404297
6,883,-14.609386444091797,16.787532806396484
6,884,-14.251708984375,16.458759307861328
6,885,-15.09037971496582,18.050201416015625
6,886,-15.212236404418945,18.20166778564453
6,887,-14.172359466552734,19.117860794067383
6,888,-13.969074249267578,18.764780044555664
6,889,-13.720619201660156,19.086462020874023
6,890,-16.13370704650879,14.372983932495117
6,891,-15.238877296447754,20.31614875793457
6,892,-14.562599182128906,18.319868087768555
6,893,-15.711013793945312,18.090078353881836
6,894,-14.886616706848145,18.302715301513672
6,895,-15.094237327575684,15.778382301330566
6,896,-15.281013488769531,21.765689849853516
6,897,-15.16995906829834,14.244477272033691
6,898,-15.033918380737305,16.608789443969727
6,899,-14.659383773803711,18.711238861083984
6,900,-16.839824676513672,15.826478004455566
6,901,-13.215473175048828,17.362634658813477
6,902,-14.254323959350586,18.845569610595703
6,903,-16.404600143432617,14.535921096801758
6,904,-16.79096221923828,18.51880645751953
6,905,-15.316840171813965,19.027862548828125
6,906,-15.98708724975586,17.17597198486328
6,907,-14.24112319946289,18.001449584960938
6,908,-14.78567886352539,18.425399780273438
6,909,-14.40225601196289,15.23666763305664
6,910,-15.704604148864746,18.14791488647461
6,911,-15.502891540527344,18.34501838684082
6,912,-14.108884811401367,18.764381408691406
6,913,-15.2167329788208,18.107919692993164
6,914,-13.291998863220215,13.601417541503906
6,915,-14.628687858581543,19.124834060668945
6,916,-12.091682434082031,15.329019546508789
6,917,-15.366161346435547,19.56686782836914
6,918,-15.682214736938477,16.99200439453125
6,919,-15.369906425476074,19.156131744384766
6,920,-14.301324844360352,18.142330169677734
6,921,-13.748828887939453,15.278219223022461
6,922,-16.234567642211914,18.431732177734375
6,923,-15.390816688537598,21.497455596923828
6,924,-16.53959083557129,15.647085189819336
6,925,-12.583096504211426,16.272531509399414
6,926,-15.678009033203125,16.264541625976562
6,927,-13.129738807678223,14.929143905639648
6,928,-14.878244400024414,19.026103973388672
6,929,-15.891225814819336,14.258161544799805
6,930,-14.568626403808594,15.530356407165527
6,931,-14.673954010009766,17.88421630859375
6,932,-14.386510848999023,15.897733688354492
6,933,-13.54495620727539,21.971221923828125
6,934,-15.664487838745117,14.832958221435547
6,935,-16.772994995117188,20.11691665649414
6,936,-14.624104499816895,20.53746795654297
7,937,-14.69405746459961,16.74407196044922
7,938,-13.803415298461914,13.854472160339355
7,939,-14.359842300415039,17.70537567138672
7,940,-13.654212951660156,19.191734313964844
7,941,-14.747572898864746,19.862714767456055
7,942,-16.339208602905273,15.672431945800781
7,943,-14.458890914916992,17.130207061767578
7,944,-15.566312789916992,13.329429626464844
7,945,-13.082915306091309,14.138493537902832
7,946,-13.519844055175781,17.604042053222656
7,947,-13.661535263061523,16.025976181030273
7,948,-14.731420516967773,14.488849639892578
7,949,-13.710424423217773,15.9326810836792
7,950,-15.872554779052734,17.16796112060547
7,951,-15.084738731384277,21.265262603759766
7,952,-16.443180084228516,17.874446868896484
7,953,-17.11656951904297,18.09099578857422
7,954,-19.458654403686523,23.590517044067383
7,955,-15.915031433105469,16.77941131591797
7,956,-13.273691177368164,17.23038673400879
7,957,-15.480657577514648,14.879443168640137
7,958,-14.883062362670898,13.876394271850586
7,959,-13.900607109069824,21.661388397216797
7,960,-14.613816261291504,19.600156784057617
7,961,-14.177035331726074,15.239657402038574
7,962,-18.607410430908203,18.930816650390625
7,963,-14.366973876953125,15.584245681762695
7,964,-15.424636840820312,18.003620147705078
7,965,-14.08154582977295,15.455242156982422
7,966,-13.290994644165039,17.53765296936035
7,967,-15.418451309204102,14.369222640991211
7,968,-14.018167495727539,17.185260772705078
7,969,-14.58544921875,17.410442352294922
7,970,-14.482757568359375,12.442195892333984
7,971,-14.106090545654297,19.208824157714844
7,972,-16.42633056640625,13.702457427978516
7,973,-15.029403686523438,10.427042007446289
7,974,-15.256292343139648,20.146419525146484
7,975,-18.795032501220703,17.53028106689453
7,976,-13.732749938964844,16.86955451965332
7,977,-12.843793869018555,12.064169883728027
7,978,-13.730703353881836,17.015810012817383
7,979,-14.892302513122559,14.340917587280273
7,980,-14.998031616210938,12.967315673828125
7,981,-14.326249122619629,20.14139747619629
7,982,-15.031882286071777,14.210476875305176
7,983,-13.888483047485352,17.029308319091797
7,984,-14.464813232421875,14.824381828308105
7,985,-15.39625072479248,14.718903541564941
7,986,-15.099793434143066,16.141347885131836
7,987,-13.599552154541016,18.719341278076172
7,988,-14.144100189208984,16.677867889404297
7,989,-13.555464744567871,17.42695426940918
7,990,-12.926505088806152,13.354750633239746
7,991,-14.549739837646484,13.442557334899902
7,992,-14.494134902954102,18.38924789428711
7,993,-16.18122100830078,15.226907730102539
7,994,-12.264920234680176,14.499661445617676
7,995,-14.935993194580078,11.176168441772461
7,996,-13.7669095993042,14.820354461669922
7,997,-13.998123168945312,13.712388038635254
7,998,-15.849915504455566,14.779006958007812
7,999,-13.862585067749023,17.13961410522461
7,1000,-14.699471473693848,13.84449291229248
7,1001,-13.747217178344727,15.39691162109375
7,1002,-13.820899963378906,15.21989631652832
7,1003,-17.97156524658203,7.822788238525391
7,1004,-15.364328384399414,14.153562545776367
7,1005,-14.929100036621094,18.712862014770508
7,1006,-14.372135162353516,13.55274772644043
7,1007,-14.252481460571289,14.884685516357422
7,1008,-13.291601181030273,10.671501159667969
7,1009,-13.073236465454102,15.214543342590332
7,1010,-13.617002487182617,15.794575691223145
7,1011,-14.342870712280273,10.95875358581543
7,1012,-13.102776527404785,11.391444206237793
7,1013,-13.187572479248047,11.94536018371582
7,1014,-14.33658218383789,14.042007446289062
7,1015,-12.665337562561035,12.92263412475586
7,1016,-14.69101333618164,18.15125274658203
7,1017,-17.166751861572266,11.146295547485352
7,1018,-13.906045913696289,15.933426856994629
7,1019,-14.127643585205078,12.766230583190918
7,1020,-13.026073455810547,11.56727409362793
7,1021,-15.688146591186523,12.840766906738281
7,1022,-17.56739044189453,15.369522094726562
7,1023,-13.814558982849121,16.867652893066406
7,1024,-15.917390823364258,9.994139671325684
7,1025,-13.817915916442871,15.359498977661133
7,1026,-13.198802947998047,13.052742958068848
7,1027,-13.916467666625977,12.26378059387207
7,1028,-13.878374099731445,16.945846557617188
7,1029,-16.728315353393555,9.792282104492188
7,1030,-15.88905143737793,20.818157196044922
7,1031,-13.614713668823242,16.40752410888672
7,1032,-12.632645606994629,10.4857177734375
7,1033,-12.34743881225586,11.359516143798828
7,1034,-12.53001594543457,14.160083770751953
7,1035,-14.074925422668457,13.214391708374023
7,1036,-14.898499488830566,15.808820724487305
7,1037,-13.212018966674805,13.004358291625977
7,1038,-13.826446533203125,13.181915283203125
7,1039,-13.168145179748535,10.944047927856445
7,1040,-12.312305450439453,15.97655963897705
7,1041,-12.324724197387695,13.126440048217773
7,1042,-13.89526653289795,12.21860122680664
7,1043,-13.29951286315918,18.635595321655273
7,1044,-15.944217681884766,14.928389549255371
7,1045,-13.883091926574707,10.284022331237793
7,1046,-13.819639205932617,13.499829292297363
7,1047,-14.43647575378418,12.390462875366211
7,1048,-15.225884437561035,12.558919906616211
7,1049,-15.75882339477539,12.597972869873047
7,1050,-12.722790718078613,14.292810440063477
7,1051,-15.111379623413086,10.991889953613281
7,1052,-14.334488868713379,13.454349517822266
7,1053,-14.040542602539062,14.366193771362305
7,1054,-13.074267387390137,13.603126525878906
7,1055,-11.562095642089844,14.193174362182617
7,1056,-13.492883682250977,14.241706848144531
7,1057,-14.039528846740723,13.827804565429688
7,1058,-14.279996871948242,16.596534729003906
7,1059,-15.333998680114746,13.05731201171875
7,1060,-12.271717071533203,12.305488586425781
7,1061,-14.126039505004883,13.625452041625977
7,1062,-17.03507423400879,14.55026912689209
7,1063,-13.181305885314941,14.327489852905273
7,1064,-12.979747772216797,10.031583786010742
7,1065,-12.02751350402832,17.41155242919922
7,1066,-14.616256713867188,12.04660415649414
7,1067,-13.127153396606445,16.813007354736328
7,1068,-13.596273422241211,15.142040252685547
7,1069,-13.576033592224121,13.689591407775879
7,1070,-13.630228996276855,11.067153930664062
7,1071,-13.669408798217773,10.969655990600586
7,1072,-11.88882064819336,12.77435302734375
7,1073,-12.374929428100586,11.007471084594727
7,1074,-13.622477531433105,11.87053108215332
7,1075,-15.337772369384766,16.101957321166992
7,1076,-16.187564849853516,12.618122100830078
7,1077,-16.02300453186035,17.613325119018555
7,1078,-13.893238067626953,12.44530963897705
7,1079,-13.677164077758789,15.050436019897461
7,1080,-15.281848907470703,10.349035263061523
7,1081,-12.516916275024414,13.243535041809082
7,1082,-13.260432243347168,12.203354835510254
7,1083,-13.675684928894043,15.983094215393066
7,1084,-11.850452423095703,12.733983993530273
7,1085,-13.057269096374512,15.894356727600098
7,1086,-14.654303550720215,11.373834609985352
7,1087,-13.157428741455078,11.400222778320312
7,1088,-11.159120559692383,14.733549118041992
7,1089,-13.429727554321289,9.971048355102539
7,1090,-13.660151481628418,12.395576477050781
7,1091,-13.278322219848633,9.699111938476562
7,1092,-15.162088394165039,8.705440521240234
8,1093,-15.271564483642578,16.073162078857422
8,1094,-13.966957092285156,15.841024398803711
8,1095,-13.813863754272461,13.454164505004883
8,1096,-13.182035446166992,9.808609962463379
8,1097,-13.442715644836426,9.219066619873047
8,1098,-12.934818267822266,9.11786937713623
8,1099,-13.249789237976074,9.461851119995117
8,1100,-14.814519882202148,13.89896011352539
8,1101,-15.936752319335938,14.795876502990723
8,1102,-12.247793197631836,12.800168991088867
8,1103,-13.260577201843262,9.69124984741211
8,1104,-13.986491203308105,12.689203262329102
8,1105,-13.591861724853516,12.596658706665039
8,1106,-12.872061729431152,9.667703628540039
8,1107,-12.586824417114258,11.613075256347656
8,1108,-13.310712814331055,10.642589569091797
8,1109,-14.668618202209473,13.619039535522461
8,1110,-13.501232147216797,13.323894500732422
8,1111,-12.478918075561523,9.592620849609375
8,1112,-13.65609073638916,11.64608383178711
8,1113,-13.215550422668457,12.23707389831543
8,1114,-13.27435302734375,11.625604629516602
8,1115,-14.412650108337402,11.042238235473633
8,1116,-12.736837387084961,10.345710754394531
8,1117,-13.631667137145996,12.709578514099121
8,1118,-13.11479377746582,13.579741477966309
8,1119,-13.870378494262695,14.094476699829102
8,1120,-12.037588119506836,11.777741432189941
8,1121,-12.2847900390625,12.525598526000977
8,1122,-15.324930191040039,8.42068862915039
8,1123,-13.57115364074707,12.977230072021484
8,1124,-12.877779960632324,11.062064170837402
8,1125,-16.624292373657227,12.167835235595703
8,1126,-18.556964874267578,17.166011810302734
8,1127,-12.90755844116211,11.194405555725098
8,1128,-13.58461856842041,14.731986999511719
8,1129,-13.630071640014648,13.727954864501953
8,1130,-13.447357177734375,10.955720901489258
8,1131,-12.607282638549805,10.969622611999512
8,1132,-12.784700393676758,8.367344856262207
8,1133,-11.767105102539062,10.872220993041992
8,1134,-12.860086441040039,10.238500595092773
8,1135,-15.763938903808594,10.76917839050293
8,1136,-14.412801742553711,16.744752883911133
8,1137,-13.400703430175781,6.471612930297852
8,1138,-13.945971488952637,13.924296379089355
8,1139,-12.819395065307617,7.796970844268799
8,1140,-12.52690315246582,12.596395492553711
8,1141,-14.500870704650879,13.14920425415039
8,1142,-12.243812561035156,8.855262756347656
8,1143,-13.183660507202148,12.026602745056152
8,1144,-12.205720901489258,8.460180282592773
8,1145,-13.034493446350098,12.409553527832031
8,1146,-14.669553756713867,8.367355346679688
8,1147,-12.33255386352539,15.680118560791016
8,1148,-12.865055084228516,8.771960258483887
8,1149,-12.425183296203613,11.373682975769043
8,1150,-13.336135864257812,7.645942211151123
8,1151,-13.866926193237305,15.13380241394043
8,1152,-12.324853897094727,11.831666946411133
8,1153,-13.52176570892334,14.563414573669434
8,1154,-14.033670425415039,14.467080116271973
8,1155,-14.200236320495605,10.699299812316895
8,1156,-13.589460372924805,10.442787170410156
8,1157,-13.11199951171875,12.748549461364746
8,1158,-12.209142684936523,10.390823364257812
8,1159,-12.848834991455078,11.751365661621094
8,1160,-12.75908088684082,13.42588996887207
8,1161,-14.13743782043457,8.725654602050781
8,1162,-12.978498458862305,14.55573558807373
8,1163,-13.8179349899292,10.31027889251709
8,1164,-12.152073860168457,12.02750301361084
8,1165,-13.09885025024414,10.205015182495117
8,1166,-11.706539154052734,9.294515609741211
8,1167,-12.752997398376465,10.586627960205078
8,1168,-13.216651916503906,12.98549747467041
8,1169,-14.208433151245117,11.472671508789062
8,1170,-13.278915405273438,16.564777374267578
8,1171,-13.90237808227539,10.255758285522461
8,1172,-12.50334358215332,10.957574844360352
8,1173,-14.869571685791016,10.920123100280762
8,1174,-15.064955711364746,21.6461181640625
8,1175,-14.023326873779297,10.182500839233398
8,1176,-13.214829444885254,16.95284652709961
8,1177,-13.571053504943848,11.640963554382324
8,1178,-11.367263793945312,13.388875007629395
8,1179,-12.285030364990234,11.412689208984375
8,1180,-12.18702507019043,15.876157760620117
8,1181,-14.097610473632812,9.3117036819458
8,1182,-12.247251510620117,11.457036972045898
8,1183,-12.355531692504883,12.150785446166992
8,1184,-12.740386962890625,10.361699104309082
8,1185,-11.9091157913208,16.37381935119629
8,1186,-14.454849243164062,8.780101776123047
8,1187,-11.236157417297363,13.446528434753418
8,1188,-13.887151718139648,11.461633682250977
8,1189,-14.787429809570312,15.148368835449219
8,1190,-11.575302124023438,11.574522018432617
8,1191,-11.555895805358887,8.881977081298828
8,1192,-12.303998947143555,9.873638153076172
8,1193,-12.330594062805176,9.412903785705566
8,1194,-11.620563507080078,11.331901550292969
8,1195,-13.606733322143555,7.848943710327148
8,1196,-13.039334297180176,12.305252075195312
8,1197,-14.030655860900879,11.182300567626953
8,1198,-12.625350952148438,12.438138961791992
8,1199,-13.383157730102539,12.019289016723633
8,1200,-13.309924125671387,10.442408561706543
8,1201,-17.34375762939453,15.346807479858398
8,1202,-13.815502166748047,11.560325622558594
8,1203,-12.790051460266113,7.967489242553711
8,1204,-11.775371551513672,10.76388168334961
8,1205,-12.334990501403809,9.95242977142334
8,1206,-13.555908203125,13.182531356811523
8,1207,-13.965469360351562,14.192304611206055
8,1208,-12.911369323730469,10.410261154174805
8,1209,-13.141641616821289,13.665203094482422
8,1210,-14.412900924682617,10.980218887329102
8,1211,-11.707603454589844,10.589709281921387
8,1212,-11.5560302734375,9.205005645751953
8,1213,-13.380221366882324,10.199633598327637
8,1214,-13.092927932739258,10.212285995483398
8,1215,-11.240686416625977,11.754481315612793
8,1216,-12.709689140319824,9.018720626831055
8,1217,-13.121854782104492,9.448034286499023
8,1218,-13.8782320022583,13.338062286376953
8,1219,-14.198333740234375,12.179744720458984
8,1220,-11.992792129516602,12.045736312866211
8,1221,-13.504093170166016,8.886398315429688
8,1222,-13.831686019897461,8.865633010864258
8,1223,-13.037858009338379,14.532743453979492
8,1224,-14.777774810791016,11.296297073364258
8,1225,-12.264424324035645,7.80721378326416
8,1226,-12.910346031188965,11.535358428955078
8,1227,-13.743000030517578,14.731267929077148
8,1228,-12.713988304138184,9.57762336730957
8,1229,-11.500608444213867,14.620491027832031
8,1230,-12.533592224121094,6.378365993499756
8,1231,-12.152421951293945,9.598970413208008
8,1232,-12.698613166809082,11.86880874633789
8,1233,-13.688682556152344,14.42236042022705
8,1234,-12.692755699157715,11.193811416625977
8,1235,-11.517163276672363,8.515725135803223
8,1236,-12.685418128967285,13.403422355651855
8,1237,-13.708627700805664,11.542061805725098
8,1238,-13.568927764892578,16.420289993286133
8,1239,-12.829533576965332,8.818649291992188
8,1240,-11.090614318847656,8.842628479003906
8,1241,-12.54665756225586,16.016597747802734
8,1242,-12.502313613891602,11.252189636230469
8,1243,-11.912687301635742,10.649715423583984
8,1244,-12.780216217041016,10.320972442626953
8,1245,-11.842132568359375,11.316596984863281
8,1246,-12.893953323364258,9.42715835571289
8,1247,-12.171606063842773,7.7079644203186035
8,1248,-12.701705932617188,9.273568153381348
9,1249,-10.01993179321289,8.893470764160156
9,1250,-13.52358341217041,12.886061668395996
9,1251,-15.495453834533691,14.895774841308594
9,1252,-11.828323364257812,9.602926254272461
9,1253,-12.862062454223633,8.868284225463867
9,1254,-13.328575134277344,11.045195579528809
9,1255,-13.438502311706543,7.312618255615234
9,1256,-12.051650047302246,8.940265655517578
9,1257,-13.311783790588379,9.771753311157227
9,1258,-14.214376449584961,7.531401634216309
9,1259,-12.566125869750977,9.259708404541016
9,1260,-12.12641716003418,8.979825019836426
9,1261,-11.97550106048584,11.131126403808594
9,1262,-13.795405387878418,9.642021179199219
9,1263,-11.998916625976562,8.218463897705078
9,1264,-12.22457504272461,8.728546142578125
9,1265,-12.030183792114258,8.053645133972168
9,1266,-12.48186206817627,14.242058753967285
9,1267,-14.701011657714844,10.79731559753418
9,1268,-11.997909545898438,6.05488395690918
9,1269,-11.386731147766113,10.56009292602539
9,1270,-13.403964042663574,11.886343955993652
9,1271,-13.723370552062988,7.58995246887207
9,1272,-12.809455871582031,9.899328231811523
9,1273,-12.656641006469727,11.97692584991455
9,1274,-12.960064888000488,7.295977592468262
9,1275,-12.224145889282227,8.112580299377441
9,1276,-12.082403182983398,9.2398099899292
9,1277,-11.602472305297852,8.930577278137207
9,1278,-12.314374923706055,7.861917495727539
9,1279,-11.93803596496582,5.248137474060059
9,1280,-14.09406852722168,11.230405807495117
9,1281,-12.402572631835938,5.8118085861206055
9,1282,-11.373482704162598,10.319144248962402
9,1283,-11.770265579223633,11.564168930053711
9,1284,-13.285133361816406,9.642780303955078
9,1285,-14.874333381652832,10.396219253540039
9,1286,-12.778524398803711,12.534972190856934
9,1287,-13.273094177246094,8.753887176513672
9,1288,-11.429808616638184,11.715259552001953
9,1289,-14.580556869506836,5.9544572830200195
9,1290,-12.477702140808105,6.74528694152832
9,1291,-11.820721626281738,9.163135528564453
9,1292,-12.28898811340332,9.049825668334961
9,1293,-12.756813049316406,12.593160629272461
9,1294,-12.227962493896484,7.756053924560547
9,1295,-14.142748832702637,12.87739372253418
9,1296,-16.43975067138672,11.405670166015625
9,1297,-10.594249725341797,9.64874267578125
9,1298,-13.151768684387207,8.53306770324707
9,1299,-11.844756126403809,8.152009963989258
9,1300,-11.833980560302734,7.699300765991211
9,1301,-11.589086532592773,9.187925338745117
9,1302,-11.398730278015137,7.7932634353637695
9,1303,-12.720160484313965,8.503277778625488
9,1304,-12.299548149108887,4.0958404541015625
9,1305,-12.392389297485352,13.58355712890625
9,1306,-13.53989315032959,9.105021476745605
9,1307,-13.021753311157227,14.313621520996094
9,1308,-12.360687255859375,7.0991926193237305
9,1309,-13.04471206665039,11.353521347045898
9,1310,-12.472064971923828,6.712093353271484
9,1311,-12.597192764282227,10.477664947509766
9,1312,-12.222448348999023,9.542939186096191
9,1313,-11.74511432647705,11.149402618408203
9,1314,-13.211265563964844,7.4922051429748535
9,1315,-14.125802993774414,8.740055084228516
9,1316,-11.73705005645752,7.812994956970215
9,1317,-12.292543411254883,8.411097526550293
9,1318,-11.4041109085083,8.912721633911133
9,1319,-12.003520965576172,7.979353427886963
9,1320,-13.559263229370117,9.57211685180664
9,1321,-12.872515678405762,9.84670639038086
9,1322,-13.764039993286133,4.273708820343018
9,1323,-14.352164268493652,16.309659957885742
9,1324,-13.148876190185547,10.096841812133789
9,1325,-11.265629768371582,8.742773056030273
9,1326,-11.842744827270508,8.416141510009766
9,1327,-12.155062675476074,10.271281242370605
9,1328,-12.671422958374023,7.397109508514404
9,1329,-11.344460487365723,12.299579620361328
9,1330,-12.934222221374512,9.14249038696289
9,1331,-11.435050964355469,6.107631683349609
9,1332,-12.046974182128906,8.109654426574707
9,1333,-12.15209674835205,6.521609306335449
9,1334,-11.573395729064941,5.669605255126953
9,1335,-11.56905746459961,12.007112503051758
9,1336,-12.801222801208496,5.949258804321289
9,1337,-10.50279426574707,10.227605819702148
9,1338,-12.167112350463867,5.870413780212402
9,1339,-12.970464706420898,6.4088053703308105
9,1340,-13.346733093261719,7.930500507354736
9,1341,-11.839147567749023,13.690469741821289
9,1342,-13.828540802001953,8.375690460205078
9,1343,-11.205436706542969,12.203771591186523
9,1344,-13.728033065795898,9.190086364746094
9,1345,-11.245813369750977,9.098579406738281
9,1346,-11.885181427001953,7.497357368469238
9,1347,-11.786306381225586,7.687594413757324
9,1348,-12.701505661010742,9.465991973876953
9,1349,-10.922351837158203,7.241769790649414
9,1350,-11.728570938110352,8.574745178222656
9,1351,-13.377662658691406,7.90485954284668
9,1352,-11.683639526367188,6.503500461578369
9,1353,-11.34090805053711,10.962251663208008
9,1354,-12.649344444274902,6.8277740478515625
9,1355,-13.120597839355469,7.876004219055176
9,1356,-12.885481834411621,12.337578773498535
9,1357,-14.063755989074707,8.641794204711914
9,1358,-12.911985397338867,11.137075424194336
9,1359,-12.653532028198242,9.196100234985352
9,1360,-11.331698417663574,9.679332733154297
9,1361,-11.402236938476562,7.76709508895874
9,1362,-11.269569396972656,6.6294145584106445
9,1363,-12.613131523132324,8.158162117004395
9,1364,-12.245566368103027,7.974786758422852
9,1365,-12.202423095703125,9.383413314819336
9,1366,-13.257918357849121,12.12514591217041
9,1367,-12.036107063293457,12.29673957824707
9,1368,-12.046979904174805,8.019001007080078
9,1369,-11.808730125427246,11.361488342285156
9,1370,-12.047653198242188,7.067812442779541
9,1371,-13.14604663848877,6.442188262939453
9,1372,-10.98914909362793,8.377647399902344
9,1373,-11.7757568359375,5.757595539093018
9,1374,-11.587516784667969,7.340730667114258
9,1375,-13.34811782836914,10.015609741210938
9,1376,-11.527063369750977,9.575571060180664
9,1377,-12.04641342163086,9.990409851074219
9,1378,-12.507095336914062,6.87797737121582
9,1379,-12.219616889953613,7.00794792175293
9,1380,-10.716775894165039,3.5070929527282715
9,1381,-11.731118202209473,11.246983528137207
9,1382,-13.128602981567383,8.816462516784668
9,1383,-12.392044067382812,9.983623504638672
9,1384,-13.59488296508789,11.989360809326172
9,1385,-12.370994567871094,7.178511142730713
9,1386,-12.189299583435059,8.418572425842285
9,1387,-14.528092384338379,13.589797973632812
9,1388,-14.746088981628418,7.193946361541748
9,1389,-13.677301406860352,13.724748611450195
9,1390,-12.30754280090332,7.454827785491943
9,1391,-12.442689895629883,6.737770080566406
9,1392,-12.12067985534668,12.225790023803711
9,1393,-11.262316703796387,8.32118034362793
9,1394,-11.283464431762695,8.562246322631836
9,1395,-11.553488731384277,7.456698417663574
9,1396,-12.505107879638672,9.930512428283691
9,1397,-10.464517593383789,7.88247013092041
9,1398,-11.398934364318848,4.471264839172363
9,1399,-11.90928840637207,4.563410758972168
9,1400,-11.109521865844727,2.8184590339660645
9,1401,-12.709696769714355,9.444266319274902
9,1402,-11.261537551879883,7.031172752380371
9,1403,-11.231057167053223,7.596100807189941
9,1404,-11.464065551757812,6.71384334564209
10,1405,-13.102972030639648,10.82210922241211
10,1406,-12.704169273376465,9.946903228759766
10,1407,-13.020317077636719,8.089883804321289
10,1408,-11.642324447631836,9.768054962158203
10,1409,-11.89011287689209,8.057880401611328
10,1410,-12.675067901611328,10.879659652709961
10,1411,-12.75550651550293,7.460944175720215
10,1412,-12.134084701538086,9.199026107788086
10,1413,-13.090919494628906,5.5544586181640625
10,1414,-12.513782501220703,9.358453750610352
10,1415,-11.797487258911133,8.05966854095459
10,1416,-11.625528335571289,7.655257701873779
10,1417,-12.1022367477417,12.466045379638672
10,1418,-12.334595680236816,5.826274871826172
10,1419,-11.41108226776123,8.419764518737793
10,1420,-11.487672805786133,7.675398349761963
10,1421,-12.354395866394043,11.651924133300781
10,1422,-10.906828880310059,6.310391426086426
10,1423,-12.215873718261719,9.415693283081055
10,1424,-16.5159969329834,11.328221321105957
10,1425,-11.423116683959961,11.714818954467773
10,1426,-11.044452667236328,7.508699893951416
10,1427,-12.743536949157715,10.809215545654297
10,1428,-13.487740516662598,8.344868659973145
10,1429,-12.8098783493042,8.173799514770508
10,1430,-11.418773651123047,9.51170539855957
10,1431,-12.460504531860352,5.948789596557617
10,1432,-12.476499557495117,6.358246803283691
10,1433,-11.669278144836426,9.99831771850586
10,1434,-12.975810050964355,7.870423793792725
10,1435,-11.039360046386719,8.336515426635742
10,1436,-12.677096366882324,8.06653881072998
10,1437,-11.278241157531738,9.113870620727539
10,1438,-13.359151840209961,7.136176109313965
10,1439,-14.384187698364258,7.953125
10,1440,-12.245705604553223,9.289794921875
10,1441,-11.257083892822266,9.819381713867188
10,1442,-14.861071586608887,10.604448318481445
10,1443,-11.413581848144531,9.304780960083008
10,1444,-13.881718635559082,9.240446090698242
10,1445,-10.280524253845215,8.688664436340332
10,1446,-12.43274974822998,6.016225814819336
10,1447,-11.994298934936523,13.400014877319336
10,1448,-13.300761222839355,3.7330570220947266
10,1449,-11.277175903320312,10.300066947937012
10,1450,-11.95815658569336,8.215930938720703
10,1451,-10.67855167388916,11.695802688598633
10,1452,-13.260730743408203,4.862225532531738
10,1453,-11.857969284057617,6.014939308166504
10,1454,-11.472187995910645,8.465266227722168
10,1455,-11.1485595703125,10.3637113571167
10,1456,-10.343963623046875,7.615554332733154
10,1457,-13.061622619628906,7.128903865814209
10,1458,-12.11406421661377,6.074004173278809
10,1459,-12.660215377807617,8.564336776733398
10,1460,-12.988694190979004,8.848309516906738
10,1461,-11.627914428710938,12.883015632629395
10,1462,-11.824174880981445,5.59577751159668
10,1463,-12.076345443725586,7.64218807220459
10,1464,-11.532100677490234,7.759139537811279
10,1465,-14.613725662231445,4.590731620788574
10,1466,-12.750103950500488,13.64820384979248
10,1467,-11.626199722290039,7.7822980880737305
10,1468,-12.183034896850586,5.036245346069336
10,1469,-11.300902366638184,5.416400909423828
10,1470,-13.329322814941406,9.244154930114746
10,1471,-11.785776138305664,9.51879596710205
10,1472,-14.269725799560547,6.843555450439453
10,1473,-11.614048957824707,10.879130363464355
10,1474,-11.398914337158203,8.635808944702148
10,1475,-12.254179000854492,6.536563396453857
10,1476,-10.726594924926758,8.106389045715332
10,1477,-12.301050186157227,3.890651226043701
10,1478,-12.61178970336914,7.096612930297852
10,1479,-13.965895652770996,7.82510232925415
10,1480,-10.219781875610352,9.488380432128906
10,1481,-11.959150314331055,8.942334175109863
10,1482,-10.582801818847656,6.098116397857666
10,1483,-11.179021835327148,11.0603666305542
10,1484,-14.33105182647705,5.332226276397705
10,1485,-11.618983268737793,10.621400833129883
10,1486,-10.619244575500488,6.810233116149902
10,1487,-12.785906791687012,5.773367404937744
10,1488,-11.454374313354492,6.044960021972656
10,1489,-11.430620193481445,8.418700218200684
10,1490,-10.613471984863281,11.322181701660156
10,1491,-12.794222831726074,7.118376731872559
10,1492,-11.598137855529785,8.523622512817383
10,1493,-13.786848068237305,7.582004070281982
10,1494,-10.093772888183594,10.331830978393555
10,1495,-11.71243667602539,8.887931823730469
10,1496,-11.012880325317383,7.510173797607422
10,1497,-11.152643203735352,9.645008087158203
10,1498,-12.360767364501953,10.040851593017578
10,1499,-11.753704071044922,9.80360221862793
10,1500,-11.054174423217773,7.768847465515137
10,1501,-10.687397003173828,7.211275100708008
10,1502,-12.218019485473633,6.054676055908203
10,1503,-14.063013076782227,12.031508445739746
10,1504,-11.385271072387695,10.348246574401855
10,1505,-12.58227252960205,7.273242473602295
10,1506,-11.526041030883789,7.931983947753906
10,1507,-12.335376739501953,9.412261009216309
10,1508,-11.482730865478516,5.96969747543335
10,1509,-12.31519889831543,12.34942626953125
10,1510,-10.76671314239502,6.560448169708252
10,1511,-10.578523635864258,5.749645233154297
10,1512,-10.908578872680664,6.1362152099609375
10,1513,-11.379530906677246,11.80712604522705
10,1514,-13.206396102905273,4.819486618041992
10,1515,-10.963924407958984,9.316638946533203
10,1516,-11.002830505371094,7.702348232269287
10,1517,-12.055634498596191,7.069612503051758
10,1518,-11.646178245544434,6.3699822425842285
10,1519,-12.741036415100098,4.49391508102417
10,1520,-9.832365036010742,7.589302062988281
10,1521,-12.874062538146973,8.214202880859375
10,1522,-12.091239929199219,6.025960922241211
10,1523,-12.46964168548584,11.478349685668945
10,1524,-11.897296905517578,6.853320121765137
10,1525,-10.723894119262695,7.8174028396606445
10,1526,-12.5839204788208,8.311200141906738
10,1527,-13.308629035949707,5.084290504455566
10,1528,-11.743462562561035,4.87144660949707
10,1529,-11.111255645751953,4.646000862121582
10,1530,-11.647964477539062,9.642985343933105
10,1531,-11.965652465820312,8.367977142333984
10,1532,-13.868368148803711,9.98647403717041
10,1533,-12.15174674987793,8.765314102172852
10,1534,-11.124433517456055,9.482415199279785
10,1535,-13.792304992675781,4.846498012542725
10,1536,-12.515763282775879,8.534479141235352
10,1537,-11.023981094360352,8.176852226257324
10,1538,-12.071223258972168,8.019882202148438
10,1539,-13.0596923828125,7.184800624847412
10,1540,-11.304441452026367,8.862945556640625
10,1541,-12.527987480163574,4.512645244598389
10,1542,-10.1397705078125,8.692956924438477
10,1543,-12.427469253540039,6.391374588012695
10,1544,-12.838334083557129,8.033760070800781
10,1545,-11.832807540893555,6.938754558563232
10,1546,-10.981368064880371,4.628998756408691
10,1547,-10.142837524414062,4.876848220825195
10,1548,-12.221878051757812,6.215348720550537
10,1549,-11.72265911102295,3.919445037841797
10,1550,-11.77901554107666,3.921926259994507
10,1551,-11.75999641418457,5.29397439956665
10,1552,-10.877958297729492,7.608942031860352
10,1553,-11.150132179260254,8.103157043457031
10,1554,-10.983592987060547,7.589305400848389
10,1555,-12.094682693481445,5.4927825927734375
10,1556,-11.301061630249023,8.870498657226562
10,1557,-11.124706268310547,3.9624180793762207
10,1558,-11.767762184143066,10.801010131835938
10,1559,-14.16278076171875,4.82692813873291
10,1560,-10.64876937866211,7.395512104034424
11,1561,-11.29334831237793,6.832895278930664
11,1562,-11.104987144470215,5.355932235717773
11,1563,-11.036956787109375,9.488823890686035
11,1564,-12.382352828979492,3.780512571334839
11,1565,-12.048864364624023,12.19820785522461
11,1566,-12.097652435302734,6.237848281860352
11,1567,-11.431435585021973,7.1368937492370605
11,1568,-10.58094596862793,7.1348042488098145
11,1569,-12.616376876831055,8.429567337036133
11,1570,-12.172286033630371,6.335655212402344
11,1571,-10.53592300415039,5.080615043640137
11,1572,-12.524909973144531,3.641530990600586
11,1573,-10.808553695678711,9.611266136169434
11,1574,-12.65638256072998,6.948742866516113
11,1575,-11.18968677520752,8.473966598510742
11,1576,-12.285781860351562,4.635805130004883
11,1577,-11.280608177185059,3.26060152053833
11,1578,-11.586681365966797,4.268115043640137
11,1579,-11.067975997924805,8.804803848266602
11,1580,-11.863557815551758,5.7214837074279785
11,1581,-11.188469886779785,3.821500301361084
11,1582,-10.165111541748047,6.3383331298828125
11,1583,-11.53654670715332,7.971153259277344
11,1584,-11.037454605102539,4.2890520095825195
11,1585,-12.920827865600586,9.7180814743042
11,1586,-16.001094818115234,7.199590682983398
11,1587,-10.800308227539062,6.6815032958984375
11,1588,-12.862895011901855,5.14788818359375
11,1589,-11.253122329711914,6.456663131713867
11,1590,-11.594810485839844,3.2467546463012695
11,1591,-11.839617729187012,10.43073844909668
11,1592,-12.42980670928955,2.1650917530059814
11,1593,-11.179399490356445,7.70887565612793
11,1594,-12.050495147705078,8.773566246032715
11,1595,-11.104072570800781,7.49715518951416
11,1596,-11.36025619506836,6.332436561584473
11,1597,-12.117046356201172,10.07790756225586
11,1598,-10.778141021728516,7.405450820922852
11,1599,-11.53292465209961,7.184218406677246
11,1600,-12.260701179504395,7.528388977050781
11,1601,-10.994668960571289,9.221977233886719
11,1602,-12.023296356201172,5.511936187744141
11,1603,-10.88354206085205,3.8996081352233887
11,1604,-10.602420806884766,8.468405723571777
11,1605,-11.76685905456543,2.7042794227600098
11,1606,-12.545188903808594,8.093706130981445
11,1607,-10.128894805908203,5.904453277587891
11,1608,-11.966825485229492,3.793618679046631
11,1609,-10.667314529418945,8.508617401123047
11,1610,-12.848480224609375,4.15031623840332
11,1611,-11.32811450958252,8.16431999206543
11,1612,-12.445405960083008,7.512709617614746
11,1613,-10.48361873626709,11.57925033569336
11,1614,-11.08951473236084,6.555622100830078
11,1615,-10.420677185058594,3.5536084175109863
11,1616,-10.923397064208984,4.452314376831055
11,1617,-11.549760818481445,6.487610816955566
11,1618,-11.928178787231445,5.473729610443115
11,1619,-11.74685287475586,8.720294952392578
11,1620,-12.031646728515625,5.568236827850342
11,1621,-12.424100875854492,8.147631645202637
11,1622,-11.855308532714844,6.255654335021973
11,1623,-12.40452766418457,7.290031433105469
11,1624,-10.75920581817627,8.932806968688965
11,1625,-13.1359224319458,6.285837650299072
11,1626,-11.324285507202148,6.630095481872559
11,1627,-11.000936508178711,9.529256820678711
11,1628,-12.2702054977417,4.8588409423828125
11,1629,-12.648656845092773,14.473779678344727
11,1630,-14.95826244354248,3.5683722496032715
11,1631,-10.124418258666992,8.37176513671875
11,1632,-11.26048469543457,7.224530220031738
11,1633,-11.370894432067871,6.861611843109131
11,1634,-10.983573913574219,9.131590843200684
11,1635,-12.707590103149414,5.228336334228516
11,1636,-11.155267715454102,8.4217529296875
11,1637,-11.542656898498535,5.684489727020264
11,1638,-10.867630004882812,8.08677864074707
11,1639,-10.687551498413086,5.9548540115356445
11,1640,-11.283895492553711,5.829212665557861
11,1641,-11.014297485351562,4.562904357910156
11,1642,-11.114013671875,4.526047706604004
11,1643,-11.306889533996582,9.045297622680664
11,1644,-12.299173355102539,7.263742923736572
11,1645,-10.38528823852539,6.288002014160156
11,1646,-10.23421859741211,8.359452247619629
11,1647,-11.587568283081055,4.525853633880615
11,1648,-10.446613311767578,8.616754531860352
11,1649,-11.419110298156738,6.272151947021484
11,1650,-12.740234375,7.316987037658691
11,1651,-11.901214599609375,4.662499904632568
11,1652,-10.180277824401855,6.170981407165527
11,1653,-11.743744850158691,6.84678840637207
11,1654,-10.519590377807617,8.56646728515625
11,1655,-10.923216819763184,3.6008214950561523
11,1656,-11.886261940002441,9.969432830810547
11,1657,-12.73239517211914,3.6082849502563477
11,1658,-10.546682357788086,11.636144638061523
11,1659,-10.94107437133789,3.6139400005340576
11,1660,-10.51407241821289,8.551660537719727
11,1661,-11.157524108886719,5.090713977813721
11,1662,-10.251409530639648,5.892069339752197
11,1663,-11.172662734985352,6.420950412750244
11,1664,-10.497559547424316,4.810299396514893
11,1665,-11.166692733764648,7.816302299499512
11,1666,-12.762377738952637,7.634657859802246
11,1667,-10.50044059753418,6.745354652404785
11,1668,-12.188346862792969,4.327048301696777
11,1669,-11.939176559448242,8.703446388244629
11,1670,-11.572168350219727,8.209823608398438
11,1671,-12.16370677947998,3.3565566539764404
11,1672,-11.286354064941406,9.29686164855957
11,1673,-10.238301277160645,6.879856109619141
11,1674,-12.73226547241211,6.610121726989746
11,1675,-11.022631645202637,7.724300861358643
11,1676,-12.09467887878418,8.369796752929688
11,1677,-11.493415832519531,9.946882247924805
11,1678,-11.401649475097656,7.143322944641113
11,1679,-10.357261657714844,7.936060905456543
11,1680,-12.192853927612305,9.932050704956055
11,1681,-11.998620986938477,7.892158508300781
11,1682,-12.030320167541504,10.519641876220703
11,1683,-13.562357902526855,5.882718563079834
11,1684,-11.890901565551758,6.161255836486816
11,1685,-10.896438598632812,4.66855525970459
11,1686,-11.238816261291504,7.026841163635254
11,1687,-11.050498962402344,7.191139221191406
11,1688,-10.3351469039917,7.102395057678223
11,1689,-12.224126815795898,3.945582866668701
11,1690,-11.190460205078125,9.08382797241211
11,1691,-10.773326873779297,4.021427631378174
11,1692,-10.2948637008667,6.302399158477783
11,1693,-10.811448097229004,5.470522880554199
11,1694,-10.742724418640137,7.163247585296631
11,1695,-11.549816131591797,7.412693500518799
11,1696,-10.726166725158691,5.559969425201416
11,1697,-13.566911697387695,4.512975215911865
11,1698,-11.915800094604492,14.71297836303711
11,1699,-10.769689559936523,5.461956024169922
11,1700,-12.085872650146484,5.063485145568848
11,1701,-11.542402267456055,6.295056343078613
11,1702,-11.948867797851562,9.574075698852539
11,1703,-12.471639633178711,4.043497562408447
11,1704,-11.044445991516113,9.590646743774414
11,1705,-10.530786514282227,4.625531196594238
11,1706,-10.7301025390625,8.896862983703613
11,1707,-11.044811248779297,4.045876502990723
11,1708,-10.675017356872559,4.574997901916504
11,1709,-10.852108001708984,5.937732696533203
11,1710,-11.440132141113281,5.395818710327148
11,1711,-10.964654922485352,6.978006362915039
11,1712,-11.59299087524414,3.4337587356567383
11,1713,-10.502646446228027,5.459695816040039
11,1714,-12.101221084594727,2.7554221153259277
11,1715,-10.6161470413208,4.090655326843262
11,1716,-11.398849487304688,4.625201225280762
12,1717,-11.05987548828125,4.189558029174805
12,1718,-11.749078750610352,4.28497838973999
12,1719,-11.976339340209961,5.803731918334961
12,1720,-11.71125316619873,3.728452205657959
12,1721,-11.51911735534668,9.480030059814453
12,1722,-12.59674072265625,4.052685737609863
12,1723,-11.169759750366211,7.550886154174805
12,1724,-11.965215682983398,5.620337963104248
12,1725,-10.783332824707031,5.24967098236084
12,1726,-10.781742095947266,4.588677406311035
12,1727,-11.224461555480957,2.3089494705200195
12,1728,-11.243738174438477,5.873013496398926
12,1729,-12.647123336791992,4.917823791503906
12,1730,-10.28145694732666,2.6334762573242188
12,1731,-11.111394882202148,4.822221755981445
12,1732,-11.959332466125488,4.709524631500244
12,1733,-10.585205078125,5.7805938720703125
12,1734,-12.200965881347656,6.001246452331543
12,1735,-10.895843505859375,3.961186408996582
12,1736,-10.686671257019043,5.161215782165527
12,1737,-11.51408576965332,2.726616382598877
12,1738,-12.33657169342041,10.238234519958496
12,1739,-13.139443397521973,4.58969259262085
12,1740,-10.634294509887695,4.711209297180176
12,1741,-10.942730903625488,4.601644992828369
12,1742,-11.434499740600586,3.0963902473449707
12,1743,-10.860198974609375,6.623206615447998
12,1744,-11.683648109436035,1.1542186737060547
12,1745,-11.112966537475586,8.825004577636719
12,1746,-12.806074142456055,3.3819150924682617
12,1747,-10.272055625915527,7.3131866455078125
12,1748,-10.925853729248047,4.393766403198242
12,1749,-13.1343994140625,2.5417487621307373
12,1750,-10.384513854980469,7.097509860992432
12,1751,-12.180514335632324,7.279607772827148
12,1752,-11.150795936584473,4.844259262084961
12,1753,-10.078781127929688,5.014078140258789
12,1754,-10.837080955505371,3.1537694931030273
12,1755,-10.77450942993164,5.5465779304504395
12,1756,-11.143235206604004,4.456632137298584
12,1757,-11.296135902404785,2.657266139984131
12,1758,-11.132101058959961,10.240876197814941
12,1759,-11.582420349121094,4.454510688781738
12,1760,-9.689035415649414,7.653212070465088
12,1761,-11.317901611328125,2.7890870571136475
12,1762,-10.74244213104248,4.884516716003418
12,1763,-10.496294021606445,9.442182540893555
12,1764,-11.841776847839355,4.322257995605469
12,1765,-10.604726791381836,5.607259750366211
12,1766,-12.02358627319336,4.057853698730469
12,1767,-10.473487854003906,7.691819667816162
12,1768,-10.747112274169922,7.609652519226074
12,1769,-10.003280639648438,6.657939910888672
12,1770,-11.41334056854248,4.619580268859863
12,1771,-10.961278915405273,4.561966896057129
12,1772,-11.880959510803223,12.62056827545166
12,1773,-12.63747501373291,4.277094841003418
12,1774,-11.227912902832031,7.791135311126709
12,1775,-11.064083099365234,4.117671012878418
12,1776,-10.725653648376465,6.848393440246582
12,1777,-10.922758102416992,4.224157333374023
12,1778,-10.735282897949219,7.716247081756592
12,1779,-10.251975059509277,5.746524810791016
12,1780,-11.916067123413086,7.41240119934082
12,1781,-13.187799453735352,6.361713409423828
12,1782,-10.705327987670898,5.83167839050293
12,1783,-10.006441116333008,4.70391845703125
12,1784,-10.434593200683594,5.391448974609375
12,1785,-10.647699356079102,4.832485198974609
12,1786,-11.587547302246094,3.6274962425231934
12,1787,-11.151497840881348,11.538973808288574
12,1788,-12.251607894897461,3.9714736938476562
12,1789,-11.19717025756836,10.524435043334961
12,1790,-12.477890968322754,7.017420291900635
12,1791,-10.355645179748535,3.1662867069244385
12,1792,-11.007539749145508,5.442087173461914
12,1793,-9.60500431060791,4.061342239379883
12,1794,-10.867259979248047,3.9837093353271484
12,1795,-10.989157676696777,5.625322341918945
12,1796,-10.405705451965332,4.113539218902588
12,1797,-12.036455154418945,4.57122802734375
12,1798,-10.267217636108398,6.7817792892456055
12,1799,-11.432941436767578,9.494208335876465
12,1800,-12.581923484802246,4.483887672424316
12,1801,-10.554628372192383,7.256280899047852
12,1802,-11.31330680847168,6.383571624755859
12,1803,-11.700304985046387,6.210784435272217
12,1804,-10.725723266601562,10.208513259887695
12,1805,-10.608375549316406,3.9181978702545166
12,1806,-11.200833320617676,7.034000396728516
12,1807,-10.033730506896973,2.945542335510254
12,1808,-11.025774955749512,8.761322021484375
12,1809,-9.465530395507812,2.5406014919281006
12,1810,-10.266486167907715,5.381096363067627
12,1811,-11.782398223876953,9.504371643066406
12,1812,-10.736127853393555,5.992739677429199
12,1813,-10.656498908996582,2.64119815826416
12,1814,-12.044660568237305,5.742961883544922
12,1815,-11.266528129577637,3.2898876667022705
12,1816,-12.69909954071045,6.904566287994385
12,1817,-10.463197708129883,5.468245983123779
12,1818,-10.887922286987305,8.362456321716309
12,1819,-11.424052238464355,5.481024742126465
12,1820,-9.29085922241211,4.306725978851318
12,1821,-10.839441299438477,6.127874374389648
12,1822,-10.597600936889648,0.5273163318634033
12,1823,-9.320596694946289,2.215427875518799
12,1824,-11.703392028808594,10.244659423828125
12,1825,-11.567636489868164,2.0746119022369385
12,1826,-10.506441116333008,7.340975761413574
12,1827,-12.678304672241211,8.577512741088867
12,1828,-10.826143264770508,6.8438615798950195
12,1829,-10.781615257263184,3.877344846725464
12,1830,-10.2579345703125,6.059999465942383
12,1831,-10.798851013183594,4.761495113372803
12,1832,-11.196950912475586,5.258791446685791
12,1833,-11.13064193725586,7.737410545349121
12,1834,-12.379772186279297,7.011981010437012
12,1835,-11.928272247314453,4.537236213684082
12,1836,-10.505441665649414,3.9991605281829834
12,1837,-11.658434867858887,6.074820518493652
12,1838,-9.96438217163086,5.779618740081787
12,1839,-9.78526782989502,9.050588607788086
12,1840,-11.617877006530762,6.922351837158203
12,1841,-10.7078857421875,6.593873977661133
12,1842,-11.700572967529297,4.3309197425842285
12,1843,-11.488143920898438,8.608710289001465
12,1844,-11.74731731414795,4.809232234954834
12,1845,-11.306920051574707,6.102818489074707
12,1846,-9.317317008972168,6.35433292388916
12,1847,-10.325766563415527,5.965116024017334
12,1848,-10.123735427856445,3.478870391845703
12,1849,-10.757278442382812,6.896770477294922
12,1850,-10.580137252807617,3.9353749752044678
12,1851,-11.119759559631348,4.720266342163086
12,1852,-10.263493537902832,5.174248695373535
12,1853,-11.458456039428711,7.170019149780273
12,1854,-12.214078903198242,5.009961128234863
12,1855,-10.177194595336914,6.299951076507568
12,1856,-11.137946128845215,4.457942485809326
12,1857,-10.09823226928711,2.8569347858428955
12,1858,-11.112624168395996,8.610309600830078
12,1859,-10.231269836425781,4.589663982391357
12,1860,-9.999712944030762,6.126594543457031
12,1861,-9.863597869873047,6.434382438659668
12,1862,-11.81958293914795,6.478158473968506
12,1863,-9.515716552734375,7.911142349243164
12,1864,-10.785393714904785,3.8458969593048096
12,1865,-10.024545669555664,6.594715118408203
12,1866,-11.099851608276367,5.318353176116943
12,1867,-10.529292106628418,8.072789192199707
12,1868,-11.821455001831055,3.2340140342712402
12,1869,-10.46502685546875,7.308316230773926
12,1870,-11.32625961303711,3.3477654457092285
12,1871,-11.320640563964844,7.092774391174316
12,1872,-9.528778076171875,3.144012928009033
13,1873,-10.781807899475098,5.177210330963135
13,1874,-10.522279739379883,1.209304690361023
13,1875,-9.719951629638672,9.889673233032227
13,1876,-11.865742683410645,4.762955665588379
13,1877,-10.846773147583008,7.1697492599487305
13,1878,-10.281303405761719,3.1121411323547363
13,1879,-10.79483699798584,5.513422966003418
13,1880,-11.95531940460205,5.811501979827881
13,1881,-9.24262523651123,5.481021881103516
13,1882,-10.523978233337402,6.202201843261719
13,1883,-10.493016242980957,3.118412971496582
13,1884,-12.193625450134277,6.503121852874756
13,1885,-10.370498657226562,7.085635185241699
13,1886,-11.154706954956055,5.234330177307129
13,1887,-10.800390243530273,8.123358726501465
13,1888,-10.353178024291992,5.354104518890381
13,1889,-10.800765037536621,6.99110221862793
13,1890,-12.231966018676758,6.445250988006592
13,1891,-11.292110443115234,6.062750816345215
13,1892,-12.815796852111816,4.228124618530273
13,1893,-10.910087585449219,8.314536094665527
13,1894,-12.171700477600098,3.2119088172912598
13,1895,-11.169395446777344,11.640424728393555
13,1896,-10.855154037475586,4.536657333374023
13,1897,-11.462274551391602,4.930588722229004
13,1898,-10.149112701416016,9.031974792480469
13,1899,-9.980840682983398,3.747598648071289
13,1900,-9.357707023620605,4.895393371582031
13,1901,-10.476646423339844,0.2705145478248596
13,1902,-10.653410911560059,12.289813995361328
13,1903,-13.237892150878906,5.489774703979492
13,1904,-9.782133102416992,7.055611610412598
13,1905,-9.74824333190918,7.471078872680664
13,1906,-9.369096755981445,4.980107307434082
13,1907,-10.467052459716797,4.469038963317871
13,1908,-10.686646461486816,2.150783061981201
13,1909,-12.022941589355469,5.3421783447265625
13,1910,-10.750345230102539,6.448287010192871
13,1911,-11.109976768493652,7.400835037231445
13,1912,-12.068472862243652,4.115185260772705
13,1913,-10.103833198547363,6.6809821128845215
13,1914,-10.863933563232422,4.649453163146973
13,1915,-11.88822078704834,5.8952789306640625
13,1916,-10.0643310546875,5.784419536590576
13,1917,-10.491971969604492,6.841785907745361
13,1918,-10.250333786010742,2.6109766960144043
13,1919,-10.794886589050293,9.441919326782227
13,1920,-11.216381072998047,5.7999444007873535
13,1921,-10.936323165893555,4.095664024353027
13,1922,-10.927271842956543,8.117127418518066
13,1923,-13.10460376739502,4.364038467407227
13,1924,-10.372971534729004,8.549851417541504
13,1925,-11.292001724243164,5.070701599121094
13,1926,-10.951972961425781,6.048566818237305
13,1927,-9.891755104064941,4.584631443023682
13,1928,-11.048332214355469,6.157733917236328
13,1929,-10.41236400604248,7.442198753356934
13,1930,-10.454339981079102,7.1544189453125
13,1931,-9.882331848144531,3.857516288757324
13,1932,-10.987714767456055,4.585987091064453
13,1933,-11.463104248046875,4.447845458984375
13,1934,-11.781238555908203,5.77705192565918
13,1935,-12.413606643676758,3.8631675243377686
13,1936,-11.104982376098633,10.0742769241333
13,1937,-10.11673355102539,2.536993980407715
13,1938,-10.066305160522461,4.7078962326049805
13,1939,-10.663503646850586,3.000586748123169
13,1940,-10.077425003051758,6.717658519744873
13,1941,-9.474627494812012,5.343749046325684
13,1942,-11.887441635131836,4.037290096282959
13,1943,-10.142416000366211,7.181783676147461
13,1944,-9.04865837097168,6.475729465484619
13,1945,-11.48225212097168,5.033024787902832
13,1946,-11.146345138549805,6.8836350440979
13,1947,-11.020719528198242,4.948914527893066
13,1948,-10.066807746887207,7.188455581665039
13,1949,-11.198261260986328,2.7126245498657227
13,1950,-10.2302827835083,10.172765731811523
13,1951,-9.337488174438477,7.469424247741699
13,1952,-11.052560806274414,5.324606895446777
13,1953,-10.907464027404785,5.379847049713135
13,1954,-11.02099895477295,5.571592330932617
13,1955,-10.482048988342285,9.408746719360352
13,1956,-10.009522438049316,4.648033618927002
13,1957,-10.05229377746582,8.157695770263672
13,1958,-10.856605529785156,4.900710582733154
13,1959,-10.549793243408203,7.150867462158203
13,1960,-10.218334197998047,7.6401262283325195
13,1961,-11.008408546447754,6.357964992523193
13,1962,-11.167169570922852,8.92664909362793
13,1963,-12.892791748046875,1.8124922513961792
13,1964,-11.887957572937012,8.520454406738281
13,1965,-11.058562278747559,5.110783576965332
13,1966,-10.567517280578613,4.8861494064331055
13,1967,-10.500200271606445,4.825623512268066
13,1968,-10.79954719543457,8.83469009399414
13,1969,-9.658930778503418,2.284872531890869
13,1970,-9.997458457946777,3.9796695709228516
13,1971,-10.029025077819824,6.695230960845947
13,1972,-10.759411811828613,2.9729013442993164
13,1973,-10.453492164611816,7.069554328918457
13,1974,-10.203842163085938,6.113195419311523
13,1975,-10.435406684875488,3.9547653198242188
13,1976,-10.574840545654297,8.518653869628906
13,1977,-9.576221466064453,5.073028087615967
13,1978,-10.606119155883789,3.0255165100097656
13,1979,-9.827152252197266,3.846052885055542
13,1980,-10.156118392944336,6.400110244750977
13,1981,-11.419673919677734,3.9362053871154785
13,1982,-10.480390548706055,8.997194290161133
13,1983,-12.082900047302246,3.148832321166992
13,1984,-10.69776439666748,6.2873854637146
13,1985,-11.021267890930176,4.145280838012695
13,1986,-10.3483304977417,6.482793807983398
13,1987,-9.639512062072754,4.813288688659668
13,1988,-10.110527992248535,6.372035026550293
13,1989,-10.20712947845459,7.253366470336914
13,1990,-11.350750923156738,3.7676279544830322
13,1991,-10.178020477294922,6.223669052124023
13,1992,-10.271303176879883,5.412057876586914
13,1993,-12.23302173614502,7.3412299156188965
13,1994,-10.00802230834961,5.746137619018555
13,1995,-10.452730178833008,9.111068725585938
13,1996,-11.250924110412598,3.4275765419006348
13,1997,-9.47969913482666,6.341723442077637
13,1998,-11.753095626831055,4.383673667907715
13,1999,-9.35969352722168,7.456818103790283
13,2000,-10.416446685791016,4.389246940612793
13,2001,-10.109694480895996,6.508563041687012
13,2002,-10.28815746307373,2.246947765350342
13,2003,-11.616546630859375,5.08110237121582
13,2004,-9.946209907531738,9.495819091796875
13,2005,-11.191620826721191,3.9635725021362305
13,2006,-9.735673904418945,8.636451721191406
13,2007,-12.183296203613281,1.6997673511505127
13,2008,-9.82762336730957,7.776270866394043
13,2009,-10.293710708618164,4.205517292022705
13,2010,-11.047470092773438,5.10396671295166
13,2011,-9.902312278747559,3.544503688812256
13,2012,-11.526026725769043,2.298595428466797
13,2013,-9.025848388671875,4.789303302764893
13,2014,-9.539668083190918,5.280069351196289
13,2015,-9.702884674072266,3.2662007808685303
13,2016,-9.771645545959473,5.603479862213135
13,2017,-10.759321212768555,3.740826368331909
13,2018,-12.97230052947998,11.434019088745117
13,2019,-8.908404350280762,0.8701661825180054
13,2020,-11.480340957641602,3.1640846729278564
13,2021,-9.657999038696289,5.313911437988281
13,2022,-10.129159927368164,3.376326560974121
13,2023,-9.683697700500488,2.922734260559082
13,2024,-10.688688278198242,2.8730850219726562
13,2025,-12.18870735168457,6.856017112731934
13,2026,-12.036874771118164,2.560873031616211
13,2027,-10.594447135925293,8.1048583984375
13,2028,-9.79813003540039,3.846980094909668
14,2029,-10.224905967712402,6.696438789367676
14,2030,-10.550921440124512,5.36829948425293
14,2031,-9.047750473022461,4.8863019943237305
14,2032,-11.183542251586914,3.0935940742492676
14,2033,-10.769051551818848,5.318715572357178
14,2034,-10.5099515914917,7.064868450164795
14,2035,-10.083053588867188,5.540374755859375
14,2036,-11.475011825561523,2.4325931072235107
14,2037,-11.9900484085083,16.79486846923828
14,2038,-9.346115112304688,2.4145023822784424
14,2039,-11.754215240478516,3.272970199584961
14,2040,-11.44992446899414,8.070650100708008
14,2041,-10.002708435058594,2.4145703315734863
14,2042,-10.446608543395996,6.516358375549316
14,2043,-10.60023021697998,4.526505470275879
14,2044,-9.836874961853027,0.33976662158966064
14,2045,-10.595390319824219,2.742241144180298
14,2046,-11.785849571228027,5.645658016204834
14,2047,-11.413535118103027,5.768976211547852
14,2048,-10.992897033691406,4.567760467529297
14,2049,-11.37657642364502,2.389944553375244
14,2050,-10.66411304473877,6.663578033447266
14,2051,-10.966434478759766,3.164374589920044
14,2052,-9.129040718078613,4.058624267578125
14,2053,-10.917076110839844,4.80427360534668
14,2054,-9.855801582336426,4.974794864654541
14,2055,-12.707161903381348,8.511533737182617
14,2056,-10.043089866638184,1.9760876893997192
14,2057,-11.501996040344238,3.9007043838500977
14,2058,-10.298734664916992,13.325695037841797
14,2059,-10.212305068969727,3.326608657836914
14,2060,-9.435112953186035,3.651123523712158
14,2061,-10.607675552368164,5.047203063964844
14,2062,-11.399953842163086,13.207626342773438
14,2063,-11.458982467651367,4.527857780456543
14,2064,-10.587456703186035,4.9903974533081055
14,2065,-8.910387992858887,5.124192237854004
14,2066,-9.658492088317871,3.0521047115325928
14,2067,-10.65362548828125,5.542703151702881
14,2068,-8.73167610168457,8.461666107177734
14,2069,-10.958313941955566,4.68280029296875
14,2070,-10.06992244720459,5.118003845214844
14,2071,-10.20356559753418,6.100401878356934
14,2072,-10.425664901733398,7.514524459838867
14,2073,-9.479852676391602,5.0966691970825195
14,2074,-9.116304397583008,5.262984275817871
14,2075,-9.974555969238281,5.842172145843506
14,2076,-11.340149879455566,4.73736047744751
14,2077,-11.09782600402832,7.921875
14,2078,-10.596177101135254,4.317496299743652
14,2079,-10.885248184204102,5.392797470092773
14,2080,-9.467324256896973,6.313826084136963
14,2081,-8.512070655822754,7.2292585372924805
14,2082,-9.03607177734375,4.708454132080078
14,2083,-10.644775390625,6.3707427978515625
14,2084,-10.045112609863281,7.864101409912109
14,2085,-9.50935173034668,4.110090732574463
14,2086,-10.251375198364258,4.7623701095581055
14,2087,-10.566617965698242,7.2629899978637695
14,2088,-9.579333305358887,8.248506546020508
14,2089,-9.38284683227539,4.784313201904297
14,2090,-9.708324432373047,4.782524108886719
14,2091,-11.528766632080078,5.260622024536133
14,2092,-13.145496368408203,12.648355484008789
14,2093,-10.202763557434082,1.501739263534546
14,2094,-10.41944408416748,7.691015243530273
14,2095,-10.080812454223633,6.364646911621094
14,2096,-10.782470703125,4.566716194152832
14,2097,-9.803289413452148,4.160151481628418
14,2098,-10.446596145629883,4.90284538269043
14,2099,-8.920321464538574,2.710771083831787
14,2100,-9.311641693115234,2.661713123321533
14,2101,-10.48138427734375,3.1089978218078613
14,2102,-11.182406425476074,2.5696699619293213
14,2103,-8.795353889465332,1.7012385129928589
14,2104,-10.27745246887207,2.639145851135254
14,2105,-10.483911514282227,4.521790504455566
14,2106,-10.178890228271484,4.604396343231201
14,2107,-9.891448020935059,1.7303190231323242
14,2108,-9.122638702392578,6.316282272338867
14,2109,-10.925683975219727,1.9533779621124268
14,2110,-9.654522895812988,8.59646987915039
14,2111,-10.687700271606445,1.534785509109497
14,2112,-10.331575393676758,6.767364978790283
14,2113,-9.383183479309082,3.9217309951782227
14,2114,-9.847349166870117,3.939568042755127
14,2115,-13.110493659973145,1.9595916271209717
14,2116,-10.016115188598633,0.45963141322135925
14,2117,-12.007193565368652,13.612788200378418
14,2118,-9.75320816040039,2.905214548110962
14,2119,-9.510671615600586,3.883131504058838
14,2120,-8.746519088745117,3.79373836517334
14,2121,-10.27238941192627,5.235170841217041
14,2122,-9.399287223815918,4.151050090789795
14,2123,-9.840091705322266,1.064819097518921
14,2124,-9.395061492919922,3.151029109954834
14,2125,-10.177094459533691,4.288668632507324
14,2126,-9.389339447021484,3.000091314315796
14,2127,-11.294367790222168,9.420268058776855
14,2128,-9.945414543151855,3.2346324920654297
14,2129,-9.089723587036133,5.088993549346924
14,2130,-9.560744285583496,7.20837926864624
14,2131,-10.724266052246094,0.5464359521865845
14,2132,-9.385238647460938,10.926837921142578
14,2133,-10.146720886230469,3.1664609909057617
14,2134,-11.039300918579102,5.250971794128418
14,2135,-10.297093391418457,9.48880672454834
14,2136,-10.876495361328125,4.142589569091797
14,2137,-9.536938667297363,5.138524532318115
14,2138,-10.529455184936523,2.2159953117370605
14,2139,-10.387389183044434,9.768165588378906
14,2140,-9.984732627868652,5.340703010559082
14,2141,-9.821089744567871,6.7387495040893555
14,2142,-10.836515426635742,6.006686210632324
14,2143,-11.544977188110352,5.0641608238220215
14,2144,-8.947895050048828,5.070873737335205
14,2145,-11.350950241088867,2.932218074798584
14,2146,-10.411235809326172,8.24455451965332
14,2147,-10.38451862335205,2.774899482727051
14,2148,-9.095672607421875,5.863844394683838
14,2149,-11.299368858337402,3.36686110496521
14,2150,-12.17323112487793,5.351396560668945
14,2151,-11.241273880004883,8.985029220581055
14,2152,-10.75047492980957,2.605822801589966
14,2153,-9.79219913482666,6.374495506286621
14,2154,-9.591840744018555,6.479340553283691
14,2155,-9.604829788208008,1.7663178443908691
14,2156,-9.979846954345703,11.261737823486328
14,2157,-10.40195083618164,3.2402539253234863
14,2158,-8.514769554138184,6.126969814300537
14,2159,-11.12302303314209,3.3362600803375244
14,2160,-9.187728881835938,6.018836975097656
14,2161,-10.477849960327148,5.124775409698486
14,2162,-10.196549415588379,6.485210418701172
14,2163,-9.537915229797363,3.8747334480285645
14,2164,-10.016498565673828,5.486092567443848
14,2165,-10.131697654724121,4.494885444641113
14,2166,-10.090377807617188,5.2894673347473145
14,2167,-9.361297607421875,3.1219100952148438
14,2168,-11.248838424682617,7.067289352416992
14,2169,-9.02096939086914,4.158636093139648
14,2170,-11.680480003356934,10.952726364135742
14,2171,-11.290557861328125,2.19358491897583
14,2172,-10.480964660644531,5.625348091125488
14,2173,-9.953548431396484,4.095054626464844
14,2174,-9.613094329833984,3.760599136352539
14,2175,-8.679996490478516,4.346642971038818
14,2176,-9.861927032470703,6.876046180725098
14,2177,-9.777013778686523,3.0577054023742676
14,2178,-9.672370910644531,2.5159270763397217
14,2179,-12.824188232421875,4.100510597229004
14,2180,-9.509200096130371,4.188769817352295
14,2181,-8.790433883666992,1.0957417488098145
14,2182,-11.014219284057617,5.744477272033691
14,2183,-10.438104629516602,3.6274642944335938
14,2184,-9.953958511352539,3.2841007709503174
15,2185,-10.75628662109375,1.574510931968689
15,2186,-9.791369438171387,3.556382656097412
15,2187,-11.144044876098633,0.7686004042625427
15,2188,-10.549830436706543,3.736715793609619
15,2189,-10.688132286071777,2.4449028968811035
15,2190,-9.297496795654297,2.523589849472046
15,2191,-12.513504981994629,3.6782093048095703
15,2192,-10.16067123413086,2.546217918395996
15,2193,-9.863658905029297,3.008944511413574
15,2194,-9.956340789794922,4.054892539978027
15,2195,-11.551728248596191,5.437069892883301
15,2196,-9.697383880615234,2.0731263160705566
15,2197,-10.8344087600708,7.821012496948242
15,2198,-11.136253356933594,1.3991796970367432
15,2199,-10.11921501159668,7.148334503173828
15,2200,-11.96017074584961,4.760801315307617
15,2201,-10.20995044708252,5.9150390625
15,2202,-11.057417869567871,1.6631370782852173
15,2203,-9.160659790039062,5.052775859832764
15,2204,-10.02027416229248,5.0144734382629395
15,2205,-9.512228012084961,5.439355850219727
15,2206,-8.963080406188965,4.966864585876465
15,2207,-10.096134185791016,1.0704855918884277
15,2208,-9.232145309448242,3.876197338104248
15,2209,-9.398645401000977,0.7923219203948975
15,2210,-10.09865951538086,3.690143346786499
15,2211,-10.250086784362793,1.983389139175415
15,2212,-11.03713321685791,2.0936756134033203
15,2213,-11.051105499267578,4.763640403747559
15,2214,-10.097349166870117,5.126870155334473
15,2215,-9.166120529174805,3.299370765686035
15,2216,-9.452192306518555,4.781700134277344
15,2217,-10.26424789428711,2.5865182876586914
15,2218,-10.844486236572266,9.836540222167969
15,2219,-12.986797332763672,-1.434943675994873
15,2220,-10.010440826416016,9.261404991149902
15,2221,-9.512818336486816,4.303544998168945
15,2222,-10.392254829406738,4.664219856262207
15,2223,-9.404366493225098,6.0297698974609375
15,2224,-9.623708724975586,6.6267313957214355
15,2225,-11.021448135375977,0.4345766007900238
15,2226,-9.403006553649902,3.627211570739746
15,2227,-9.582271575927734,5.6278533935546875
15,2228,-8.901391983032227,2.801267147064209
15,2229,-9.545449256896973,2.8947064876556396
15,2230,-9.807825088500977,5.4647979736328125
15,2231,-9.27280044555664,4.825918674468994
15,2232,-11.300941467285156,8.061222076416016
15,2233,-11.673067092895508,-0.04257607460021973
15,2234,-10.071935653686523,9.572906494140625
15,2235,-10.070016860961914,0.8114451169967651
15,2236,-10.642791748046875,5.722771644592285
15,2237,-11.065118789672852,6.652693748474121
15,2238,-10.481282234191895,2.292304039001465
15,2239,-8.579980850219727,4.408669471740723
15,2240,-9.807567596435547,1.7013654708862305
15,2241,-9.168743133544922,5.001519203186035
15,2242,-10.80471420288086,0.5162553787231445
15,2243,-10.55270767211914,7.342059135437012
15,2244,-14.600077629089355,4.6068315505981445
15,2245,-9.436179161071777,7.414425849914551
15,2246,-9.312191009521484,4.424612522125244
15,2247,-8.958671569824219,3.1372575759887695
15,2248,-9.866313934326172,5.663251876831055
15,2249,-9.919689178466797,2.291780710220337
15,2250,-9.086532592773438,4.579257011413574
15,2251,-9.57531452178955,4.141331672668457
15,2252,-9.730196952819824,3.9746346473693848
15,2253,-9.896272659301758,3.690480947494507
15,2254,-9.426078796386719,5.122810363769531
15,2255,-11.81977367401123,1.6922669410705566
15,2256,-9.032697677612305,7.20863151550293
15,2257,-11.224007606506348,1.9465385675430298
15,2258,-9.76815414428711,6.962507247924805
15,2259,-8.856232643127441,3.4995999336242676
15,2260,-10.009781837463379,2.633730888366699
15,2261,-9.173121452331543,7.042886734008789
15,2262,-9.465631484985352,2.730503797531128
15,2263,-9.221120834350586,3.2537107467651367
15,2264,-9.87675666809082,1.796430230140686
15,2265,-10.049371719360352,3.164785861968994
15,2266,-9.558120727539062,7.683783531188965
15,2267,-11.044940948486328,0.8370418548583984
15,2268,-9.424427032470703,3.276808500289917
15,2269,-9.515567779541016,7.237581253051758
15,2270,-10.959890365600586,2.2262978553771973
15,2271,-10.113728523254395,5.815689563751221
15,2272,-11.979842185974121,3.152006149291992
15,2273,-8.69547176361084,6.700229167938232
15,2274,-9.325865745544434,4.860226631164551
15,2275,-9.24146842956543,4.714632034301758
15,2276,-9.415895462036133,3.4834024906158447
15,2277,-9.755887031555176,2.826998710632324
15,2278,-10.305805206298828,3.154970169067383
15,2279,-9.138262748718262,3.3007078170776367
15,2280,-9.788410186767578,2.810771942138672
15,2281,-10.210193634033203,1.6541736125946045
15,2282,-8.497570037841797,6.038889408111572
15,2283,-12.459062576293945,0.7745493650436401
15,2284,-10.18030071258545,5.7459611892700195
15,2285,-11.865439414978027,4.3215556144714355
15,2286,-9.570527076721191,1.5142509937286377
15,2287,-10.911520004272461,7.061543941497803
15,2288,-12.158129692077637,3.656863212585449
15,2289,-9.647136688232422,4.676720142364502
15,2290,-10.29406452178955,5.267648696899414
15,2291,-9.857112884521484,4.548061370849609
15,2292,-8.459044456481934,3.1395087242126465
15,2293,-9.95082950592041,2.302555799484253
15,2294,-11.580737113952637,1.601930856704712
15,2295,-10.413936614990234,3.4087958335876465
15,2296,-9.416192054748535,5.031692028045654
15,2297,-9.490163803100586,4.64807653427124
15,2298,-10.839688301086426,2.9835147857666016
15,2299,-9.933128356933594,6.068431377410889
15,2300,-8.938568115234375,2.7686476707458496
15,2301,-8.251067161560059,3.2613916397094727
15,2302,-8.328939437866211,6.22084903717041
15,2303,-8.762977600097656,3.3689675331115723
15,2304,-9.874167442321777,2.867924213409424
15,2305,-9.608064651489258,3.4862303733825684
15,2306,-10.39195728302002,4.50428581237793
15,2307,-12.357686042785645,2.22775936126709
15,2308,-9.181960105895996,8.139721870422363
15,2309,-9.65554141998291,3.6449763774871826
15,2310,-9.53139877319336,5.209806442260742
15,2311,-10.417964935302734,2.7022244930267334
15,2312,-9.05970573425293,5.878763675689697
15,2313,-11.153402328491211,7.155999660491943
15,2314,-9.27433967590332,5.727677822113037
15,2315,-8.842000961303711,2.5017571449279785
15,2316,-9.65534496307373,4.1997833251953125
15,2317,-9.088254928588867,5.655316352844238
15,2318,-10.652986526489258,2.5721092224121094
15,2319,-10.664569854736328,5.089554309844971
15,2320,-9.799365997314453,4.946966648101807
15,2321,-10.345279693603516,3.2168068885803223
15,2322,-8.286405563354492,4.804714202880859
15,2323,-10.098596572875977,6.536141872406006
15,2324,-10.101621627807617,4.7503790855407715
15,2325,-9.464837074279785,4.620159149169922
15,2326,-9.597488403320312,5.46794319152832
15,2327,-9.00469970703125,5.234903335571289
15,2328,-9.821481704711914,4.365131378173828
15,2329,-9.69509220123291,6.860254287719727
15,2330,-11.454421043395996,-1.294952630996704
15,2331,-10.698347091674805,12.035881042480469
15,2332,-10.462388038635254,1.9904087781906128
15,2333,-9.30109977722168,3.4850993156433105
15,2334,-11.662237167358398,6.168426990509033
15,2335,-8.953819274902344,8.061767578125
15,2336,-10.767361640930176,1.8149185180664062
15,2337,-9.574350357055664,4.6328887939453125
15,2338,-10.018330574035645,3.8848934173583984
15,2339,-9.23848819732666,4.736661911010742
15,2340,-10.223134994506836,7.273306846618652
16,2341,-10.687551498413086,3.1371965408325195
16,2342,-9.836935997009277,1.6901938915252686
16,2343,-13.493335723876953,8.122477531433105
16,2344,-9.623364448547363,0.5284134149551392
16,2345,-9.515619277954102,6.508322715759277
16,2346,-9.759797096252441,0.4498178958892822
16,2347,-8.61940860748291,3.845269203186035
16,2348,-9.979632377624512,1.8206892013549805
16,2349,-9.76882553100586,5.443619728088379
16,2350,-9.447771072387695,3.225250720977783
16,2351,-9.919648170471191,4.6506123542785645
16,2352,-9.407376289367676,4.179751873016357
16,2353,-9.953207015991211,3.020382881164551
16,2354,-9.96325969696045,3.3122050762176514
16,2355,-10.360639572143555,3.998852252960205
16,2356,-10.631780624389648,4.295307159423828
16,2357,-10.7510404586792,4.1507649421691895
16,2358,-9.024290084838867,4.035346508026123
16,2359,-10.074605941772461,2.0677754878997803
16,2360,-10.574310302734375,5.446841239929199
16,2361,-10.676984786987305,4.9811296463012695
16,2362,-9.266157150268555,1.8711196184158325
16,2363,-9.77387523651123,5.755949020385742
16,2364,-9.893486022949219,5.413880348205566
16,2365,-10.912068367004395,-0.42993947863578796
16,2366,-9.332385063171387,8.188450813293457
16,2367,-10.069726943969727,4.758048057556152
16,2368,-8.932822227478027,3.6589107513427734
16,2369,-9.763766288757324,5.845066547393799
16,2370,-10.076347351074219,6.236001014709473
16,2371,-10.119499206542969,-0.15986809134483337
16,2372,-8.987234115600586,4.4770026206970215
16,2373,-10.116206169128418,1.3816590309143066
16,2374,-11.644923210144043,-0.17821303009986877
16,2375,-10.26937484741211,6.7711076736450195
16,2376,-9.545854568481445,0.3374614715576172
16,2377,-9.927751541137695,4.963641166687012
16,2378,-9.26829719543457,1.6324872970581055
16,2379,-9.897520065307617,0.26908281445503235
16,2380,-10.01998519897461,5.3324384689331055
16,2381,-10.014613151550293,0.14021283388137817
16,2382,-9.516203880310059,2.441957950592041
16,2383,-9.840865135192871,6.886658191680908
16,2384,-10.506876945495605,3.157792329788208
16,2385,-9.653305053710938,5.561273574829102
16,2386,-9.21807861328125,3.2639241218566895
16,2387,-8.990093231201172,6.232616424560547
16,2388,-10.413839340209961,3.7455825805664062
16,2389,-11.688850402832031,5.352578163146973
16,2390,-12.260149002075195,12.965087890625
16,2391,-9.208869934082031,2.2593140602111816
16,2392,-9.443132400512695,5.8899126052856445
16,2393,-9.2629976272583,3.2084712982177734
16,2394,-9.574394226074219,3.4908204078674316
16,2395,-9.743252754211426,3.903491497039795
16,2396,-11.256275177001953,5.759166717529297
16,2397,-10.57552433013916,-1.1182547807693481
16,2398,-10.483884811401367,12.397933006286621
16,2399,-9.743667602539062,3.6513984203338623
16,2400,-9.444153785705566,4.200925827026367
16,2401,-10.437790870666504,2.6597237586975098
16,2402,-10.265974998474121,5.970170497894287
16,2403,-9.372648239135742,3.339144229888916
16,2404,-10.993330001831055,1.7180805206298828
16,2405,-9.422945022583008,3.6562180519104004
16,2406,-9.200601577758789,7.149110317230225
16,2407,-10.761361122131348,1.4774279594421387
16,2408,-8.834795951843262,5.380535125732422
16,2409,-10.519622802734375,3.619932174682617
16,2410,-9.022550582885742,4.024318695068359
16,2411,-9.111087799072266,6.083565711975098
16,2412,-12.105356216430664,3.052428960800171
16,2413,-9.878509521484375,2.1427276134490967
16,2414,-8.896185874938965,5.094363212585449
16,2415,-9.629055976867676,3.7588534355163574
16,2416,-8.725458145141602,5.656425476074219
16,2417,-9.121703147888184,4.339794635772705
16,2418,-9.489700317382812,3.3013253211975098
16,2419,-9.491954803466797,7.016378879547119
16,2420,-9.703134536743164,2.7133712768554688
16,2421,-9.732370376586914,5.84144401550293
16,2422,-7.544186115264893,5.136042594909668
16,2423,-10.292905807495117,5.151967525482178
16,2424,-10.004651069641113,6.033749103546143
16,2425,-9.619271278381348,2.491786479949951
16,2426,-9.250621795654297,5.091488838195801
16,2427,-10.293497085571289,2.852299690246582
16,2428,-10.85927677154541,6.9668498039245605
16,2429,-10.086709976196289,8.65509033203125
16,2430,-9.789556503295898,2.880666732788086
16,2431,-8.735224723815918,5.863498210906982
16,2432,-10.15389347076416,1.1828935146331787
16,2433,-8.315237998962402,3.5449938774108887
16,2434,-9.942460060119629,3.4707860946655273
16,2435,-9.905801773071289,5.883021354675293
16,2436,-9.49543571472168,3.0155253410339355
16,2437,-8.670551300048828,1.0730255842208862
16,2438,-8.872379302978516,2.2562766075134277
16,2439,-8.998611450195312,5.064533710479736
16,2440,-9.217174530029297,3.0260472297668457
16,2441,-9.608945846557617,-0.8359586000442505
16,2442,-8.762373924255371,1.5063917636871338
16,2443,-9.449773788452148,5.378025054931641
16,2444,-9.238930702209473,5.118399620056152
16,2445,-9.236715316772461,4.204829692840576
16,2446,-9.159597396850586,4.343588829040527
16,2447,-9.163923263549805,5.67952823638916
16,2448,-11.498854637145996,1.4279775619506836
16,2449,-9.492116928100586,6.611031532287598
16,2450,-10.482502937316895,1.909275770187378
16,2451,-9.56776237487793,7.237954139709473
16,2452,-8.862765312194824,2.9483838081359863
16,2453,-9.412519454956055,4.302781105041504
16,2454,-9.75204086303711,6.646659851074219
16,2455,-14.196831703186035,3.5586981773376465
16,2456,-9.423944473266602,5.512063026428223
16,2457,-8.199579238891602,4.206475257873535
16,2458,-10.11811637878418,7.643248558044434
16,2459,-9.642966270446777,1.8205729722976685
16,2460,-11.156730651855469,10.589825630187988
16,2461,-11.11583137512207,2.6419548988342285
16,2462,-7.917271137237549,1.851193904876709
16,2463,-9.577178001403809,4.15100622177124
16,2464,-11.12829875946045,-0.5205339193344116
16,2465,-9.485227584838867,8.64499282836914
16,2466,-8.871490478515625,3.4450907707214355
16,2467,-9.82959270477295,1.0645203590393066
16,2468,-10.900701522827148,6.814079284667969
16,2469,-9.747703552246094,6.50121545791626
16,2470,-10.309264183044434,1.5889967679977417
16,2471,-9.549946784973145,5.539137840270996
16,2472,-10.476841926574707,3.8644256591796875
16,2473,-9.843256950378418,6.007849216461182
16,2474,-9.100790977478027,3.677201271057129
16,2475,-9.377046585083008,4.652634143829346
16,2476,-9.672706604003906,3.1229734420776367
16,2477,-8.613983154296875,5.382768630981445
16,2478,-9.7946138381958,3.276826858520508
16,2479,-9.651578903198242,6.13963508605957
16,2480,-10.229471206665039,0.5260735750198364
16,2481,-9.088953018188477,5.100266456604004
16,2482,-10.873682022094727,5.073129177093506
16,2483,-8.249480247497559,2.2561278343200684
16,2484,-9.065108299255371,4.656235218048096
16,2485,-9.565322875976562,1.092613697052002
16,2486,-10.677084922790527,6.467953681945801
16,2487,-8.955543518066406,1.6377842426300049
16,2488,-10.212390899658203,2.4133384227752686
16,2489,-8.969192504882812,4.278704643249512
16,2490,-10.520907402038574,3.6657538414001465
16,2491,-9.041460037231445,8.079885482788086
16,2492,-10.574117660522461,2.6356940269470215
16,2493,-8.868409156799316,2.230274200439453
16,2494,-9.882826805114746,2.4444684982299805
16,2495,-10.631101608276367,7.039510250091553
16,2496,-8.267159461975098,3.9295201301574707
17,2497,-10.736971855163574,3.878251314163208
17,2498,-9.066410064697266,6.521937370300293
17,2499,-10.298332214355469,1.9272534847259521
17,2500,-9.590292930603027,4.659369945526123
17,2501,-10.786944389343262,7.5508952140808105
17,2502,-9.36570930480957,3.795098066329956
17,2503,-10.670158386230469,5.142982482910156
17,2504,-10.303247451782227,2.6536035537719727
17,2505,-7.758827209472656,4.122994422912598
17,2506,-11.030033111572266,5.385357856750488
17,2507,-8.845520973205566,3.440483331680298
17,2508,-9.960403442382812,2.732602119445801
17,2509,-8.382556915283203,5.522834777832031
17,2510,-9.634711265563965,2.594961643218994
17,2511,-9.137564659118652,4.680182456970215
17,2512,-9.967588424682617,4.095915794372559
17,2513,-8.292664527893066,5.083664894104004
17,2514,-8.987668991088867,6.917780876159668
17,2515,-8.895545959472656,5.746484279632568
17,2516,-10.452423095703125,-0.1434101164340973
17,2517,-10.072249412536621,12.65223503112793
17,2518,-9.18134593963623,3.894857406616211
17,2519,-8.7503662109375,3.9867165088653564
17,2520,-9.613110542297363,4.655880928039551
17,2521,-10.386129379272461,2.978912830352783
17,2522,-9.41767406463623,3.046705722808838
17,2523,-10.027656555175781,2.6248950958251953
17,2524,-9.44112777709961,6.39421272277832
17,2525,-10.936753273010254,1.9907697439193726
17,2526,-10.547924995422363,4.8360981941223145
17,2527,-8.96995735168457,7.523657321929932
17,2528,-9.431943893432617,2.035072088241577
17,2529,-8.970433235168457,3.7256758213043213
17,2530,-9.899161338806152,2.2323670387268066
17,2531,-10.196507453918457,8.643156051635742
17,2532,-10.103053092956543,3.4803903102874756
17,2533,-8.23502254486084,8.509246826171875
17,2534,-9.071084022521973,4.492040634155273
17,2535,-11.521404266357422,0.04154990613460541
17,2536,-8.702566146850586,8.763381958007812
17,2537,-8.813213348388672,3.9856464862823486
17,2538,-8.464073181152344,4.228811740875244
17,2539,-9.587431907653809,2.3436567783355713
17,2540,-9.52853012084961,5.647141933441162
17,2541,-9.035600662231445,7.956347465515137
17,2542,-11.484785079956055,2.331326723098755
17,2543,-9.719882011413574,8.185933113098145
17,2544,-11.92042350769043,1.0651118755340576
17,2545,-8.761014938354492,3.698019027709961
17,2546,-8.033304214477539,5.2449846267700195
17,2547,-9.58599853515625,3.7452003955841064
17,2548,-8.35932731628418,7.410059928894043
17,2549,-9.814936637878418,4.84187126159668
17,2550,-9.492250442504883,0.7680917978286743
17,2551,-9.164122581481934,6.2362380027771
17,2552,-9.727500915527344,0.7185195684432983
17,2553,-9.510343551635742,7.386483669281006
17,2554,-8.609502792358398,4.124788284301758
17,2555,-10.610315322875977,1.7190251350402832
17,2556,-9.54330825805664,8.589500427246094
17,2557,-11.087817192077637,0.3199325203895569
17,2558,-9.54765510559082,2.9490575790405273
17,2559,-10.371915817260742,5.7922043800354
17,2560,-8.299570083618164,4.4911603927612305
17,2561,-9.55346965789795,2.275175094604492
17,2562,-8.108715057373047,0.568655252456665
17,2563,-9.61919116973877,8.211527824401855
17,2564,-9.760763168334961,4.0308356285095215
17,2565,-9.115266799926758,4.901611328125
17,2566,-9.442420959472656,4.2672929763793945
17,2567,-9.370168685913086,4.826833724975586
17,2568,-8.649773597717285,4.198233127593994
17,2569,-9.609471321105957,1.0307426452636719
17,2570,-8.771638870239258,4.2189459800720215
17,2571,-9.354781150817871,6.676235675811768
17,2572,-10.283354759216309,5.509023189544678
17,2573,-9.236769676208496,0.23800480365753174
17,2574,-9.086105346679688,8.370343208312988
17,2575,-10.198624610900879,4.683453559875488
17,2576,-9.261451721191406,2.1642227172851562
17,2577,-9.101763725280762,9.834555625915527
17,2578,-10.297648429870605,-0.7138599157333374
17,2579,-9.145462989807129,3.987489700317383
17,2580,-9.825840950012207,3.881363868713379
17,2581,-8.867494583129883,3.708372116088867
17,2582,-8.659646987915039,6.418373107910156
17,2583,-9.404834747314453,1.3684282302856445
17,2584,-11.143634796142578,6.909061908721924
17,2585,-9.602871894836426,2.9442715644836426
17,2586,-9.351394653320312,4.76995325088501
17,2587,-9.425013542175293,6.17509651184082
17,2588,-11.867805480957031,10.699071884155273
17,2589,-11.04859447479248,0.8355639576911926
17,2590,-8.594342231750488,5.815215587615967
17,2591,-9.578510284423828,5.08575439453125
17,2592,-7.997152328491211,5.593891143798828
17,2593,-9.534820556640625,3.5475258827209473
17,2594,-9.474843978881836,2.9693210124969482
17,2595,-11.211380958557129,6.546287536621094
17,2596,-8.808237075805664,4.661813735961914
17,2597,-10.470392227172852,5.222431182861328
17,2598,-8.12987232208252,4.128430366516113
17,2599,-9.369258880615234,3.924055337905884
17,2600,-9.635564804077148,3.2594571113586426
17,2601,-9.087099075317383,2.438965320587158
17,2602,-9.988480567932129,6.402037620544434
17,2603,-11.334379196166992,-1.5445586442947388
17,2604,-8.33080005645752,8.345718383789062
17,2605,-8.067756652832031,5.35242223739624
17,2606,-8.713834762573242,4.441263675689697
17,2607,-9.046125411987305,0.9011025428771973
17,2608,-8.407400131225586,4.638067245483398
17,2609,-10.197141647338867,2.2444963455200195
17,2610,-10.509729385375977,4.261768341064453
17,2611,-9.05422592163086,5.073372840881348
17,2612,-9.790809631347656,3.2335212230682373
17,2613,-9.12680721282959,4.143566131591797
17,2614,-9.440650939941406,6.3015594482421875
17,2615,-9.284590721130371,2.9966490268707275
17,2616,-9.505488395690918,4.868575572967529
17,2617,-9.062639236450195,4.22053337097168
17,2618,-8.181934356689453,4.417850971221924
17,2619,-9.5204496383667,2.578610420227051
17,2620,-10.89868450164795,6.877232074737549
17,2621,-10.96533203125,2.6563549041748047
17,2622,-9.861543655395508,4.791201591491699
17,2623,-9.756464004516602,6.57819938659668
17,2624,-8.700261116027832,5.1132097244262695
17,2625,-9.190184593200684,6.39117431640625
17,2626,-9.658875465393066,6.449990272521973
17,2627,-8.569890022277832,7.096847057342529
17,2628,-10.297950744628906,5.579581260681152
17,2629,-8.626076698303223,7.038125038146973
17,2630,-10.805063247680664,7.090818405151367
17,2631,-8.326492309570312,6.850925445556641
17,2632,-10.133197784423828,0.9523450136184692
17,2633,-9.631732940673828,8.786481857299805
17,2634,-8.723394393920898,3.830745220184326
17,2635,-10.34594440460205,6.192044734954834
17,2636,-8.336529731750488,5.262433052062988
17,2637,-9.975545883178711,3.4370172023773193
17,2638,-10.430976867675781,5.425626754760742
17,2639,-8.809429168701172,5.369492530822754
17,2640,-9.340315818786621,2.4461922645568848
17,2641,-8.198844909667969,2.125675916671753
17,2642,-9.322516441345215,1.5541530847549438
17,2643,-9.89578914642334,5.759326934814453
17,2644,-9.593788146972656,4.978899002075195
17,2645,-8.450138092041016,3.004270076751709
17,2646,-10.16020393371582,4.055291175842285
17,2647,-9.433384895324707,4.591421127319336
17,2648,-9.752102851867676,5.836531639099121
17,2649,-8.97055435180664,5.321147918701172
17,2650,-9.92807388305664,2.738511562347412
17,2651,-9.286678314208984,6.008080005645752
17,2652,-8.81829833984375,1.82046377658844
18,2653,-10.235662460327148,2.462270975112915
18,2654,-9.550262451171875,2.5470669269561768
18,2655,-9.882707595825195,1.7130725383758545
18,2656,-9.105995178222656,4.058969497680664
18,2657,-9.959976196289062,1.9930534362792969
18,2658,-8.669567108154297,5.319026947021484
18,2659,-10.147953033447266,1.8598840236663818
18,2660,-9.410343170166016,8.518805503845215
18,2661,-9.486810684204102,2.150881767272949
18,2662,-9.602435111999512,6.150567054748535
18,2663,-9.344646453857422,2.961228370666504
18,2664,-9.308928489685059,5.774609565734863
18,2665,-9.792825698852539,5.167109489440918
18,2666,-9.494912147521973,7.335536479949951
18,2667,-8.733553886413574,3.7603602409362793
18,2668,-9.247787475585938,4.098718166351318
18,2669,-10.8851900100708,4.150996208190918
18,2670,-9.681991577148438,8.164911270141602
18,2671,-9.386701583862305,3.453453540802002
18,2672,-9.570028305053711,6.976965427398682
18,2673,-9.710070610046387,6.602628707885742
18,2674,-9.570622444152832,2.818291187286377
18,2675,-9.099878311157227,8.482654571533203
18,2676,-8.87451457977295,4.860806465148926
18,2677,-8.554896354675293,2.302945375442505
18,2678,-9.092877388000488,2.9366564750671387
18,2679,-9.852581024169922,3.8201208114624023
18,2680,-8.981096267700195,5.264407634735107
18,2681,-9.422975540161133,3.3253421783447266
18,2682,-11.108013153076172,7.664384841918945
18,2683,-10.556570053100586,1.7716865539550781
18,2684,-9.587307929992676,4.022314071655273
18,2685,-10.049144744873047,7.658708572387695
18,2686,-9.382811546325684,5.612676620483398
18,2687,-9.291748046875,0.9994920492172241
18,2688,-8.71919059753418,6.467507362365723
18,2689,-8.597494125366211,3.1063036918640137
18,2690,-8.669425964355469,2.1112263202667236
18,2691,-8.813669204711914,4.189369201660156
18,2692,-8.96095085144043,5.66103458404541
18,2693,-10.477438926696777,-0.6135333776473999
18,2694,-9.381954193115234,6.825314521789551
18,2695,-9.731101036071777,7.425335884094238
18,2696,-11.607400894165039,3.8207452297210693
18,2697,-9.044692039489746,8.358009338378906
18,2698,-8.776894569396973,1.8941513299942017
18,2699,-9.8987455368042,6.9010114669799805
18,2700,-8.977319717407227,4.429073810577393
18,2701,-9.651890754699707,4.257650375366211
18,2702,-9.460399627685547,4.045890808105469
18,2703,-9.102426528930664,1.9876317977905273
18,2704,-9.919401168823242,1.670599102973938
18,2705,-10.387886047363281,3.4324793815612793
18,2706,-7.93597936630249,3.444638252258301
18,2707,-9.552660942077637,2.3090381622314453
18,2708,-9.696050643920898,3.701275587081909
18,2709,-9.076881408691406,1.08637535572052
18,2710,-10.24143123626709,3.9529178142547607
18,2711,-10.287521362304688,4.2754387855529785
18,2712,-9.352045059204102,5.908610820770264
18,2713,-9.606523513793945,3.4197323322296143
18,2714,-9.790006637573242,4.569962501525879
18,2715,-8.811616897583008,3.5378103256225586
18,2716,-9.542529106140137,4.613057613372803
18,2717,-8.941256523132324,2.436678886413574
18,2718,-9.52906608581543,4.592936038970947
18,2719,-8.885637283325195,5.190649032592773
18,2720,-9.547292709350586,3.5614256858825684
18,2721,-8.829619407653809,7.214473724365234
18,2722,-10.16644287109375,6.282435894012451
18,2723,-8.145825386047363,2.93123459815979
18,2724,-10.423338890075684,6.353622913360596
18,2725,-9.297124862670898,6.391188621520996
18,2726,-10.267582893371582,4.463332653045654
18,2727,-9.182584762573242,3.696418523788452
18,2728,-8.806169509887695,4.75537633895874
18,2729,-9.417291641235352,5.528146266937256
18,2730,-10.272224426269531,7.614505290985107
18,2731,-11.230781555175781,2.150505542755127
18,2732,-9.151039123535156,6.872677803039551
18,2733,-9.867880821228027,3.1206629276275635
18,2734,-9.290905952453613,2.373730182647705
18,2735,-9.730507850646973,6.1960954666137695
18,2736,-9.936290740966797,4.687029838562012
18,2737,-9.453498840332031,6.003258228302002
18,2738,-10.282906532287598,6.290307998657227
18,2739,-9.311391830444336,0.5586158633232117
18,2740,-9.381858825683594,6.237607955932617
18,2741,-9.740516662597656,6.69110631942749
18,2742,-9.549797058105469,1.2490696907043457
18,2743,-8.980199813842773,6.257185459136963
18,2744,-9.23183822631836,3.004462718963623
18,2745,-8.485882759094238,7.515712261199951
18,2746,-8.61330509185791,2.666198253631592
18,2747,-9.11290168762207,6.627284526824951
18,2748,-8.182748794555664,5.111641883850098
18,2749,-9.295626640319824,3.6048378944396973
18,2750,-8.612196922302246,5.196203708648682
18,2751,-9.662522315979004,3.3538191318511963
18,2752,-9.272390365600586,7.777383327484131
18,2753,-10.125140190124512,5.0795440673828125
18,2754,-9.061393737792969,8.731760025024414
18,2755,-11.622431755065918,3.288355827331543
18,2756,-9.082231521606445,5.545632362365723
18,2757,-8.827228546142578,4.481349945068359
18,2758,-8.83645248413086,4.453271865844727
18,2759,-8.764483451843262,3.9119362831115723
18,2760,-9.654398918151855,4.436505317687988
18,2761,-6.978112697601318,4.504183292388916
18,2762,-8.704084396362305,1.282419204711914
18,2763,-8.853392601013184,6.611800193786621
18,2764,-8.859113693237305,4.684638977050781
18,2765,-8.795404434204102,5.990269660949707
18,2766,-10.405534744262695,1.3038495779037476
18,2767,-8.942498207092285,5.368131637573242
18,2768,-10.399595260620117,-1.0088574886322021
18,2769,-9.227005958557129,5.837172031402588
18,2770,-8.641036987304688,7.109698295593262
18,2771,-9.426504135131836,3.0447301864624023
18,2772,-8.816121101379395,5.358920574188232
18,2773,-8.512182235717773,2.3367209434509277
18,2774,-8.67076301574707,1.4341061115264893
18,2775,-8.47431755065918,3.7814464569091797
18,2776,-9.631331443786621,4.741744041442871
18,2777,-9.812788009643555,0.6331914663314819
18,2778,-8.550224304199219,6.839200496673584
18,2779,-10.008021354675293,2.579197645187378
18,2780,-8.43365478515625,7.49424934387207
18,2781,-9.651467323303223,0.7376461625099182
18,2782,-8.601006507873535,4.45850944519043
18,2783,-8.542140007019043,7.024326324462891
18,2784,-9.931417465209961,3.272724151611328
18,2785,-8.970539093017578,6.253072738647461
18,2786,-9.113838195800781,0.9558107256889343
18,2787,-7.992406845092773,4.538760185241699
18,2788,-9.746757507324219,3.479678153991699
18,2789,-8.509452819824219,4.803126335144043
18,2790,-11.184879302978516,4.6723785400390625
18,2791,-7.714396953582764,3.5467190742492676
18,2792,-9.36335277557373,2.664113998413086
18,2793,-9.800674438476562,3.0444586277008057
18,2794,-9.406320571899414,2.255535364151001
18,2795,-8.669922828674316,6.286133766174316
18,2796,-9.79931354522705,1.6703872680664062
18,2797,-8.944565773010254,5.524646282196045
18,2798,-8.882734298706055,4.557323455810547
18,2799,-8.351606369018555,4.655270576477051
18,2800,-11.125711441040039,9.517068862915039
18,2801,-9.243330955505371,-1.97514808177948
18,2802,-8.527445793151855,5.463946342468262
18,2803,-8.67675495147705,2.869260787963867
18,2804,-8.895698547363281,2.7749128341674805
18,2805,-9.252821922302246,3.9615297317504883
18,2806,-8.68848991394043,3.945150375366211
18,2807,-10.602395057678223,0.012121081352233887
18,2808,-9.241567611694336,5.089824676513672
19,2809,-9.527462005615234,7.721060752868652
19,2810,-9.274604797363281,-0.2169080376625061
19,2811,-9.7600679397583,5.209907054901123
19,2812,-10.94111156463623,4.596864700317383
19,2813,-8.396961212158203,6.877974510192871
19,2814,-8.632832527160645,2.906876564025879
19,2815,-8.944143295288086,2.726818084716797
19,2816,-9.202223777770996,6.533825397491455
19,2817,-9.88459300994873,1.1932926177978516
19,2818,-8.650018692016602,4.607301235198975
19,2819,-9.25372314453125,5.243257522583008
19,2820,-9.961641311645508,4.762974262237549
19,2821,-7.937808990478516,7.122790813446045
19,2822,-9.442071914672852,2.4174580574035645
19,2823,-8.786822319030762,3.8229758739471436
19,2824,-9.19511890411377,6.366212844848633
19,2825,-9.371137619018555,4.456984519958496
19,2826,-9.978802680969238,3.413141965866089
19,2827,-8.835051536560059,5.483668804168701
19,2828,-10.056694030761719,0.31669557094573975
19,2829,-8.857308387756348,4.008646011352539
19,2830,-9.532173156738281,2.1078577041625977
19,2831,-9.345425605773926,4.135648727416992
19,2832,-9.908276557922363,3.597083568572998
19,2833,-8.907569885253906,3.128016710281372
19,2834,-9.268200874328613,5.012921333312988
19,2835,-8.649683952331543,0.6965484023094177
19,2836,-9.339715957641602,10.78734016418457
19,2837,-10.651002883911133,1.9547550678253174
19,2838,-10.401084899902344,5.206701278686523
19,2839,-10.392949104309082,3.8278613090515137
19,2840,-10.855888366699219,2.737703800201416
19,2841,-9.077484130859375,1.5297763347625732
19,2842,-8.96554946899414,4.637057304382324
19,2843,-9.506023406982422,2.6376256942749023
19,2844,-9.535046577453613,5.973779201507568
19,2845,-10.224760055541992,1.058035135269165
19,2846,-8.363212585449219,4.922368049621582
19,2847,-7.902667999267578,4.690879821777344
19,2848,-8.547758102416992,2.0351738929748535
19,2849,-8.795909881591797,4.837714195251465
19,2850,-10.404616355895996,-0.32212746143341064
19,2851,-8.310288429260254,8.483736038208008
19,2852,-9.456128120422363,3.6480045318603516
19,2853,-9.512992858886719,2.8956713676452637
19,2854,-8.5821533203125,5.256844520568848
19,2855,-8.600037574768066,2.1434102058410645
19,2856,-8.728829383850098,3.7453384399414062
19,2857,-8.312959671020508,3.440977096557617
19,2858,-10.913898468017578,2.9521400928497314
19,2859,-10.986532211303711,5.620454788208008
19,2860,-8.298831939697266,8.086824417114258
19,2861,-10.85792064666748,5.000221252441406
19,2862,-9.0306978225708,-0.29083043336868286
19,2863,-9.665282249450684,8.38388442993164
19,2864,-9.68732738494873,2.796610116958618
19,2865,-8.793465614318848,3.4487154483795166
19,2866,-9.378799438476562,8.901105880737305
19,2867,-9.33077621459961,2.9038829803466797
19,2868,-10.146744728088379,5.206048965454102
19,2869,-9.533645629882812,2.0500082969665527
19,2870,-8.918783187866211,5.289498329162598
19,2871,-9.06760311126709,1.4482436180114746
19,2872,-8.446298599243164,6.114645004272461
19,2873,-9.469107627868652,-0.9418705105781555
19,2874,-9.688359260559082,7.382463455200195
19,2875,-8.762320518493652,3.822364091873169
19,2876,-8.151111602783203,4.694131851196289
19,2877,-8.944183349609375,4.4520416259765625
19,2878,-11.05215835571289,2.0762953758239746
19,2879,-8.362419128417969,5.093240737915039
19,2880,-9.009289741516113,6.882828712463379
19,2881,-7.588697910308838,5.442096710205078
19,2882,-8.236767768859863,3.9598493576049805
19,2883,-8.55107307434082,4.8948163986206055
19,2884,-10.580463409423828,4.690578460693359
19,2885,-7.711542129516602,8.280362129211426
19,2886,-11.848176002502441,2.4994521141052246
19,2887,-7.741864204406738,6.157675266265869
19,2888,-8.902606010437012,4.221437931060791
19,2889,-10.11825942993164,4.414373397827148
19,2890,-8.615416526794434,3.9529590606689453
19,2891,-8.305150985717773,5.021136283874512
19,2892,-8.079595565795898,2.5652172565460205
19,2893,-9.680047988891602,3.408724308013916
19,2894,-8.21700382232666,1.6190133094787598
19,2895,-9.151106834411621,11.359832763671875
19,2896,-9.328556060791016,2.768240451812744
19,2897,-8.190052032470703,3.6806440353393555
19,2898,-8.866028785705566,6.194333553314209
19,2899,-8.170463562011719,3.497546672821045
19,2900,-9.606345176696777,1.9478918313980103
19,2901,-8.446463584899902,6.014832496643066
19,2902,-9.869993209838867,1.5262789726257324
19,2903,-8.135263442993164,9.242085456848145
19,2904,-9.110536575317383,4.375098705291748
19,2905,-8.81563949584961,5.391201972961426
19,2906,-8.253034591674805,5.986528396606445
19,2907,-7.649133682250977,5.43685245513916
19,2908,-8.66887092590332,3.507392168045044
19,2909,-8.388042449951172,5.835049152374268
19,2910,-7.9750518798828125,6.964977264404297
19,2911,-9.961650848388672,5.618113994598389
19,2912,-10.00732135772705,7.395821571350098
19,2913,-8.242853164672852,6.308680534362793
19,2914,-10.468133926391602,5.276521682739258
19,2915,-8.917142868041992,3.9558634757995605
19,2916,-9.476604461669922,5.019121170043945
19,2917,-9.642627716064453,6.065394401550293
19,2918,-9.022889137268066,8.961947441101074
19,2919,-8.477934837341309,2.8708572387695312
19,2920,-7.825256824493408,6.120518207550049
19,2921,-9.192265510559082,3.344198703765869
19,2922,-9.405677795410156,7.827404022216797
19,2923,-9.947951316833496,5.28253698348999
19,2924,-7.685618877410889,6.203963279724121
19,2925,-10.331453323364258,4.9254469871521
19,2926,-10.133943557739258,7.165666580200195
19,2927,-8.175345420837402,1.5468480587005615
19,2928,-9.040323257446289,4.8885602951049805
19,2929,-8.397757530212402,13.00912857055664
19,2930,-8.982789039611816,3.9582293033599854
19,2931,-9.170194625854492,11.399219512939453
19,2932,-9.572128295898438,5.985269069671631
19,2933,-7.909178256988525,5.320773124694824
19,2934,-7.90679931640625,7.241368293762207
19,2935,-9.470293045043945,7.319692611694336
19,2936,-10.290508270263672,3.5765321254730225
19,2937,-8.976537704467773,11.624390602111816
19,2938,-8.999134063720703,5.453327178955078
19,2939,-8.184284210205078,6.679563045501709
19,2940,-9.18392562866211,4.5692548751831055
19,2941,-9.434810638427734,5.519052028656006
19,2942,-7.840090751647949,6.915943145751953
19,2943,-8.313300132751465,3.888082504272461
19,2944,-8.438589096069336,7.258876800537109
19,2945,-9.320276260375977,5.199403762817383
19,2946,-9.355318069458008,1.8530864715576172
19,2947,-8.304811477661133,5.086374282836914
19,2948,-9.043961524963379,4.270249366760254
19,2949,-8.490525245666504,5.796441078186035
19,2950,-10.489156723022461,6.534965991973877
19,2951,-9.003498077392578,7.638148307800293
19,2952,-8.941558837890625,5.49582576751709
19,2953,-8.460895538330078,3.7682178020477295
19,2954,-8.135272026062012,2.6824073791503906
19,2955,-9.49525260925293,9.58723258972168
19,2956,-8.529790878295898,0.6595636606216431
19,2957,-8.338956832885742,4.592877388000488
19,2958,-8.940662384033203,5.964168548583984
19,2959,-8.441201210021973,4.851961612701416
19,2960,-7.700955867767334,5.233987808227539
19,2961,-10.435714721679688,0.3896607756614685
19,2962,-8.931262016296387,10.508200645446777
19,2963,-9.457347869873047,3.3313541412353516
19,2964,-8.488526344299316,5.508187294006348
20,2965,-9.113945007324219,1.244783878326416
20,2966,-10.321380615234375,6.11544942855835
20,2967,-9.262100219726562,7.1170549392700195
20,2968,-9.749069213867188,3.070730209350586
20,2969,-8.384392738342285,4.095114707946777
20,2970,-8.875017166137695,4.658943176269531
20,2971,-7.986091613769531,5.136317253112793
20,2972,-9.988136291503906,2.999393939971924
20,2973,-9.33524227142334,6.5076398849487305
20,2974,-9.984932899475098,6.091529369354248
20,2975,-8.049795150756836,2.997573137283325
20,2976,-9.28115177154541,5.317413806915283
20,2977,-9.767817497253418,3.5032200813293457
20,2978,-10.390023231506348,7.410444736480713
20,2979,-8.159245491027832,2.8581655025482178
20,2980,-9.936373710632324,0.42056185007095337
20,2981,-9.334542274475098,7.515078067779541
20,2982,-8.878767013549805,3.1294188499450684
20,2983,-8.76602554321289,5.045928955078125
20,2984,-10.954139709472656,-0.3617998957633972
20,2985,-8.473586082458496,10.401032447814941
20,2986,-8.89681625366211,0.3002142906188965
20,2987,-7.657879829406738,7.052807807922363
20,2988,-8.3515625,4.429661750793457
20,2989,-8.552417755126953,8.272741317749023
20,2990,-8.83144760131836,2.1810290813446045
20,2991,-8.502058982849121,9.447002410888672
20,2992,-8.900999069213867,3.620753526687622
20,2993,-9.599217414855957,7.980385780334473
20,2994,-8.517970085144043,4.98729133605957
20,2995,-8.59139633178711,6.842368125915527
20,2996,-10.037715911865234,3.1183855533599854
20,2997,-10.8319730758667,10.269393920898438
20,2998,-9.337690353393555,2.2356228828430176
20,2999,-10.526068687438965,1.6802477836608887
20,3000,-9.566619873046875,6.219963550567627
20,3001,-8.610485076904297,4.1302170753479
20,3002,-8.689825057983398,4.066861152648926
20,3003,-8.552725791931152,2.6910078525543213
20,3004,-9.88221549987793,4.15778923034668
20,3005,-7.818777561187744,4.503680229187012
20,3006,-8.126852035522461,5.721647262573242
20,3007,-9.38850212097168,4.464369773864746
20,3008,-8.925036430358887,8.69758415222168
20,3009,-8.994071960449219,6.880864143371582
20,3010,-8.235590934753418,6.3540825843811035
20,3011,-8.1713285446167,5.48014497756958
20,3012,-9.100252151489258,3.931974172592163
20,3013,-8.388479232788086,7.742562294006348
20,3014,-9.772248268127441,6.526371002197266
20,3015,-8.41298770904541,7.242785930633545
20,3016,-9.08959674835205,7.251965522766113
20,3017,-8.357020378112793,2.820967674255371
20,3018,-10.519828796386719,7.781001091003418
20,3019,-9.563727378845215,1.6375243663787842
20,3020,-9.164613723754883,8.96010684967041
20,3021,-8.788250923156738,2.8379719257354736
20,3022,-8.629433631896973,6.485659599304199
20,3023,-9.095575332641602,6.218034267425537
20,3024,-8.993550300598145,3.954277515411377
20,3025,-7.497659683227539,7.229192733764648
20,3026,-8.30096435546875,6.931424140930176
20,3027,-9.448661804199219,2.117384433746338
20,3028,-9.945746421813965,11.210409164428711
20,3029,-10.037729263305664,3.3616132736206055
20,3030,-8.310718536376953,1.677926778793335
20,3031,-8.636144638061523,6.192864418029785
20,3032,-9.169631958007812,4.2927656173706055
20,3033,-10.105928421020508,1.9374744892120361
20,3034,-10.068324089050293,9.3505859375
20,3035,-8.38698959350586,3.618823528289795
20,3036,-8.65206527709961,3.9186007976531982
20,3037,-9.745458602905273,6.228034973144531
20,3038,-8.195626258850098,8.363569259643555
20,3039,-10.804206848144531,5.685812473297119
20,3040,-7.97744083404541,6.519957542419434
20,3041,-8.880815505981445,3.297697067260742
20,3042,-9.494597434997559,4.068784713745117
20,3043,-8.447538375854492,9.385133743286133
20,3044,-8.553611755371094,4.493868827819824
20,3045,-10.000421524047852,4.16257381439209
20,3046,-9.062962532043457,6.011019706726074
20,3047,-9.969985961914062,6.1692070960998535
20,3048,-7.133823871612549,5.884070873260498
20,3049,-10.200263023376465,5.748729705810547
20,3050,-9.212285041809082,4.076401233673096
20,3051,-6.917929649353027,4.957699775695801
20,3052,-8.496209144592285,4.664943695068359
20,3053,-8.477706909179688,5.079029083251953
20,3054,-9.133109092712402,3.7959816455841064
20,3055,-8.438535690307617,5.2735137939453125
20,3056,-9.490104675292969,5.2273969650268555
20,3057,-8.243979454040527,3.2778472900390625
20,3058,-8.464184761047363,4.900669097900391
20,3059,-8.214208602905273,4.606748104095459
20,3060,-10.163190841674805,5.654776573181152
20,3061,-7.780876159667969,4.9368391036987305
20,3062,-8.989853858947754,7.380283832550049
20,3063,-8.46018123626709,3.6175730228424072
20,3064,-8.776698112487793,3.5101661682128906
20,3065,-8.00347900390625,2.6112852096557617
20,3066,-11.380422592163086,6.49697208404541
20,3067,-10.041364669799805,-0.7299420237541199
20,3068,-8.530899047851562,7.198103904724121
20,3069,-7.797369003295898,3.696962833404541
20,3070,-8.818094253540039,7.195452690124512
20,3071,-10.928115844726562,-0.20750480890274048
20,3072,-7.518294811248779,8.206260681152344
20,3073,-8.401582717895508,4.172061443328857
20,3074,-8.500062942504883,6.309096336364746
20,3075,-8.53535270690918,4.549690246582031
20,3076,-8.753981590270996,4.011855602264404
20,3077,-8.788140296936035,3.5254878997802734
20,3078,-11.011493682861328,7.113303184509277
20,3079,-8.6552152633667,6.140011787414551
20,3080,-8.104928016662598,8.207204818725586
20,3081,-9.244669914245605,2.6387200355529785
20,3082,-8.924871444702148,6.287087440490723
20,3083,-8.350213050842285,6.382524013519287
20,3084,-9.530561447143555,2.827198028564453
20,3085,-8.91818618774414,7.891514778137207
20,3086,-8.715736389160156,7.430110931396484
20,3087,-8.230767250061035,3.477365493774414
20,3088,-8.516470909118652,8.24000358581543
20,3089,-9.194384574890137,0.6889248490333557
20,3090,-7.914736747741699,7.606045722961426
20,3091,-8.803703308105469,2.0901222229003906
20,3092,-8.777411460876465,9.107991218566895
20,3093,-9.345340728759766,2.2383124828338623
20,3094,-7.883865833282471,1.3757095336914062
20,3095,-10.097283363342285,9.852157592773438
20,3096,-8.105958938598633,3.825334072113037
20,3097,-8.236730575561523,5.863297462463379
20,3098,-10.278962135314941,4.558520793914795
20,3099,-10.004539489746094,7.077075958251953
20,3100,-8.521982192993164,2.902301073074341
20,3101,-8.743099212646484,4.8004655838012695
20,3102,-7.794361591339111,1.8370754718780518
20,3103,-8.396305084228516,5.489789962768555
20,3104,-10.416980743408203,5.469956398010254
20,3105,-7.555952548980713,6.060379981994629
20,3106,-9.64244270324707,1.6291295289993286
20,3107,-7.963138580322266,2.8340587615966797
20,3108,-8.368189811706543,5.705729961395264
20,3109,-8.627511024475098,3.758143424987793
20,3110,-9.716559410095215,1.2265369892120361
20,3111,-8.70763111114502,9.454048156738281
20,3112,-7.821086883544922,3.1795434951782227
20,3113,-8.456998825073242,2.50226092338562
20,3114,-8.828394889831543,3.4249353408813477
20,3115,-9.03981876373291,3.7438197135925293
20,3116,-9.248929977416992,1.1433261632919312
20,3117,-8.728260040283203,4.70870304107666
20,3118,-8.558086395263672,10.624626159667969
20,3119,-10.22883129119873,0.27006056904792786
20,3120,-8.377937316894531,3.3794455528259277
21,3121,-9.690238952636719,5.356783390045166
21,3122,-9.123775482177734,3.7733731269836426
21,3123,-10.453176498413086,6.8998212814331055
21,3124,-8.461648941040039,4.6504621505737305
21,3125,-8.671497344970703,3.7317020893096924
21,3126,-9.461689949035645,4.384119510650635
21,3127,-7.8775787353515625,6.933880805969238
21,3128,-8.85705852508545,2.1717963218688965
21,3129,-8.436614036560059,5.087366104125977
21,3130,-8.40173625946045,2.6724791526794434
21,3131,-9.204541206359863,4.667737007141113
21,3132,-9.369865417480469,2.7108092308044434
21,3133,-8.765754699707031,6.939901351928711
21,3134,-9.53557300567627,1.9640963077545166
21,3135,-8.165505409240723,7.337362289428711
21,3136,-8.591721534729004,2.8925423622131348
21,3137,-8.635924339294434,5.347589492797852
21,3138,-9.408889770507812,4.667464256286621
21,3139,-8.274999618530273,4.638445854187012
21,3140,-11.011157989501953,3.1596391201019287
21,3141,-8.46299934387207,8.605257034301758
21,3142,-8.997418403625488,2.8170089721679688
21,3143,-9.080913543701172,3.0889360904693604
21,3144,-9.493744850158691,7.628669738769531
21,3145,-9.378800392150879,-0.9020451307296753
21,3146,-8.924201011657715,6.948095321655273
21,3147,-9.143682479858398,4.265435218811035
21,3148,-8.217122077941895,7.958054542541504
21,3149,-9.839299201965332,2.3406481742858887
21,3150,-9.188008308410645,7.459362030029297
21,3151,-8.82712173461914,4.990009307861328
21,3152,-7.404163360595703,6.766944885253906
21,3153,-9.335822105407715,7.401551723480225
21,3154,-8.919315338134766,3.7927823066711426
21,3155,-8.057121276855469,6.067843437194824
21,3156,-7.9591383934021,7.0494585037231445
21,3157,-8.708364486694336,2.4203481674194336
21,3158,-8.722783088684082,8.768077850341797
21,3159,-9.761614799499512,2.745370388031006
21,3160,-8.591692924499512,8.399386405944824
21,3161,-9.161643981933594,2.6608781814575195
21,3162,-9.684354782104492,6.138105392456055
21,3163,-8.736266136169434,5.9886627197265625
21,3164,-10.607771873474121,7.688917636871338
21,3165,-7.5154523849487305,3.890324592590332
21,3166,-8.8560791015625,3.323007583618164
21,3167,-10.13239860534668,4.288887977600098
21,3168,-10.087467193603516,5.058856964111328
21,3169,-9.144970893859863,4.797776222229004
21,3170,-8.02108383178711,2.530479669570923
21,3171,-8.87759780883789,5.754514694213867
21,3172,-9.141366004943848,7.455132484436035
21,3173,-8.390033721923828,2.03926420211792
21,3174,-7.908178806304932,6.270902156829834
21,3175,-9.174232482910156,7.525760173797607
21,3176,-9.412606239318848,3.69870662689209
21,3177,-7.984061241149902,8.323356628417969
21,3178,-9.013931274414062,2.516235589981079
21,3179,-9.457662582397461,5.79719352722168
21,3180,-9.180100440979004,5.084636211395264
21,3181,-9.244526863098145,8.363656997680664
21,3182,-7.198805332183838,5.241061210632324
21,3183,-7.036430835723877,7.350930213928223
21,3184,-8.724658012390137,5.140956878662109
21,3185,-10.028705596923828,1.7125451564788818
21,3186,-8.676775932312012,6.578824043273926
21,3187,-8.189876556396484,4.233153343200684
21,3188,-10.235157012939453,-1.8650671243667603
21,3189,-10.81991958618164,7.02380895614624
21,3190,-9.8101806640625,5.54207181930542
21,3191,-7.435656547546387,1.415050983428955
21,3192,-8.546126365661621,7.825374126434326
21,3193,-8.308292388916016,4.496345043182373
21,3194,-8.392348289489746,4.214666366577148
21,3195,-10.1253023147583,6.82472562789917
21,3196,-7.996401786804199,9.110756874084473
21,3197,-9.010087966918945,2.181678056716919
21,3198,-7.726161956787109,8.33525276184082
21,3199,-8.830121994018555,4.142807960510254
21,3200,-7.271450042724609,6.297501087188721
21,3201,-9.080450057983398,5.21525764465332
21,3202,-8.695023536682129,4.933032989501953
21,3203,-9.954780578613281,0.5545890927314758
21,3204,-9.274593353271484,6.978250503540039
21,3205,-7.785985946655273,3.258882999420166
21,3206,-7.943066596984863,8.924068450927734
21,3207,-8.328990936279297,2.867931365966797
21,3208,-8.01644229888916,9.84364128112793
21,3209,-10.457998275756836,4.488468170166016
21,3210,-11.14550495147705,6.611927032470703
21,3211,-7.901318550109863,9.529204368591309
21,3212,-7.650639533996582,8.438178062438965
21,3213,-8.85400390625,3.315255641937256
21,3214,-8.375730514526367,4.630036354064941
21,3215,-8.660261154174805,4.380945205688477
21,3216,-8.669153213500977,3.7388010025024414
21,3217,-8.817859649658203,2.7529687881469727
21,3218,-8.532222747802734,6.271113395690918
21,3219,-9.40253734588623,1.3131630420684814
21,3220,-9.356706619262695,4.448086738586426
21,3221,-8.10644817352295,6.194746494293213
21,3222,-9.706480979919434,0.26796069741249084
21,3223,-7.900757789611816,6.530259132385254
21,3224,-9.274994850158691,4.898068428039551
21,3225,-8.185075759887695,4.120944976806641
21,3226,-8.425642967224121,9.113016128540039
21,3227,-10.669001579284668,-0.8726238012313843
21,3228,-8.91183853149414,8.218687057495117
21,3229,-7.890211582183838,2.220614433288574
21,3230,-8.217228889465332,4.465395927429199
21,3231,-10.668375015258789,2.572904348373413
21,3232,-7.738202095031738,6.828828811645508
21,3233,-7.661552429199219,9.216196060180664
21,3234,-11.452231407165527,1.4535059928894043
21,3235,-8.248233795166016,5.662286281585693
21,3236,-7.831968307495117,7.168901443481445
21,3237,-8.628182411193848,1.492175579071045
21,3238,-8.170341491699219,9.731273651123047
21,3239,-8.880117416381836,3.5668327808380127
21,3240,-8.389119148254395,4.143070697784424
21,3241,-8.242570877075195,5.167812347412109
21,3242,-8.463441848754883,5.254673480987549
21,3243,-9.196410179138184,6.498023986816406
21,3244,-9.319060325622559,-1.5203566551208496
21,3245,-8.542750358581543,10.398918151855469
21,3246,-8.325095176696777,3.145982265472412
21,3247,-8.50605583190918,4.652001857757568
21,3248,-9.460762023925781,11.005512237548828
21,3249,-10.034629821777344,4.955653190612793
21,3250,-8.696818351745605,3.83439302444458
21,3251,-8.04376220703125,3.4285454750061035
21,3252,-9.055007934570312,4.082058429718018
21,3253,-8.002898216247559,9.105037689208984
21,3254,-8.026259422302246,4.749510765075684
21,3255,-9.22645378112793,4.93994140625
21,3256,-8.617486953735352,4.143334865570068
21,3257,-8.942947387695312,6.782261848449707
21,3258,-8.239344596862793,-0.1743612140417099
21,3259,-8.49998950958252,8.432313919067383
21,3260,-8.131735801696777,6.146961688995361
21,3261,-9.48709487915039,4.684032917022705
21,3262,-8.58540153503418,5.192780494689941
21,3263,-8.3612699508667,4.8976335525512695
21,3264,-7.950929164886475,5.707287788391113
21,3265,-8.69248104095459,9.392492294311523
21,3266,-10.506030082702637,3.4960074424743652
21,3267,-7.291786193847656,6.479250907897949
21,3268,-7.510988235473633,3.512820243835449
21,3269,-9.607078552246094,8.093484878540039
21,3270,-8.083008766174316,4.216418266296387
21,3271,-8.23513412475586,3.513582944869995
21,3272,-8.84425163269043,8.844619750976562
21,3273,-8.621993064880371,2.80741548538208
21,3274,-7.884241580963135,4.925324440002441
21,3275,-7.523154258728027,3.498595714569092
21,3276,-8.147747993469238,2.452554941177368
22,3277,-9.837790489196777,4.683119773864746
22,3278,-10.843205451965332,3.820021629333496
22,3279,-7.847545623779297,5.969956398010254
22,3280,-9.462408065795898,4.030439853668213
22,3281,-7.88923454284668,6.896590232849121
22,3282,-9.648738861083984,3.022122383117676
22,3283,-7.715353012084961,8.061410903930664
22,3284,-8.331977844238281,4.782642364501953
22,3285,-8.44546127319336,5.249650478363037
22,3286,-8.559271812438965,10.598901748657227
22,3287,-10.053369522094727,0.8076848387718201
22,3288,-8.041872024536133,7.152646541595459
22,3289,-9.533220291137695,9.297384262084961
22,3290,-8.951460838317871,5.845150947570801
22,3291,-8.954751968383789,3.8101577758789062
22,3292,-9.764946937561035,7.387129783630371
22,3293,-9.28364086151123,3.988008737564087
22,3294,-8.277799606323242,7.333183288574219
22,3295,-9.1965970993042,5.046502590179443
22,3296,-8.056541442871094,6.742846965789795
22,3297,-8.030895233154297,5.009279727935791
22,3298,-8.288333892822266,6.215517997741699
22,3299,-8.626367568969727,7.364938735961914
22,3300,-8.247893333435059,10.165489196777344
22,3301,-9.512580871582031,2.3358407020568848
22,3302,-9.888992309570312,7.532829284667969
22,3303,-8.009833335876465,4.8716559410095215
22,3304,-9.012002944946289,3.529843807220459
22,3305,-8.436321258544922,2.0806407928466797
22,3306,-8.29039478302002,8.090060234069824
22,3307,-8.814730644226074,5.216355800628662
22,3308,-7.441415786743164,5.941659450531006
22,3309,-8.672616958618164,7.170238494873047
22,3310,-9.038999557495117,6.37423038482666
22,3311,-12.55752944946289,5.419306755065918
22,3312,-6.7562255859375,6.109343528747559
22,3313,-8.750450134277344,10.27942943572998
22,3314,-8.472429275512695,2.729059934616089
22,3315,-8.11210823059082,3.396413803100586
22,3316,-9.09951400756836,10.047405242919922
22,3317,-8.400710105895996,2.7978403568267822
22,3318,-8.527297973632812,8.713348388671875
22,3319,-10.502094268798828,1.9509410858154297
22,3320,-7.948284149169922,9.11953353881836
22,3321,-9.927105903625488,5.560330867767334
22,3322,-8.497099876403809,5.912978172302246
22,3323,-7.523232460021973,3.6713027954101562
22,3324,-7.8365559577941895,7.812442302703857
22,3325,-9.775480270385742,6.384299278259277
22,3326,-8.292518615722656,7.726437091827393
22,3327,-7.949413299560547,3.667990207672119
22,3328,-7.74298620223999,5.534295082092285
22,3329,-10.26333236694336,6.859531402587891
22,3330,-8.224574089050293,3.8578872680664062
22,3331,-8.048601150512695,7.4408159255981445
22,3332,-9.391328811645508,8.134644508361816
22,3333,-8.499792098999023,3.608367919921875
22,3334,-9.233832359313965,3.436917781829834
22,3335,-7.8397321701049805,6.069297790527344
22,3336,-9.206660270690918,3.7393088340759277
22,3337,-9.414572715759277,4.004189491271973
22,3338,-8.82148265838623,6.381097316741943
22,3339,-7.59552001953125,6.697081089019775
22,3340,-9.16959285736084,2.602687358856201
22,3341,-7.611860752105713,3.6340553760528564
22,3342,-9.620964050292969,4.096017837524414
22,3343,-9.182982444763184,8.036222457885742
22,3344,-9.844520568847656,6.709846496582031
22,3345,-7.495544910430908,6.307249069213867
22,3346,-8.454605102539062,3.1927096843719482
22,3347,-7.377194881439209,3.829939842224121
22,3348,-8.887176513671875,7.851770877838135
22,3349,-9.27431869506836,2.6695375442504883
22,3350,-8.742118835449219,2.3423657417297363
22,3351,-8.193563461303711,4.723421573638916
22,3352,-9.557268142700195,3.5711817741394043
22,3353,-7.6890869140625,4.549909591674805
22,3354,-7.9719672203063965,1.948395848274231
22,3355,-8.028038024902344,4.520216941833496
22,3356,-8.639848709106445,2.4780433177948
22,3357,-8.416369438171387,5.991958141326904
22,3358,-10.422804832458496,4.057671546936035
22,3359,-9.158719062805176,3.5269229412078857
22,3360,-9.615673065185547,6.654179573059082
22,3361,-9.955879211425781,5.701294898986816
22,3362,-8.603323936462402,4.258490562438965
22,3363,-8.581396102905273,9.77186107635498
22,3364,-8.969609260559082,5.297436714172363
22,3365,-8.135782241821289,5.09969425201416
22,3366,-8.513944625854492,4.947228908538818
22,3367,-8.547325134277344,7.553432464599609
22,3368,-8.084720611572266,4.0187835693359375
22,3369,-8.37195873260498,4.229559898376465
22,3370,-8.570526123046875,8.140018463134766
22,3371,-7.951470375061035,4.818748474121094
22,3372,-8.886245727539062,1.228325366973877
22,3373,-8.343133926391602,6.378602027893066
22,3374,-9.804922103881836,5.035192489624023
22,3375,-8.088942527770996,6.10355281829834
22,3376,-8.843039512634277,3.0706236362457275
22,3377,-8.093199729919434,8.521841049194336
22,3378,-8.649238586425781,1.262032151222229
22,3379,-7.702658176422119,6.835408687591553
22,3380,-9.991171836853027,8.019288063049316
22,3381,-8.12129020690918,4.886413097381592
22,3382,-8.295914649963379,4.855642318725586
22,3383,-7.886052131652832,5.123095512390137
22,3384,-8.565146446228027,0.3726876378059387
22,3385,-8.1246976852417,8.495769500732422
22,3386,-7.961441993713379,2.1379523277282715
22,3387,-7.889400482177734,7.6860527992248535
22,3388,-8.277586936950684,4.500242710113525
22,3389,-9.055940628051758,2.426635980606079
22,3390,-7.260776519775391,4.833635330200195
22,3391,-9.561694145202637,7.838590145111084
22,3392,-7.079477310180664,5.51608943939209
22,3393,-10.58520221710205,5.614680290222168
22,3394,-8.838220596313477,3.633988618850708
22,3395,-8.754719734191895,10.717638969421387
22,3396,-7.421847343444824,2.129517078399658
22,3397,-8.772990226745605,8.447092056274414
22,3398,-9.371827125549316,2.350922107696533
22,3399,-8.81155776977539,4.821712493896484
22,3400,-8.574588775634766,5.096132278442383
22,3401,-9.109590530395508,4.906639099121094
22,3402,-8.064177513122559,4.836183547973633
22,3403,-9.111557960510254,5.1280975341796875
22,3404,-8.786072731018066,5.181168556213379
22,3405,-8.880378723144531,2.103527545928955
22,3406,-7.756863594055176,5.415460586547852
22,3407,-8.336824417114258,6.725763320922852
22,3408,-7.777048110961914,4.400235176086426
22,3409,-7.915013313293457,4.1803202629089355
22,3410,-9.173346519470215,9.404165267944336
22,3411,-8.3170166015625,4.799360275268555
22,3412,-7.628683090209961,6.732433319091797
22,3413,-8.407617568969727,4.362752437591553
22,3414,-8.1649169921875,5.563892364501953
22,3415,-12.595722198486328,3.735023021697998
22,3416,-7.898349761962891,6.757757186889648
22,3417,-8.002418518066406,3.300452709197998
22,3418,-8.788476943969727,5.5706963539123535
22,3419,-8.345810890197754,5.874626159667969
22,3420,-8.362565994262695,1.9430937767028809
22,3421,-8.56057071685791,4.341681480407715
22,3422,-8.830818176269531,2.903759002685547
22,3423,-9.103081703186035,8.353609085083008
22,3424,-7.920498371124268,3.8875603675842285
22,3425,-8.50684928894043,8.77822494506836
22,3426,-7.247695446014404,5.091573715209961
22,3427,-8.070561408996582,5.763213634490967
22,3428,-8.474120140075684,5.045584201812744
22,3429,-7.634909629821777,7.977561950683594
22,3430,-9.429607391357422,3.9454615116119385
22,3431,-8.314045906066895,5.189374923706055
22,3432,-8.333176612854004,7.242395401000977
23,3433,-8.766559600830078,6.829161167144775
23,3434,-8.887956619262695,4.772527694702148
23,3435,-8.131199836730957,3.9822397232055664
23,3436,-9.214179992675781,5.869572639465332
23,3437,-8.100263595581055,5.276944160461426
23,3438,-9.590940475463867,3.499821662902832
23,3439,-10.930875778198242,10.731142044067383
23,3440,-10.773452758789062,-0.9411395192146301
23,3441,-9.46002197265625,5.901917457580566
23,3442,-7.415156364440918,5.789438724517822
23,3443,-8.208391189575195,8.201742172241211
23,3444,-8.059717178344727,4.117012977600098
23,3445,-7.799503803253174,6.405951976776123
23,3446,-8.500370025634766,6.779874801635742
23,3447,-9.484835624694824,3.0771026611328125
23,3448,-8.400296211242676,4.416483402252197
23,3449,-8.820928573608398,8.724435806274414
23,3450,-9.434550285339355,3.967864513397217
23,3451,-8.738067626953125,8.419360160827637
23,3452,-10.047408103942871,5.751407623291016
23,3453,-8.725906372070312,6.492671966552734
23,3454,-8.011701583862305,3.873760223388672
23,3455,-8.022307395935059,4.290431976318359
23,3456,-9.099042892456055,7.019571304321289
23,3457,-8.948196411132812,3.556823968887329
23,3458,-8.637923240661621,9.167420387268066
23,3459,-8.804546356201172,4.127120018005371
23,3460,-8.445569038391113,6.154551982879639
23,3461,-7.912567138671875,7.489354133605957
23,3462,-8.077413558959961,7.027159690856934
23,3463,-8.423978805541992,4.105166912078857
23,3464,-8.062807083129883,6.59627628326416
23,3465,-8.329976081848145,8.755329132080078
23,3466,-9.016660690307617,3.64285945892334
23,3467,-8.481398582458496,4.959137916564941
23,3468,-8.61545181274414,3.324711322784424
23,3469,-9.15489673614502,5.2736968994140625
23,3470,-8.787757873535156,12.99293327331543
23,3471,-8.69162654876709,1.6753613948822021
23,3472,-7.369053840637207,8.980700492858887
23,3473,-7.822872161865234,3.819387435913086
23,3474,-8.012685775756836,3.0131964683532715
23,3475,-9.481819152832031,1.770898461341858
23,3476,-8.695425033569336,8.007631301879883
23,3477,-7.832283020019531,3.8317971229553223
23,3478,-8.123331069946289,5.7887282371521
23,3479,-7.6355791091918945,3.8689723014831543
23,3480,-9.501115798950195,3.2669105529785156
23,3481,-9.28243637084961,6.448519229888916
23,3482,-8.73631763458252,2.948652744293213
23,3483,-7.920050621032715,5.458846092224121
23,3484,-9.88099479675293,3.5741090774536133
23,3485,-8.551512718200684,6.4052629470825195
23,3486,-11.130889892578125,4.7052788734436035
23,3487,-8.577762603759766,5.08616828918457
23,3488,-8.6378755569458,5.057787895202637
23,3489,-8.379867553710938,0.9808611869812012
23,3490,-8.503070831298828,10.176753044128418
23,3491,-9.028141021728516,0.5258445143699646
23,3492,-8.576414108276367,6.202101230621338
23,3493,-7.570545196533203,7.424152851104736
23,3494,-8.449862480163574,3.8208940029144287
23,3495,-9.186138153076172,4.449960231781006
23,3496,-7.745905876159668,6.586312294006348
23,3497,-7.410180568695068,0.13720937073230743
23,3498,-10.01089096069336,8.493728637695312
23,3499,-10.616270065307617,8.15314769744873
23,3500,-7.739009857177734,3.9979560375213623
23,3501,-8.350056648254395,4.622768402099609
23,3502,-8.582386016845703,6.487178802490234
23,3503,-8.25758171081543,6.490189075469971
23,3504,-8.651439666748047,6.545886993408203
23,3505,-8.437807083129883,3.687803268432617
23,3506,-7.994617462158203,4.686798095703125
23,3507,-8.982542037963867,0.7843404412269592
23,3508,-9.788207054138184,9.454505920410156
23,3509,-8.275554656982422,5.39827823638916
23,3510,-8.161550521850586,3.265233039855957
23,3511,-7.617618560791016,2.95416259765625
23,3512,-8.726983070373535,4.242092132568359
23,3513,-8.346013069152832,5.178926467895508
23,3514,-9.869701385498047,9.761037826538086
23,3515,-8.1708402633667,2.7937350273132324
23,3516,-8.103472709655762,3.933170795440674
23,3517,-8.810014724731445,5.278012275695801
23,3518,-8.1350679397583,3.2454276084899902
23,3519,-7.892138481140137,5.705740928649902
23,3520,-9.263362884521484,6.289813041687012
23,3521,-7.379932403564453,5.1634674072265625
23,3522,-7.595008850097656,4.316745758056641
23,3523,-9.131044387817383,1.0361524820327759
23,3524,-8.890995979309082,7.895727157592773
23,3525,-9.143887519836426,5.1586127281188965
23,3526,-8.466171264648438,8.251913070678711
23,3527,-9.102506637573242,2.787200927734375
23,3528,-7.735405921936035,4.943057060241699
23,3529,-7.492302417755127,3.958033800125122
23,3530,-7.914670944213867,6.111608028411865
23,3531,-9.33381175994873,3.6491405963897705
23,3532,-8.398174285888672,3.242720603942871
23,3533,-8.714466094970703,3.928302049636841
23,3534,-8.278791427612305,3.2068629264831543
23,3535,-8.617656707763672,6.21213960647583
23,3536,-10.76119327545166,8.994799613952637
23,3537,-7.424985408782959,3.9667410850524902
23,3538,-9.78675651550293,7.122452259063721
23,3539,-9.237436294555664,2.5239675045013428
23,3540,-6.767670631408691,2.086531639099121
23,3541,-7.965954780578613,7.487951755523682
23,3542,-10.260592460632324,6.122824192047119
23,3543,-8.604345321655273,7.721390724182129
23,3544,-7.324166297912598,3.8118879795074463
23,3545,-7.5630412101745605,5.507419586181641
23,3546,-8.999898910522461,1.5141148567199707
23,3547,-8.333370208740234,5.417814254760742
23,3548,-8.991293907165527,4.652948379516602
23,3549,-7.978453636169434,9.719276428222656
23,3550,-8.470436096191406,1.6603375673294067
23,3551,-7.884837627410889,7.658753395080566
23,3552,-8.288515090942383,-0.3318699598312378
23,3553,-7.876689910888672,8.510117530822754
23,3554,-8.869365692138672,5.164928436279297
23,3555,-8.489355087280273,2.6999497413635254
23,3556,-8.106903076171875,7.888436317443848
23,3557,-8.860943794250488,3.4220099449157715
23,3558,-7.895527362823486,5.524966716766357
23,3559,-7.458793640136719,6.709272861480713
23,3560,-9.356826782226562,4.820128440856934
23,3561,-7.215859413146973,3.962846517562866
23,3562,-9.639074325561523,9.706642150878906
23,3563,-7.197585105895996,8.19759750366211
23,3564,-8.322064399719238,2.3544111251831055
23,3565,-7.870306015014648,10.128567695617676
23,3566,-8.369698524475098,5.322414875030518
23,3567,-6.850727081298828,5.984598159790039
23,3568,-7.69124698638916,4.578486442565918
23,3569,-7.864867687225342,4.654496192932129
23,3570,-8.291988372802734,5.3968353271484375
23,3571,-7.555739879608154,4.657627105712891
23,3572,-9.622847557067871,4.295361518859863
23,3573,-7.7453718185424805,5.821930885314941
23,3574,-7.715736389160156,4.4767913818359375
23,3575,-7.572745323181152,5.801851272583008
23,3576,-8.499275207519531,7.173544883728027
23,3577,-8.097379684448242,6.25546932220459
23,3578,-7.49103307723999,7.61582088470459
23,3579,-8.54362964630127,5.123129844665527
23,3580,-7.941098213195801,10.876873970031738
23,3581,-10.046080589294434,4.9685282707214355
23,3582,-8.221840858459473,5.618597507476807
23,3583,-8.102503776550293,7.604328155517578
23,3584,-8.334465980529785,4.387405872344971
23,3585,-7.793789386749268,3.180075168609619
23,3586,-9.205720901489258,9.19091510772705
23,3587,-7.995383262634277,5.559517860412598
23,3588,-7.871059894561768,6.330061435699463
24,3589,-8.950029373168945,1.0639256238937378
24,3590,-7.209230899810791,9.067781448364258
24,3591,-8.280957221984863,4.085330486297607
24,3592,-8.823127746582031,6.495791912078857
24,3593,-9.582222938537598,4.415029525756836
24,3594,-7.544627666473389,7.626765251159668
24,3595,-8.27604866027832,4.41740608215332
24,3596,-8.725997924804688,9.432497024536133
24,3597,-8.042451858520508,4.128916263580322
24,3598,-8.500741004943848,5.858829498291016
24,3599,-8.856269836425781,5.936168670654297
24,3600,-10.529494285583496,6.9025774002075195
24,3601,-8.855710983276367,2.4865469932556152
24,3602,-7.738775253295898,3.027521848678589
24,3603,-8.00068473815918,2.9478156566619873
24,3604,-8.409430503845215,5.518838882446289
24,3605,-8.65611743927002,6.080866813659668
24,3606,-12.028382301330566,8.267923355102539
24,3607,-8.138006210327148,4.268672466278076
24,3608,-10.4168062210083,6.907021522521973
24,3609,-7.385034561157227,6.8449273109436035
24,3610,-7.839338779449463,5.80827522277832
24,3611,-7.735377788543701,6.1017351150512695
24,3612,-8.251945495605469,8.134827613830566
24,3613,-8.266983032226562,5.002814292907715
24,3614,-9.063167572021484,7.514488220214844
24,3615,-7.120538234710693,5.150920867919922
24,3616,-8.112106323242188,3.9109816551208496
24,3617,-7.8847737312316895,8.678252220153809
24,3618,-7.508688926696777,5.08126974105835
24,3619,-8.202872276306152,1.4968713521957397
24,3620,-10.084527015686035,5.695249557495117
24,3621,-11.569278717041016,8.495954513549805
24,3622,-8.323004722595215,4.579277992248535
24,3623,-8.351150512695312,5.274779319763184
24,3624,-7.541735649108887,5.0343708992004395
24,3625,-8.97165298461914,4.102701187133789
24,3626,-9.076828002929688,9.261649131774902
24,3627,-10.53309154510498,2.0456488132476807
24,3628,-8.080741882324219,2.691208839416504
24,3629,-7.641477108001709,2.9016947746276855
24,3630,-9.164291381835938,5.704517364501953
24,3631,-8.372270584106445,2.656397581100464
24,3632,-8.5885009765625,3.3063058853149414
24,3633,-7.728848457336426,4.627830982208252
24,3634,-7.159830093383789,4.954586982727051
24,3635,-10.053117752075195,8.000411033630371
24,3636,-7.314847946166992,5.029362201690674
24,3637,-8.674304962158203,4.2113165855407715
24,3638,-9.09143352508545,2.543874502182007
24,3639,-8.174200057983398,6.073154449462891
24,3640,-7.836242198944092,3.8999836444854736
24,3641,-7.119918346405029,5.465903282165527
24,3642,-9.294390678405762,6.0928497314453125
24,3643,-9.666955947875977,7.004308700561523
24,3644,-8.81381607055664,1.1543707847595215
24,3645,-6.435832977294922,5.586215972900391
24,3646,-9.67327880859375,1.888576626777649
24,3647,-8.295995712280273,2.3373026847839355
24,3648,-7.665295600891113,6.535207748413086
24,3649,-7.564533233642578,4.646376132965088
24,3650,-9.287227630615234,4.326832294464111
24,3651,-8.365334510803223,8.112316131591797
24,3652,-8.58142375946045,2.614016056060791
24,3653,-8.201972007751465,7.6968793869018555
24,3654,-8.863131523132324,6.714571475982666
24,3655,-9.014425277709961,5.37641716003418
24,3656,-7.878168106079102,4.363772392272949
24,3657,-8.481499671936035,6.932455539703369
24,3658,-8.357067108154297,8.053460121154785
24,3659,-8.18630599975586,7.411106586456299
24,3660,-9.832791328430176,6.690774917602539
24,3661,-9.097237586975098,7.03477668762207
24,3662,-7.492478847503662,4.793643951416016
24,3663,-8.688392639160156,10.892826080322266
24,3664,-8.497273445129395,4.217986106872559
24,3665,-8.605627059936523,2.378880739212036
24,3666,-8.923219680786133,9.582937240600586
24,3667,-9.148076057434082,6.062636852264404
24,3668,-7.880103588104248,7.595475196838379
24,3669,-7.461749076843262,7.674740791320801
24,3670,-8.18013858795166,6.521528244018555
24,3671,-8.157878875732422,5.971745014190674
24,3672,-8.57512378692627,4.525356292724609
24,3673,-7.4658050537109375,3.065239191055298
24,3674,-8.709877014160156,9.776676177978516
24,3675,-8.175256729125977,4.375038146972656
24,3676,-8.044122695922852,6.724798202514648
24,3677,-8.289101600646973,3.5811362266540527
24,3678,-8.975988388061523,4.333911895751953
24,3679,-8.391426086425781,5.5588765144348145
24,3680,-8.093629837036133,7.202620983123779
24,3681,-8.262889862060547,5.120637893676758
24,3682,-9.017938613891602,9.853885650634766
24,3683,-8.064223289489746,4.341512203216553
24,3684,-9.36546516418457,3.4255733489990234
24,3685,-7.5083794593811035,4.239226341247559
24,3686,-8.57845687866211,11.220686912536621
24,3687,-9.815572738647461,4.41740608215332
24,3688,-7.197302341461182,4.932280540466309
24,3689,-8.673285484313965,9.397981643676758
24,3690,-7.475948810577393,7.312845706939697
24,3691,-8.660922050476074,5.364006996154785
24,3692,-7.8425469398498535,6.727986812591553
24,3693,-8.954732894897461,4.350775718688965
24,3694,-8.208589553833008,4.9233717918396
24,3695,-8.06209659576416,5.804986000061035
24,3696,-9.074088096618652,8.187106132507324
24,3697,-9.260279655456543,5.768126964569092
24,3698,-7.29409122467041,4.843994140625
24,3699,-9.75450325012207,5.130067825317383
24,3700,-8.446919441223145,4.301522731781006
24,3701,-8.5152006149292,7.276616096496582
24,3702,-7.944424629211426,6.034379482269287
24,3703,-8.996735572814941,6.421906471252441
24,3704,-8.30005931854248,5.241464614868164
24,3705,-8.219731330871582,5.50067138671875
24,3706,-8.361907005310059,6.610960960388184
24,3707,-7.945770740509033,5.642836570739746
24,3708,-7.723257064819336,6.463706016540527
24,3709,-8.886129379272461,5.702409267425537
24,3710,-8.003595352172852,3.6314425468444824
24,3711,-7.767205238342285,3.5600385665893555
24,3712,-8.319430351257324,3.823666572570801
24,3713,-8.740777015686035,7.055091857910156
24,3714,-9.540653228759766,6.190377235412598
24,3715,-6.409300804138184,3.1196370124816895
24,3716,-7.639999866485596,4.52310848236084
24,3717,-8.226058959960938,8.744762420654297
24,3718,-9.782283782958984,1.991799235343933
24,3719,-7.258403301239014,3.7980234622955322
24,3720,-7.264291763305664,7.6443281173706055
24,3721,-7.517276763916016,5.918265342712402
24,3722,-8.940167427062988,-2.17319917678833
24,3723,-7.93808650970459,10.681077003479004
24,3724,-8.306492805480957,3.7796716690063477
24,3725,-7.4201836585998535,2.878946304321289
24,3726,-9.491201400756836,7.072403907775879
24,3727,-7.556014537811279,5.358353137969971
24,3728,-9.216322898864746,6.394150733947754
24,3729,-8.360379219055176,-0.1738789826631546
24,3730,-10.636127471923828,6.957618713378906
24,3731,-8.261452674865723,2.7055187225341797
24,3732,-11.433697700500488,4.99184513092041
24,3733,-7.754147529602051,-1.568429946899414
24,3734,-7.5760626792907715,7.008894920349121
24,3735,-7.600762367248535,2.4394006729125977
24,3736,-8.206413269042969,4.481095314025879
24,3737,-8.232843399047852,5.788269996643066
24,3738,-8.415678024291992,1.673100471496582
24,3739,-6.755032539367676,4.8690996170043945
24,3740,-8.787211418151855,7.756053447723389
24,3741,-8.498348236083984,2.1994271278381348
24,3742,-8.028258323669434,5.509620189666748
24,3743,-8.485002517700195,3.5920355319976807
24,3744,-7.956871032714844,3.3111748695373535
25,3745,-8.966470718383789,11.420478820800781
25,3746,-9.230958938598633,3.674079418182373
25,3747,-9.64867877960205,7.715577125549316
25,3748,-8.408432006835938,7.370394706726074
25,3749,-8.197932243347168,6.019461631774902
25,3750,-10.206070899963379,5.417871952056885
25,3751,-8.939428329467773,7.847108840942383
25,3752,-8.825128555297852,7.238640785217285
25,3753,-7.805678367614746,7.007524490356445
25,3754,-7.607048988342285,9.877721786499023
25,3755,-8.201903343200684,4.064978122711182
25,3756,-9.094579696655273,5.111032485961914
25,3757,-8.597835540771484,7.360267162322998
25,3758,-8.615182876586914,6.714678764343262
25,3759,-7.40144157409668,9.823664665222168
25,3760,-9.002180099487305,5.413398742675781
25,3761,-7.140734672546387,8.564507484436035
25,3762,-8.538129806518555,6.364327907562256
25,3763,-7.824562072753906,4.07520866394043
25,3764,-8.96652603149414,7.853798866271973
25,3765,-8.663314819335938,8.26377010345459
25,3766,-8.382833480834961,5.060820579528809
25,3767,-9.265125274658203,4.501735687255859
25,3768,-8.347709655761719,9.645773887634277
25,3769,-9.569941520690918,5.507232666015625
25,3770,-8.693856239318848,4.963510990142822
25,3771,-7.2750420570373535,8.437651634216309
25,3772,-7.766700744628906,6.091492652893066
25,3773,-11.524876594543457,7.8192644119262695
25,3774,-7.968647003173828,7.050893306732178
25,3775,-7.641422271728516,5.8129377365112305
25,3776,-9.094317436218262,4.287310600280762
25,3777,-7.2328715324401855,1.9210573434829712
25,3778,-10.736706733703613,13.288475036621094
25,3779,-7.4960479736328125,6.9251861572265625
25,3780,-9.220664978027344,2.450685977935791
25,3781,-8.34306812286377,4.2345871925354
25,3782,-8.394343376159668,6.391654014587402
25,3783,-10.827415466308594,10.557924270629883
25,3784,-7.744209289550781,2.9797110557556152
25,3785,-7.63441801071167,3.4075684547424316
25,3786,-8.018144607543945,6.013774871826172
25,3787,-8.537708282470703,3.9468953609466553
25,3788,-8.338979721069336,5.513449668884277
25,3789,-8.28491497039795,7.634478569030762
25,3790,-8.209296226501465,5.348382949829102
25,3791,-8.287449836730957,8.322935104370117
25,3792,-7.354165077209473,4.415091514587402
25,3793,-7.42103910446167,7.2434492111206055
25,3794,-8.381752967834473,5.8849639892578125
25,3795,-7.396240234375,6.69339656829834
25,3796,-8.248504638671875,10.096160888671875
25,3797,-8.518807411193848,3.7625515460968018
25,3798,-8.89106273651123,8.607691764831543
25,3799,-7.862087249755859,4.396313667297363
25,3800,-8.681320190429688,3.6094188690185547
25,3801,-8.972151756286621,9.449434280395508
25,3802,-6.661044120788574,3.5104289054870605
25,3803,-8.351696014404297,3.266899347305298
25,3804,-7.200177192687988,5.304187774658203
25,3805,-8.763805389404297,8.574928283691406
25,3806,-10.522111892700195,-1.7613003253936768
25,3807,-8.201313972473145,9.898460388183594
25,3808,-8.150455474853516,3.0756285190582275
25,3809,-7.93367862701416,7.506832122802734
25,3810,-9.481963157653809,6.096877098083496
25,3811,-9.033769607543945,10.271108627319336
25,3812,-9.044105529785156,-1.8466297388076782
25,3813,-7.6478376388549805,6.216907501220703
25,3814,-8.628349304199219,9.664865493774414
25,3815,-11.090465545654297,0.8036998510360718
25,3816,-8.371150016784668,4.695577144622803
25,3817,-10.059609413146973,8.63125991821289
25,3818,-7.530369758605957,4.59224271774292
25,3819,-9.966104507446289,-0.3933738172054291
25,3820,-6.949355125427246,6.161378860473633
25,3821,-8.63426685333252,5.33717679977417
25,3822,-7.363951683044434,5.0577921867370605
25,3823,-7.746143341064453,5.680586338043213
25,3824,-8.982406616210938,3.947319507598877
25,3825,-7.8907880783081055,2.2065701484680176
25,3826,-9.037853240966797,10.306682586669922
25,3827,-7.9512505531311035,5.307019233703613
25,3828,-8.666674613952637,6.086155891418457
25,3829,-9.976741790771484,8.460186004638672
25,3830,-7.949054718017578,3.5555460453033447
25,3831,-9.793890953063965,7.615011692047119
25,3832,-8.28030776977539,3.1414928436279297
25,3833,-7.961416244506836,6.331472873687744
25,3834,-7.837261199951172,3.550680637359619
25,3835,-8.297767639160156,6.90502405166626
25,3836,-6.681954383850098,7.237245559692383
25,3837,-8.717585563659668,1.2104158401489258
25,3838,-7.059557914733887,6.128211975097656
25,3839,-8.319084167480469,6.531242370605469
25,3840,-7.445459365844727,2.254384756088257
25,3841,-8.696317672729492,4.608699321746826
25,3842,-7.495020389556885,7.326508522033691
25,3843,-8.052414894104004,6.818962097167969
25,3844,-7.661341667175293,1.4813768863677979
25,3845,-7.748530387878418,6.765113830566406
25,3846,-8.543418884277344,2.696958065032959
25,3847,-7.476710319519043,9.05606460571289
25,3848,-8.070117950439453,4.093194961547852
25,3849,-8.811055183410645,5.449563980102539
25,3850,-9.662534713745117,8.041573524475098
25,3851,-8.236909866333008,5.336007118225098
25,3852,-8.057923316955566,2.9622609615325928
25,3853,-7.266417503356934,7.680665016174316
25,3854,-7.344895362854004,7.720274925231934
25,3855,-8.836994171142578,2.9009852409362793
25,3856,-8.1372709274292,2.1951587200164795
25,3857,-8.501211166381836,6.42872428894043
25,3858,-7.321942329406738,8.557482719421387
25,3859,-8.12640380859375,2.690042495727539
25,3860,-8.038740158081055,1.561291217803955
25,3861,-8.819464683532715,9.908548355102539
25,3862,-8.225011825561523,1.0766068696975708
25,3863,-8.03312873840332,6.323629856109619
25,3864,-7.815735816955566,4.704888343811035
25,3865,-7.500629901885986,6.194230079650879
25,3866,-8.159442901611328,7.974741458892822
25,3867,-7.192230224609375,7.413863658905029
25,3868,-7.981863975524902,6.249058723449707
25,3869,-7.530609130859375,4.3337602615356445
25,3870,-8.854416847229004,4.737878322601318
25,3871,-8.434186935424805,10.050539016723633
25,3872,-8.880447387695312,2.414567470550537
25,3873,-8.149877548217773,4.22086763381958
25,3874,-7.331000328063965,10.985061645507812
25,3875,-7.333779335021973,5.875898361206055
25,3876,-8.261896133422852,2.6454386711120605
25,3877,-7.697751045227051,8.100419998168945
25,3878,-7.51243782043457,6.357891082763672
25,3879,-7.324854850769043,7.843622207641602
25,3880,-7.763524055480957,4.063922882080078
25,3881,-7.121133804321289,6.2484893798828125
25,3882,-8.767879486083984,8.785114288330078
25,3883,-7.683981418609619,7.945655822753906
25,3884,-8.136223793029785,3.777400255203247
25,3885,-8.86490249633789,5.655061721801758
25,3886,-7.986133098602295,10.06087875366211
25,3887,-11.049610137939453,5.943359375
25,3888,-9.289989471435547,-0.46669769287109375
25,3889,-8.046043395996094,11.299722671508789
25,3890,-7.406008720397949,6.786828517913818
25,3891,-8.890045166015625,5.856021881103516
25,3892,-9.264479637145996,3.6482343673706055
25,3893,-7.608708381652832,6.350522994995117
25,3894,-7.524997711181641,7.251347064971924
25,3895,-8.80314826965332,4.57305383682251
25,3896,-7.382367134094238,4.806561470031738
25,3897,-7.741695404052734,6.247171401977539
25,3898,-7.338344573974609,6.830532073974609
25,3899,-8.32583999633789,9.043228149414062
25,3900,-8.418831825256348,0.9439957141876221
26,3901,-7.544275283813477,9.631772994995117
26,3902,-9.900800704956055,6.297272682189941
26,3903,-7.872161865234375,5.854628086090088
26,3904,-7.937187194824219,7.31404972076416
26,3905,-9.612798690795898,4.193472862243652
26,3906,-8.822419166564941,12.261711120605469
26,3907,-8.824183464050293,8.725896835327148
26,3908,-7.941208839416504,9.311002731323242
26,3909,-6.915639877319336,8.15737247467041
26,3910,-8.829298973083496,6.23165225982666
26,3911,-9.692922592163086,14.256610870361328
26,3912,-7.905743598937988,4.170237064361572
26,3913,-8.999293327331543,3.9963316917419434
26,3914,-8.45549201965332,5.324258327484131
26,3915,-9.094654083251953,11.675621032714844
26,3916,-8.664233207702637,6.694997787475586
26,3917,-9.05848217010498,5.275728225708008
26,3918,-8.349244117736816,10.75246524810791
26,3919,-8.528792381286621,2.615767002105713
26,3920,-8.69583511352539,8.14055061340332
26,3921,-8.868223190307617,7.444464683532715
26,3922,-8.097001075744629,7.17825174331665
26,3923,-8.48295783996582,7.1924543380737305
26,3924,-8.511587142944336,0.4423215985298157
26,3925,-8.289876937866211,9.346416473388672
26,3926,-7.600552558898926,4.377659797668457
26,3927,-9.472259521484375,4.170963287353516
26,3928,-7.791799545288086,7.932188987731934
26,3929,-8.010140419006348,5.701603889465332
26,3930,-9.407546997070312,2.5453810691833496
26,3931,-7.466882705688477,7.349749565124512
26,3932,-7.898298263549805,3.8369264602661133
26,3933,-7.873106956481934,8.14570426940918
26,3934,-8.09948444366455,3.877817153930664
26,3935,-8.747366905212402,7.808896064758301
26,3936,-7.98138952255249,5.930137634277344
26,3937,-7.559423446655273,7.123783588409424
26,3938,-8.789335250854492,5.846817970275879
26,3939,-8.092338562011719,5.443631172180176
26,3940,-8.118732452392578,4.507057189941406
26,3941,-7.676513195037842,7.394314765930176
26,3942,-9.044391632080078,7.670556545257568
26,3943,-7.536733627319336,9.442293167114258
26,3944,-7.626140594482422,7.626273155212402
26,3945,-6.937516689300537,7.140206336975098
26,3946,-8.210175514221191,7.7274980545043945
26,3947,-7.483489990234375,6.178770065307617
26,3948,-8.145777702331543,3.9043679237365723
26,3949,-10.38064956665039,5.644967555999756
26,3950,-9.698323249816895,10.275850296020508
26,3951,-7.629095077514648,5.382424354553223
26,3952,-9.966538429260254,3.564561367034912
26,3953,-6.676080226898193,6.659035682678223
26,3954,-7.267024040222168,4.023717880249023
26,3955,-7.951676845550537,7.992394924163818
26,3956,-8.576449394226074,4.945313453674316
26,3957,-8.222639083862305,6.096410751342773
26,3958,-8.262056350708008,6.687155723571777
26,3959,-9.390814781188965,5.1966705322265625
26,3960,-7.940151691436768,10.067336082458496
26,3961,-8.32317066192627,5.040165901184082
26,3962,-9.124072074890137,4.274435997009277
26,3963,-8.962162017822266,3.588931083679199
26,3964,-8.453646659851074,6.173850059509277
26,3965,-7.05250358581543,8.113682746887207
26,3966,-8.586600303649902,5.037886619567871
26,3967,-7.943114757537842,5.313380718231201
26,3968,-7.562272548675537,8.708269119262695
26,3969,-7.672737121582031,6.598235607147217
26,3970,-6.989808559417725,6.369577407836914
26,3971,-7.912045478820801,4.645015716552734
26,3972,-9.150971412658691,9.775014877319336
26,3973,-8.927154541015625,2.003934860229492
26,3974,-7.970151901245117,5.62849760055542
26,3975,-7.703817367553711,10.183030128479004
26,3976,-8.908892631530762,2.922360897064209
26,3977,-8.10152816772461,4.825446128845215
26,3978,-7.675372123718262,6.111153602600098
26,3979,-10.418304443359375,6.386476516723633
26,3980,-7.556459903717041,4.460992336273193
26,3981,-8.456110000610352,7.581605911254883
26,3982,-8.076570510864258,3.9588546752929688
26,3983,-8.928607940673828,12.44824504852295
26,3984,-8.126367568969727,5.232884407043457
26,3985,-8.04599380493164,7.438986301422119
26,3986,-8.695350646972656,3.9946208000183105
26,3987,-7.742722988128662,9.53150749206543
26,3988,-7.989955902099609,7.305997848510742
26,3989,-6.542415618896484,8.792299270629883
26,3990,-7.575593948364258,7.131637096405029
26,3991,-7.335159778594971,8.832086563110352
26,3992,-7.675577640533447,3.836294174194336
26,3993,-8.10283374786377,2.225280523300171
26,3994,-8.300277709960938,7.003582000732422
26,3995,-9.340983390808105,5.023627281188965
26,3996,-8.676770210266113,7.689538478851318
26,3997,-7.526198387145996,4.111603736877441
26,3998,-7.897452354431152,7.541512966156006
26,3999,-7.471220016479492,5.110555648803711
26,4000,-7.666068077087402,7.419889450073242
26,4001,-8.940802574157715,2.428582191467285
26,4002,-7.802417755126953,5.762319087982178
26,4003,-6.87831974029541,8.681648254394531
26,4004,-8.128250122070312,5.209749698638916
26,4005,-8.166168212890625,3.7929375171661377
26,4006,-8.71196460723877,8.869647979736328
26,4007,-7.26229190826416,6.21370267868042
26,4008,-7.411322593688965,5.531628608703613
26,4009,-7.031725883483887,6.591020584106445
26,4010,-8.036372184753418,6.600135326385498
26,4011,-7.341525077819824,6.830508232116699
26,4012,-8.588025093078613,7.088351726531982
26,4013,-6.879758358001709,6.589152812957764
26,4014,-9.381551742553711,6.508368015289307
26,4015,-8.181736946105957,4.158553600311279
26,4016,-8.452127456665039,5.746633052825928
26,4017,-8.98040771484375,3.2300236225128174
26,4018,-9.66099739074707,7.473593235015869
26,4019,-7.786437034606934,-0.10708175599575043
26,4020,-7.183839321136475,5.814117908477783
26,4021,-8.4996337890625,5.504368782043457
26,4022,-7.31166410446167,3.413722515106201
26,4023,-8.633788108825684,9.564386367797852
26,4024,-9.945171356201172,6.344945907592773
26,4025,-8.54478931427002,3.0883278846740723
26,4026,-6.641942501068115,10.757525444030762
26,4027,-8.150609016418457,6.922900199890137
26,4028,-7.070369720458984,7.563662052154541
26,4029,-8.31877326965332,3.0310263633728027
26,4030,-7.911009788513184,7.113203048706055
26,4031,-6.337467193603516,4.584515571594238
26,4032,-8.374083518981934,4.472992420196533
26,4033,-7.7653937339782715,8.298942565917969
26,4034,-9.71178150177002,8.868106842041016
26,4035,-7.514981746673584,8.123332977294922
26,4036,-7.310270309448242,3.8945388793945312
26,4037,-7.974910259246826,7.305566787719727
26,4038,-7.84226131439209,6.008756637573242
26,4039,-8.169647216796875,8.8142671585083
26,4040,-9.162141799926758,11.138272285461426
26,4041,-6.264910697937012,7.82607364654541
26,4042,-7.84124755859375,1.371025800704956
26,4043,-7.359375476837158,6.283247947692871
26,4044,-7.58823299407959,8.130529403686523
26,4045,-9.216658592224121,1.775739312171936
26,4046,-7.866941928863525,10.893780708312988
26,4047,-8.514184951782227,4.349602222442627
26,4048,-7.243318557739258,5.649559497833252
26,4049,-8.073841094970703,8.483710289001465
26,4050,-7.387357711791992,2.5335488319396973
26,4051,-8.342571258544922,11.652565002441406
26,4052,-8.376791000366211,2.045163631439209
26,4053,-8.524682998657227,6.02149772644043
26,4054,-8.274794578552246,8.163604736328125
26,4055,-9.830666542053223,2.0501925945281982
26,4056,-8.208663940429688,8.703384399414062
27,4057,-7.190613746643066,6.99388313293457
27,4058,-8.786685943603516,5.910189628601074
27,4059,-8.152883529663086,5.493565559387207
27,4060,-9.116649627685547,11.595928192138672
27,4061,-6.70436429977417,5.767855167388916
27,4062,-8.78918170928955,0.552614688873291
27,4063,-7.270395278930664,3.0729570388793945
27,4064,-7.986451148986816,5.918220043182373
27,4065,-8.510602951049805,2.547494411468506
27,4066,-8.514824867248535,3.72365665435791
27,4067,-8.033544540405273,3.2271289825439453
27,4068,-9.51150131225586,7.391683101654053
27,4069,-6.458353042602539,6.70754337310791
27,4070,-8.77760124206543,1.0823283195495605
27,4071,-7.6240434646606445,3.025899887084961
27,4072,-7.63923978805542,5.345647811889648
27,4073,-8.99439525604248,1.887719750404358
27,4074,-10.148798942565918,15.254629135131836
27,4075,-9.012690544128418,5.252693176269531
27,4076,-7.47755765914917,3.505354166030884
27,4077,-8.363481521606445,8.182557106018066
27,4078,-8.139534950256348,3.069399118423462
27,4079,-7.635139465332031,4.718450546264648
27,4080,-8.139971733093262,6.387052059173584
27,4081,-7.380527496337891,7.130346298217773
27,4082,-7.568079471588135,4.579062461853027
27,4083,-8.735034942626953,11.840392112731934
27,4084,-10.498309135437012,6.463391304016113
27,4085,-7.461350440979004,5.931054592132568
27,4086,-8.021489143371582,10.107038497924805
27,4087,-7.8587141036987305,8.438011169433594
27,4088,-7.495510101318359,5.7176361083984375
27,4089,-7.8149895668029785,7.319461822509766
27,4090,-8.704891204833984,7.986439228057861
27,4091,-10.091376304626465,10.685173034667969
27,4092,-12.088683128356934,5.193428039550781
27,4093,-7.460061073303223,3.1224331855773926
27,4094,-7.708946704864502,7.507706165313721
27,4095,-8.150240898132324,5.14687442779541
27,4096,-7.6711859703063965,5.401124000549316
27,4097,-8.073966979980469,10.90842056274414
27,4098,-7.804179668426514,5.050085067749023
27,4099,-7.257971286773682,5.89351749420166
27,4100,-8.277606964111328,8.228885650634766
27,4101,-8.362040519714355,3.8759796619415283
27,4102,-8.428877830505371,6.28078031539917
27,4103,-7.828927040100098,4.396934509277344
27,4104,-8.00954818725586,6.223077774047852
27,4105,-8.297773361206055,5.26106595993042
27,4106,-7.577274799346924,6.586871147155762
27,4107,-9.13259506225586,5.6906538009643555
27,4108,-7.7000932693481445,8.41717529296875
27,4109,-7.894214153289795,4.957128524780273
27,4110,-8.452985763549805,5.994720458984375
27,4111,-8.143919944763184,7.241833686828613
27,4112,-8.311132431030273,4.866191864013672
27,4113,-7.915404319763184,9.424967765808105
27,4114,-9.320673942565918,6.895033359527588
27,4115,-9.219900131225586,5.420149803161621
27,4116,-8.992036819458008,6.594081401824951
27,4117,-7.991692543029785,3.6058201789855957
27,4118,-7.510822296142578,7.18491792678833
27,4119,-6.4173583984375,5.5860090255737305
27,4120,-8.575820922851562,9.682439804077148
27,4121,-7.443548679351807,8.147125244140625
27,4122,-8.690796852111816,1.601057767868042
27,4123,-9.883426666259766,9.957021713256836
27,4124,-6.609994411468506,4.491551399230957
27,4125,-8.930573463439941,1.8650341033935547
27,4126,-8.0775728225708,8.996267318725586
27,4127,-7.889861106872559,6.940831661224365
27,4128,-7.583525657653809,7.687668800354004
27,4129,-8.087051391601562,4.507193088531494
27,4130,-9.149529457092285,12.511362075805664
27,4131,-8.743276596069336,5.048041343688965
27,4132,-8.4352445602417,6.457225799560547
27,4133,-6.974846839904785,2.3073978424072266
27,4134,-7.866498947143555,10.33711051940918
27,4135,-8.07211971282959,7.711915969848633
27,4136,-7.638767242431641,6.2033796310424805
27,4137,-9.388677597045898,5.356293678283691
27,4138,-7.362104415893555,8.423444747924805
27,4139,-7.593837261199951,3.3431649208068848
27,4140,-7.325387954711914,6.645987033843994
27,4141,-7.322521209716797,4.352104187011719
27,4142,-7.730552673339844,9.31843376159668
27,4143,-7.5014448165893555,6.08637809753418
27,4144,-8.035638809204102,2.817241668701172
27,4145,-9.726886749267578,7.07899284362793
27,4146,-6.9822540283203125,6.108288764953613
27,4147,-8.10559368133545,9.188579559326172
27,4148,-7.691493511199951,4.922718524932861
27,4149,-9.264043807983398,1.9454418420791626
27,4150,-9.372112274169922,8.883476257324219
27,4151,-9.235074996948242,4.5464019775390625
27,4152,-8.52924633026123,4.867653846740723
27,4153,-6.3323869705200195,8.037120819091797
27,4154,-7.871458053588867,7.117221355438232
27,4155,-9.001243591308594,10.657513618469238
27,4156,-8.487091064453125,4.17293643951416
27,4157,-9.548407554626465,7.9776458740234375
27,4158,-8.496501922607422,5.016036033630371
27,4159,-7.529127597808838,9.224411964416504
27,4160,-7.223261833190918,4.591387748718262
27,4161,-7.557567596435547,4.705277442932129
27,4162,-8.553607940673828,6.0960493087768555
27,4163,-7.44426155090332,4.764632225036621
27,4164,-8.456270217895508,5.044435977935791
27,4165,-8.858209609985352,5.880832195281982
27,4166,-8.034276962280273,5.908815383911133
27,4167,-8.372074127197266,4.892858505249023
27,4168,-7.877429485321045,7.553342819213867
27,4169,-6.5558271408081055,5.403375148773193
27,4170,-7.207736015319824,3.862807273864746
27,4171,-6.958486557006836,6.535586357116699
27,4172,-9.403568267822266,2.0961673259735107
27,4173,-7.586758613586426,6.7013258934021
27,4174,-7.911127090454102,5.999438285827637
27,4175,-6.788439750671387,8.431548118591309
27,4176,-7.675084114074707,4.147225379943848
27,4177,-7.841447830200195,5.7917914390563965
27,4178,-8.150256156921387,9.644674301147461
27,4179,-7.949707984924316,4.427482604980469
27,4180,-8.072172164916992,8.35950756072998
27,4181,-8.243812561035156,8.080912590026855
27,4182,-7.9227190017700195,8.217864990234375
27,4183,-8.249176025390625,4.0994791984558105
27,4184,-8.272592544555664,10.34577751159668
27,4185,-9.113064765930176,3.682704448699951
27,4186,-6.25113582611084,5.835712909698486
27,4187,-10.16527271270752,5.353357791900635
27,4188,-7.694522857666016,4.354305267333984
27,4189,-7.469270706176758,7.146928787231445
27,4190,-6.514585971832275,2.758692741394043
27,4191,-7.636284828186035,1.8087860345840454
27,4192,-8.446139335632324,6.87110710144043
27,4193,-7.269994735717773,8.973615646362305
27,4194,-8.821271896362305,8.964909553527832
27,4195,-6.551841735839844,6.734256744384766
27,4196,-6.836125373840332,5.221486568450928
27,4197,-7.320860862731934,7.315783500671387
27,4198,-6.9290618896484375,9.04240894317627
27,4199,-7.4819016456604,4.952296733856201
27,4200,-6.83209228515625,6.489742279052734
27,4201,-8.677891731262207,7.796837329864502
27,4202,-8.353999137878418,2.329897165298462
27,4203,-8.498866081237793,4.464515686035156
27,4204,-7.856139183044434,9.126405715942383
27,4205,-7.607606887817383,7.577362060546875
27,4206,-7.007030487060547,9.706853866577148
27,4207,-8.816092491149902,4.9008402824401855
27,4208,-8.719829559326172,5.271600723266602
27,4209,-7.391043663024902,7.4858293533325195
27,4210,-7.376852989196777,9.614908218383789
27,4211,-8.198896408081055,5.587385177612305
27,4212,-6.849159240722656,7.283037185668945
28,4213,-9.796699523925781,8.125272750854492
28,4214,-8.317265510559082,6.15137243270874
28,4215,-7.58301305770874,6.637269973754883
28,4216,-7.610250473022461,2.9385838508605957
28,4217,-9.445954322814941,6.245054244995117
28,4218,-10.10188102722168,8.360282897949219
28,4219,-8.419568061828613,3.3419699668884277
28,4220,-9.433679580688477,7.562748432159424
28,4221,-7.708085060119629,3.4977478981018066
28,4222,-8.558648109436035,6.809708118438721
28,4223,-7.369910717010498,3.3714427947998047
28,4224,-8.481407165527344,8.982501983642578
28,4225,-7.703526020050049,6.073516368865967
28,4226,-8.030662536621094,6.7469892501831055
28,4227,-7.691178321838379,7.95615291595459
28,4228,-8.657303810119629,2.3799822330474854
28,4229,-7.161253929138184,9.757352828979492
28,4230,-8.187932968139648,8.272337913513184
28,4231,-9.310561180114746,7.88105583190918
28,4232,-8.20756721496582,4.936615943908691
28,4233,-8.08769702911377,5.151604652404785
28,4234,-7.66996431350708,4.812017440795898
28,4235,-8.921629905700684,6.425185203552246
28,4236,-8.884102821350098,1.0958502292633057
28,4237,-7.236859321594238,5.941817760467529
28,4238,-8.964330673217773,7.832071304321289
28,4239,-7.440659523010254,6.8642754554748535
28,4240,-10.731133460998535,2.1050009727478027
28,4241,-7.413488864898682,7.8055219650268555
28,4242,-10.363326072692871,2.960085391998291
28,4243,-9.096988677978516,6.442226886749268
28,4244,-7.269574165344238,9.753665924072266
28,4245,-7.489787578582764,3.1406168937683105
28,4246,-7.542786121368408,7.694862365722656
28,4247,-8.353740692138672,6.145925045013428
28,4248,-8.494707107543945,4.788257598876953
28,4249,-8.434103965759277,7.511436939239502
28,4250,-7.306967735290527,4.594754219055176
28,4251,-7.808703899383545,6.725939750671387
28,4252,-8.768721580505371,3.89752197265625
28,4253,-7.669286727905273,6.046492576599121
28,4254,-7.738924980163574,7.757434368133545
28,4255,-7.610915184020996,4.383656024932861
28,4256,-7.495453834533691,8.121570587158203
28,4257,-9.548360824584961,4.155919075012207
28,4258,-6.844243049621582,7.593304634094238
28,4259,-9.107254028320312,6.1235737800598145
28,4260,-8.730523109436035,7.732347011566162
28,4261,-8.277968406677246,2.724187135696411
28,4262,-6.619129180908203,8.000192642211914
28,4263,-7.988235950469971,5.266200065612793
28,4264,-9.146512985229492,5.0456085205078125
28,4265,-7.726290225982666,3.565484046936035
28,4266,-7.356579780578613,8.391215324401855
28,4267,-8.530435562133789,4.33422327041626
28,4268,-7.818909645080566,12.810638427734375
28,4269,-9.057190895080566,2.77974796295166
28,4270,-6.625336170196533,5.340732574462891
28,4271,-8.370281219482422,10.693477630615234
28,4272,-7.77626895904541,2.2081027030944824
28,4273,-8.642274856567383,6.1027069091796875
28,4274,-7.978973388671875,3.9015283584594727
28,4275,-7.158735275268555,3.6761550903320312
28,4276,-7.208977222442627,8.045608520507812
28,4277,-7.810857772827148,4.739026069641113
28,4278,-8.704998970031738,7.992011547088623
28,4279,-7.748578071594238,4.036438941955566
28,4280,-7.828393936157227,5.096013069152832
28,4281,-7.303905487060547,5.277827739715576
28,4282,-8.89316463470459,6.579099655151367
28,4283,-9.138524055480957,8.981807708740234
28,4284,-7.480759143829346,2.4024322032928467
28,4285,-7.743992805480957,10.323190689086914
28,4286,-9.801385879516602,3.6985700130462646
28,4287,-7.080557346343994,6.345974922180176
28,4288,-8.011472702026367,13.869609832763672
28,4289,-8.2636079788208,3.6295666694641113
28,4290,-8.292800903320312,5.943457126617432
28,4291,-7.0636887550354,7.438472270965576
28,4292,-7.852173805236816,8.705703735351562
28,4293,-8.978086471557617,9.558769226074219
28,4294,-7.503061771392822,3.3034310340881348
28,4295,-7.79496431350708,5.7377424240112305
28,4296,-8.125860214233398,6.431489944458008
28,4297,-7.63002872467041,4.367437362670898
28,4298,-6.877219200134277,2.1882598400115967
28,4299,-8.273531913757324,4.325741767883301
28,4300,-7.847702980041504,6.317480087280273
28,4301,-8.506410598754883,5.791790008544922
28,4302,-8.126083374023438,5.07167387008667
28,4303,-6.715946197509766,5.90921688079834
28,4304,-7.27852725982666,4.035317897796631
28,4305,-7.949007511138916,6.2119832038879395
28,4306,-8.079936027526855,6.930523872375488
28,4307,-6.713857650756836,5.947564125061035
28,4308,-9.086485862731934,4.64521598815918
28,4309,-6.674211025238037,6.3553571701049805
28,4310,-11.341184616088867,14.3603515625
28,4311,-6.963105201721191,5.193417549133301
28,4312,-7.27969217300415,5.045963287353516
28,4313,-8.441168785095215,1.738240361213684
28,4314,-8.734935760498047,4.941347599029541
28,4315,-8.780881881713867,8.424936294555664
28,4316,-8.716309547424316,0.2634257972240448
28,4317,-8.075742721557617,3.6216390132904053
28,4318,-6.512338638305664,8.826927185058594
28,4319,-7.060330390930176,11.044733047485352
28,4320,-6.989682197570801,4.4374847412109375
28,4321,-6.919009208679199,5.553269386291504
28,4322,-7.350762844085693,5.356042385101318
28,4323,-7.835002899169922,9.339881896972656
28,4324,-7.962597846984863,6.404209136962891
28,4325,-8.144627571105957,5.73270845413208
28,4326,-7.258890151977539,1.1987934112548828
28,4327,-8.274215698242188,6.5979204177856445
28,4328,-9.243973731994629,4.512664318084717
28,4329,-7.118089199066162,0.7740771174430847
28,4330,-7.552119255065918,5.695925712585449
28,4331,-8.666006088256836,3.9168310165405273
28,4332,-7.35814094543457,6.370358467102051
28,4333,-7.717960834503174,3.337235450744629
28,4334,-8.235428810119629,3.765613555908203
28,4335,-6.8285369873046875,5.375655174255371
28,4336,-6.971538543701172,3.0176336765289307
28,4337,-10.98690414428711,15.18161678314209
28,4338,-8.903619766235352,6.7592573165893555
28,4339,-7.907321929931641,7.691420078277588
28,4340,-9.069400787353516,3.9104156494140625
28,4341,-8.072187423706055,11.436527252197266
28,4342,-7.882853984832764,3.0957460403442383
28,4343,-7.463862895965576,7.971827507019043
28,4344,-7.163693904876709,4.242183685302734
28,4345,-9.38970947265625,4.188633918762207
28,4346,-7.253938674926758,3.400010585784912
28,4347,-8.805906295776367,5.7365312576293945
28,4348,-7.10328483581543,5.452489852905273
28,4349,-8.3348388671875,7.99070930480957
28,4350,-7.960419654846191,5.6419219970703125
28,4351,-7.16524600982666,4.375996112823486
28,4352,-8.726655960083008,2.8727660179138184
28,4353,-8.697528839111328,8.109119415283203
28,4354,-7.735225200653076,9.983537673950195
28,4355,-7.590701103210449,4.063252925872803
28,4356,-8.765097618103027,4.676166534423828
28,4357,-7.978106498718262,8.104436874389648
28,4358,-7.43689489364624,7.655907154083252
28,4359,-6.884648323059082,7.452051639556885
28,4360,-8.645551681518555,4.39609432220459
28,4361,-7.191797733306885,5.8125739097595215
28,4362,-7.573887348175049,7.286402702331543
28,4363,-7.844218730926514,3.6256186962127686
28,4364,-7.150326251983643,10.028419494628906
28,4365,-6.481917381286621,6.830789566040039
28,4366,-7.139273166656494,6.473979949951172
28,4367,-7.3391618728637695,6.322845935821533
28,4368,-9.19110107421875,6.727738380432129
29,4369,-7.829241752624512,5.802185535430908
29,4370,-8.660160064697266,3.25744366645813
29,4371,-10.716218948364258,4.764795303344727
29,4372,-7.7750372886657715,2.4979984760284424
29,4373,-7.354910850524902,3.658351421356201
29,4374,-8.729997634887695,8.138111114501953
29,4375,-7.642651557922363,5.49471378326416
29,4376,-8.022056579589844,6.264040946960449
29,4377,-10.285058975219727,9.447521209716797
29,4378,-7.9225616455078125,3.1412391662597656
29,4379,-8.493209838867188,6.596903324127197
29,4380,-7.956486225128174,5.077418804168701
29,4381,-7.59092378616333,5.300656795501709
29,4382,-7.236730575561523,6.748495101928711
29,4383,-7.971625328063965,4.52188777923584
29,4384,-9.354816436767578,12.0355863571167
29,4385,-10.154623031616211,2.05245041847229
29,4386,-7.518333911895752,6.432648658752441
29,4387,-8.378128051757812,10.838682174682617
29,4388,-8.39928913116455,4.150951385498047
29,4389,-6.955110549926758,7.612442970275879
29,4390,-8.208270072937012,6.999321937561035
29,4391,-7.41343355178833,5.2740349769592285
29,4392,-7.653100967407227,7.588112831115723
29,4393,-8.612781524658203,2.7432563304901123
29,4394,-7.150755405426025,8.74962329864502
29,4395,-7.830539703369141,9.173356056213379
29,4396,-8.52038860321045,5.905840873718262
29,4397,-7.766152381896973,5.263474464416504
29,4398,-8.535931587219238,7.293096542358398
29,4399,-9.164436340332031,7.199150562286377
29,4400,-8.010298728942871,5.610367298126221
29,4401,-7.230321884155273,6.229606628417969
29,4402,-9.213827133178711,0.5086797475814819
29,4403,-7.505852699279785,4.914513111114502
29,4404,-8.388842582702637,6.9363508224487305
29,4405,-7.996364593505859,7.778921127319336
29,4406,-8.684473991394043,4.155945777893066
29,4407,-10.319246292114258,6.06507682800293
29,4408,-9.188611030578613,8.220760345458984
29,4409,-6.542479991912842,4.326693534851074
29,4410,-7.480840682983398,4.114753246307373
29,4411,-7.093069076538086,3.7171616554260254
29,4412,-8.137587547302246,7.017401695251465
29,4413,-7.713994026184082,6.237472057342529
29,4414,-7.886223793029785,4.952421188354492
29,4415,-8.39482307434082,8.378886222839355
29,4416,-6.373700141906738,7.019679546356201
29,4417,-8.024397850036621,4.651343822479248
29,4418,-7.598989009857178,7.655608177185059
29,4419,-8.48381233215332,10.86198616027832
29,4420,-8.942066192626953,3.7994937896728516
29,4421,-6.951026916503906,10.277777671813965
29,4422,-7.205659866333008,4.86525297164917
29,4423,-8.281937599182129,10.743265151977539
29,4424,-8.685203552246094,5.797640800476074
29,4425,-8.202947616577148,10.52588939666748
29,4426,-7.588123321533203,7.246513366699219
29,4427,-7.646682262420654,10.984554290771484
29,4428,-9.702959060668945,6.505675315856934
29,4429,-7.896604061126709,4.620047092437744
29,4430,-9.617186546325684,6.8816022872924805
29,4431,-7.510696887969971,4.523087501525879
29,4432,-8.939168930053711,7.001434326171875
29,4433,-7.849452018737793,6.995354652404785
29,4434,-8.470993041992188,4.64670467376709
29,4435,-7.642270088195801,4.080840587615967
29,4436,-7.561882495880127,8.214978218078613
29,4437,-7.465504169464111,8.31334114074707
29,4438,-7.844680309295654,2.8966312408447266
29,4439,-7.044607162475586,9.088106155395508
29,4440,-8.588264465332031,4.371360778808594
29,4441,-8.13231086730957,6.6683125495910645
29,4442,-7.261988162994385,7.212854862213135
29,4443,-7.702910900115967,5.581767559051514
29,4444,-6.91094970703125,4.752886772155762
29,4445,-9.400337219238281,8.834405899047852
29,4446,-8.701152801513672,4.829680919647217
29,4447,-8.437015533447266,4.545878887176514
29,4448,-8.321694374084473,5.87407112121582
29,4449,-8.03106689453125,13.195537567138672
29,4450,-8.11790657043457,6.886587142944336
29,4451,-8.598360061645508,9.046638488769531
29,4452,-8.777447700500488,4.533485412597656
29,4453,-8.796916961669922,9.560627937316895
29,4454,-6.492794513702393,5.020039081573486
29,4455,-8.138899803161621,3.724498748779297
29,4456,-7.353067874908447,8.850541114807129
29,4457,-8.438446044921875,7.138236999511719
29,4458,-8.380478858947754,4.73013162612915
29,4459,-7.596099853515625,5.10688591003418
29,4460,-7.863167762756348,3.4806063175201416
29,4461,-8.370725631713867,2.801182746887207
29,4462,-8.053589820861816,3.572911500930786
29,4463,-7.599102973937988,6.501410007476807
29,4464,-6.93980073928833,7.704710006713867
29,4465,-6.672758102416992,4.715098857879639
29,4466,-7.611330986022949,7.40314245223999
29,4467,-6.757871150970459,4.341888427734375
29,4468,-7.154849052429199,7.7921600341796875
29,4469,-8.00002384185791,5.819169044494629
29,4470,-6.461859703063965,6.662652015686035
29,4471,-8.533347129821777,3.029330253601074
29,4472,-7.206244468688965,8.732478141784668
29,4473,-8.394625663757324,5.492902755737305
29,4474,-7.150883197784424,5.510492324829102
29,4475,-7.162970542907715,8.62813663482666
29,4476,-7.658234596252441,7.22613525390625
29,4477,-7.921058654785156,7.809115409851074
29,4478,-8.090058326721191,8.848112106323242
29,4479,-7.553966999053955,11.421874046325684
29,4480,-7.255340576171875,6.96958065032959
29,4481,-8.122447967529297,4.067936897277832
29,4482,-8.04974365234375,4.9424333572387695
29,4483,-6.327365875244141,7.501062393188477
29,4484,-7.357719421386719,5.322312355041504
29,4485,-8.128829956054688,7.564597129821777
29,4486,-8.225106239318848,6.701613426208496
29,4487,-8.442672729492188,4.365967750549316
29,4488,-7.787524700164795,7.7513933181762695
29,4489,-7.5168070793151855,7.8337507247924805
29,4490,-7.118535041809082,4.60038948059082
29,4491,-8.711043357849121,8.268512725830078
29,4492,-9.399444580078125,1.4445325136184692
29,4493,-8.244258880615234,12.09819507598877
29,4494,-7.052844524383545,4.520833492279053
29,4495,-8.988981246948242,9.945233345031738
29,4496,-7.030796527862549,3.3412110805511475
29,4497,-8.491339683532715,7.469263076782227
29,4498,-8.148921012878418,5.5905303955078125
29,4499,-8.948871612548828,3.895761013031006
29,4500,-8.258074760437012,11.887600898742676
29,4501,-7.944746494293213,5.710657119750977
29,4502,-7.978031158447266,3.6924242973327637
29,4503,-7.9913177490234375,9.812206268310547
29,4504,-9.1133451461792,3.4294655323028564
29,4505,-8.44154167175293,4.551547050476074
29,4506,-7.795248985290527,9.166601181030273
29,4507,-7.012942790985107,3.4946789741516113
29,4508,-7.554820537567139,8.367938995361328
29,4509,-6.981607437133789,4.851318836212158
29,4510,-7.640430927276611,5.727912902832031
29,4511,-7.6341633796691895,11.21589183807373
29,4512,-8.490288734436035,8.217452049255371
29,4513,-7.1531267166137695,8.923816680908203
29,4514,-7.994487762451172,6.6898345947265625
29,4515,-7.2123308181762695,6.859104156494141
29,4516,-6.7308149337768555,4.36098575592041
29,4517,-7.49725341796875,5.3198323249816895
29,4518,-7.613495349884033,8.288293838500977
29,4519,-6.72075891494751,7.840024948120117
29,4520,-7.516806125640869,5.182154178619385
29,4521,-6.727408409118652,7.484021186828613
29,4522,-8.052453994750977,9.025579452514648
29,4523,-7.569975852966309,10.1436767578125
29,4524,-7.474839210510254,4.345558166503906
30,4525,-8.078871726989746,8.808175086975098
30,4526,-7.147165775299072,7.54292106628418
30,4527,-7.719160079956055,4.578651428222656
30,4528,-7.941732406616211,12.163961410522461
30,4529,-8.127725601196289,5.8086466789245605
30,4530,-8.259134292602539,7.579593658447266
30,4531,-8.2094087600708,10.122918128967285
30,4532,-7.571040630340576,6.3375701904296875
30,4533,-7.517826080322266,7.93213415145874
30,4534,-7.899593830108643,4.063273906707764
30,4535,-7.691651821136475,10.15527057647705
30,4536,-8.578248977661133,10.797582626342773
30,4537,-8.375301361083984,7.620462894439697
30,4538,-8.73193645477295,4.162867546081543
30,4539,-6.70453405380249,1.858863115310669
30,4540,-7.708756446838379,6.990220069885254
30,4541,-8.51258659362793,9.464370727539062
30,4542,-7.515434741973877,4.95499324798584
30,4543,-8.14950942993164,8.82858943939209
30,4544,-8.846611976623535,1.4524844884872437
30,4545,-6.233724594116211,5.235030651092529
30,4546,-8.0491304397583,6.010081768035889
30,4547,-8.813161849975586,8.297204971313477
30,4548,-8.087239265441895,9.113605499267578
30,4549,-8.765985488891602,4.6744537353515625
30,4550,-7.480025291442871,8.017556190490723
30,4551,-7.849526882171631,7.934309959411621
30,4552,-8.328350067138672,7.119846343994141
30,4553,-7.634061336517334,1.6239206790924072
30,4554,-7.997971534729004,9.666707992553711
30,4555,-8.642946243286133,8.527032852172852
30,4556,-6.447761535644531,7.064205169677734
30,4557,-8.734474182128906,7.095648765563965
30,4558,-7.900489330291748,8.560348510742188
30,4559,-7.973047733306885,7.229262351989746
30,4560,-8.564690589904785,7.94666051864624
30,4561,-7.827287673950195,7.0564680099487305
30,4562,-8.861649513244629,6.796234130859375
30,4563,-8.343113899230957,8.813777923583984
30,4564,-8.02472972869873,9.21900463104248
30,4565,-9.103327751159668,6.708321571350098
30,4566,-8.872108459472656,13.339898109436035
30,4567,-9.092482566833496,1.82811439037323
30,4568,-7.754918575286865,12.651540756225586
30,4569,-7.44281530380249,8.693681716918945
30,4570,-5.913599967956543,3.9374446868896484
30,4571,-8.331615447998047,9.996992111206055
30,4572,-8.272883415222168,11.248104095458984
30,4573,-6.923046588897705,8.769935607910156
30,4574,-7.552370071411133,7.946232318878174
30,4575,-8.170514106750488,7.114200592041016
30,4576,-7.904569625854492,7.24158239364624
30,4577,-7.405796051025391,7.446870803833008
30,4578,-8.481805801391602,8.358489990234375
30,4579,-7.576203346252441,4.167410850524902
30,4580,-8.945910453796387,6.919587135314941
30,4581,-7.888313293457031,10.022189140319824
30,4582,-7.664464950561523,13.004225730895996
30,4583,-7.723710060119629,4.857149124145508
30,4584,-8.493727684020996,6.648508071899414
30,4585,-6.299426078796387,10.759389877319336
30,4586,-7.839323997497559,7.740236759185791
30,4587,-6.816073417663574,6.404078483581543
30,4588,-7.530792236328125,8.97768783569336
30,4589,-7.77175235748291,5.823942184448242
30,4590,-7.4204888343811035,8.426392555236816
30,4591,-8.383410453796387,6.771636009216309
30,4592,-8.15566349029541,10.282097816467285
30,4593,-7.666929244995117,2.5748825073242188
30,4594,-6.8646650314331055,4.249495029449463
30,4595,-7.999273300170898,8.951362609863281
30,4596,-8.069904327392578,3.5590362548828125
30,4597,-7.698299407958984,11.768239974975586
30,4598,-9.864319801330566,3.574779510498047
30,4599,-6.670223236083984,7.070582389831543
30,4600,-7.668425559997559,7.993838310241699
30,4601,-9.286092758178711,9.295692443847656
30,4602,-7.0989155769348145,6.472075939178467
30,4603,-7.860087871551514,8.80444049835205
30,4604,-6.469865798950195,7.428994178771973
30,4605,-8.105932235717773,7.385257244110107
30,4606,-7.809449195861816,13.189908981323242
30,4607,-9.780997276306152,3.8499298095703125
30,4608,-7.2568464279174805,6.324099540710449
30,4609,-7.443449020385742,11.041383743286133
30,4610,-7.919987201690674,9.984737396240234
30,4611,-7.941254615783691,9.202627182006836
30,4612,-7.990584373474121,10.245038986206055
30,4613,-8.940601348876953,2.9782662391662598
30,4614,-7.948715686798096,12.391504287719727
30,4615,-7.208410739898682,9.030800819396973
30,4616,-7.209848403930664,10.459850311279297
30,4617,-7.6011762619018555,8.97592830657959
30,4618,-8.475790977478027,11.911161422729492
30,4619,-7.647414207458496,10.820433616638184
30,4620,-8.6466703414917,8.571996688842773
30,4621,-6.760827541351318,7.305634021759033
30,4622,-6.968584060668945,6.460827350616455
30,4623,-6.666014671325684,7.4267964363098145
30,4624,-8.198448181152344,4.209586143493652
30,4625,-7.855298042297363,7.020047187805176
30,4626,-8.054851531982422,7.427557945251465
30,4627,-7.4763360023498535,8.931985855102539
30,4628,-7.370316028594971,7.79534912109375
30,4629,-8.031368255615234,9.984535217285156
30,4630,-7.625443458557129,7.205046653747559
30,4631,-7.844375133514404,6.971225261688232
30,4632,-7.701369285583496,7.8580827713012695
30,4633,-7.965641975402832,7.091063499450684
30,4634,-7.825109004974365,8.182168960571289
30,4635,-8.443920135498047,0.6555697917938232
30,4636,-7.067885398864746,10.454412460327148
30,4637,-7.559671401977539,6.716020584106445
30,4638,-7.268160343170166,7.787261009216309
30,4639,-8.07737922668457,5.963641166687012
30,4640,-8.082121849060059,8.606836318969727
30,4641,-7.56942892074585,9.362005233764648
30,4642,-7.385713577270508,11.219083786010742
30,4643,-8.814305305480957,7.64474630355835
30,4644,-7.672896862030029,9.84060287475586
30,4645,-7.198760986328125,4.403415203094482
30,4646,-7.702939033508301,6.081341743469238
30,4647,-5.853188991546631,5.970907211303711
30,4648,-7.601861953735352,4.217560291290283
30,4649,-8.269989013671875,11.90821361541748
30,4650,-8.583514213562012,4.844244003295898
30,4651,-7.988528251647949,3.9261577129364014
30,4652,-8.428966522216797,9.016254425048828
30,4653,-7.5267229080200195,8.77998161315918
30,4654,-8.026019096374512,8.721206665039062
30,4655,-8.244627952575684,9.950834274291992
30,4656,-7.611359596252441,14.557853698730469
30,4657,-8.888049125671387,6.559721946716309
30,4658,-6.744807243347168,7.580996036529541
30,4659,-7.384881973266602,6.222741603851318
30,4660,-6.201383590698242,9.211753845214844
30,4661,-7.581186771392822,7.66401481628418
30,4662,-8.553094863891602,5.5802106857299805
30,4663,-7.434447288513184,5.431132793426514
30,4664,-8.48262882232666,9.85966682434082
30,4665,-8.37033462524414,10.960168838500977
30,4666,-10.963165283203125,0.6006572246551514
30,4667,-6.5190534591674805,6.774251461029053
30,4668,-7.031384468078613,6.727267742156982
30,4669,-8.129997253417969,9.54485034942627
30,4670,-9.251002311706543,6.999795436859131
30,4671,-6.8968305587768555,4.924406051635742
30,4672,-7.220714092254639,10.519340515136719
30,4673,-7.762912273406982,4.900753021240234
30,4674,-7.393923759460449,6.381209373474121
30,4675,-7.735141754150391,9.8117036819458
30,4676,-8.266168594360352,8.264252662658691
30,4677,-7.448463439941406,5.343392372131348
30,4678,-8.541701316833496,3.348951816558838
30,4679,-7.757659435272217,11.181036949157715
30,4680,-7.516616344451904,1.3378257751464844
31,4681,-7.508683204650879,2.7364718914031982
31,4682,-8.230232238769531,8.006492614746094
31,4683,-8.070501327514648,5.093625068664551
31,4684,-7.058396339416504,5.384792804718018
31,4685,-7.785091876983643,6.1939215660095215
31,4686,-8.282637596130371,5.253992557525635
31,4687,-8.085680961608887,3.746016263961792
31,4688,-8.096709251403809,8.175604820251465
31,4689,-7.123117923736572,12.945024490356445
31,4690,-9.08096694946289,4.171878814697266
31,4691,-6.577885627746582,6.3148064613342285
31,4692,-7.816934585571289,10.94868278503418
31,4693,-7.875438213348389,5.291779518127441
31,4694,-7.785414695739746,8.138740539550781
31,4695,-7.949278831481934,9.583051681518555
31,4696,-8.74158763885498,5.909729480743408
31,4697,-8.24294662475586,7.394009113311768
31,4698,-8.158855438232422,8.767309188842773
31,4699,-8.6878080368042,7.892149448394775
31,4700,-8.079363822937012,7.5664963722229
31,4701,-8.32349967956543,5.563094139099121
31,4702,-6.602628231048584,8.576032638549805
31,4703,-7.5305376052856445,4.858336448669434
31,4704,-9.13833236694336,8.590991973876953
31,4705,-7.878093719482422,7.850982189178467
31,4706,-7.068081855773926,8.778118133544922
31,4707,-8.146634101867676,3.8207430839538574
31,4708,-7.497044086456299,10.66795825958252
31,4709,-7.269704818725586,3.524383544921875
31,4710,-7.70848274230957,8.164063453674316
31,4711,-8.196752548217773,3.963895797729492
31,4712,-7.4273176193237305,7.6828813552856445
31,4713,-8.383041381835938,8.81093692779541
31,4714,-7.746216773986816,6.270977020263672
31,4715,-7.153710842132568,8.595680236816406
31,4716,-7.741009712219238,5.116817474365234
31,4717,-7.630854606628418,1.3745803833007812
31,4718,-8.341151237487793,12.305246353149414
31,4719,-8.977396011352539,8.117365837097168
31,4720,-7.342875957489014,11.865196228027344
31,4721,-7.992063999176025,4.865937232971191
31,4722,-9.092475891113281,8.89419174194336
31,4723,-9.484365463256836,9.70965576171875
31,4724,-7.378115177154541,7.437333106994629
31,4725,-8.933290481567383,9.23293685913086
31,4726,-7.763853073120117,2.4992048740386963
31,4727,-8.726357460021973,2.8653860092163086
31,4728,-8.313616752624512,4.6971635818481445
31,4729,-8.329754829406738,10.045963287353516
31,4730,-8.537039756774902,7.57098913192749
31,4731,-7.89885950088501,6.791777610778809
31,4732,-7.434839248657227,7.9859747886657715
31,4733,-7.345426559448242,6.763651371002197
31,4734,-7.011085510253906,7.437976360321045
31,4735,-7.97871208190918,9.435523986816406
31,4736,-9.123308181762695,5.274913311004639
31,4737,-6.679379463195801,6.792707920074463
31,4738,-7.847687721252441,3.60302996635437
31,4739,-6.365335464477539,7.072135925292969
31,4740,-9.813586235046387,11.478404998779297
31,4741,-6.787380218505859,7.637800216674805
31,4742,-8.28528881072998,8.061601638793945
31,4743,-8.661293983459473,5.833654880523682
31,4744,-7.053165912628174,6.927484035491943
31,4745,-8.714678764343262,7.434694290161133
31,4746,-7.317534446716309,9.314254760742188
31,4747,-6.832813262939453,7.4406561851501465
31,4748,-7.140380859375,7.546205520629883
31,4749,-7.397175312042236,10.48238754272461
31,4750,-7.061139106750488,6.880091667175293
31,4751,-7.237522125244141,10.924312591552734
31,4752,-8.391746520996094,7.877904415130615
31,4753,-7.619170188903809,7.95055627822876
31,4754,-8.173367500305176,8.296547889709473
31,4755,-7.648195266723633,13.195098876953125
31,4756,-6.901009559631348,3.614826202392578
31,4757,-7.192162990570068,9.952615737915039
31,4758,-7.885455131530762,5.510207653045654
31,4759,-7.619429588317871,4.699127197265625
31,4760,-7.844294548034668,3.3637356758117676
31,4761,-8.824941635131836,6.108299255371094
31,4762,-7.999833106994629,3.594607353210449
31,4763,-8.109456062316895,4.069310188293457
31,4764,-8.38680362701416,12.106109619140625
31,4765,-8.207999229431152,8.544078826904297
31,4766,-8.458564758300781,4.6170172691345215
31,4767,-9.226906776428223,5.705181121826172
31,4768,-7.63161039352417,1.9561947584152222
31,4769,-7.325357437133789,6.014791488647461
31,4770,-8.129074096679688,6.727678298950195
31,4771,-7.889530658721924,9.323318481445312
31,4772,-8.823579788208008,9.246377944946289
31,4773,-6.511518478393555,2.4969944953918457
31,4774,-8.808623313903809,13.862895965576172
31,4775,-7.381614685058594,7.575108528137207
31,4776,-8.099845886230469,7.690859794616699
31,4777,-7.972137451171875,3.8664252758026123
31,4778,-7.5743632316589355,3.7853755950927734
31,4779,-8.34207820892334,8.206809997558594
31,4780,-6.938358306884766,6.814875602722168
31,4781,-7.962477684020996,1.2100040912628174
31,4782,-8.047183990478516,10.313599586486816
31,4783,-8.427328109741211,8.105045318603516
31,4784,-7.116361141204834,10.243988990783691
31,4785,-6.4223151206970215,5.852688789367676
31,4786,-6.39594030380249,8.745448112487793
31,4787,-8.380720138549805,9.411981582641602
31,4788,-7.477872371673584,7.515572547912598
31,4789,-8.533607482910156,6.20987606048584
31,4790,-7.663376331329346,9.916572570800781
31,4791,-6.580082416534424,6.873642921447754
31,4792,-5.5567169189453125,4.872284889221191
31,4793,-7.457486629486084,5.646639823913574
31,4794,-8.374298095703125,10.228981018066406
31,4795,-6.769235134124756,4.558869361877441
31,4796,-7.537998676300049,4.598404884338379
31,4797,-7.28133487701416,12.218769073486328
31,4798,-7.816766738891602,5.7133026123046875
31,4799,-6.925735950469971,7.397675514221191
31,4800,-9.070571899414062,6.821526050567627
31,4801,-7.7584452629089355,8.075639724731445
31,4802,-7.271904945373535,6.3062334060668945
31,4803,-6.566024303436279,7.147245407104492
31,4804,-9.02624225616455,9.686746597290039
31,4805,-6.297646999359131,10.74032974243164
31,4806,-7.207961082458496,7.386972427368164
31,4807,-6.724034786224365,5.659303188323975
31,4808,-7.910090446472168,10.680989265441895
31,4809,-7.830893039703369,8.387935638427734
31,4810,-6.987512111663818,9.765558242797852
31,4811,-7.827715873718262,5.761434078216553
31,4812,-6.712350368499756,7.412786960601807
31,4813,-9.724710464477539,10.345146179199219
31,4814,-5.942748069763184,9.575843811035156
31,4815,-7.648778438568115,3.197671413421631
31,4816,-7.174890995025635,11.928762435913086
31,4817,-8.212435722351074,5.726810932159424
31,4818,-7.325240135192871,7.21522331237793
31,4819,-6.795926094055176,7.785362720489502
31,4820,-9.080774307250977,12.098573684692383
31,4821,-7.11100435256958,7.948125839233398
31,4822,-7.152791976928711,5.568836688995361
31,4823,-7.984065532684326,9.828876495361328
31,4824,-7.867794513702393,7.137694835662842
31,4825,-7.562180519104004,7.653386116027832
31,4826,-7.494175910949707,5.850785732269287
31,4827,-7.906162738800049,3.7865309715270996
31,4828,-7.697661399841309,5.572273254394531
31,4829,-9.135231018066406,8.6838960647583
31,4830,-9.8263578414917,4.112118721008301
31,4831,-7.36751651763916,10.256372451782227
31,4832,-6.8763747215271,10.55813980102539
31,4833,-7.482856273651123,2.532107353210449
31,4834,-8.232062339782715,7.344049453735352
31,4835,-6.449582099914551,7.315258502960205
31,4836,-8.559991836547852,9.836727142333984
32,4837,-8.236076354980469,2.7242555618286133
32,4838,-7.619668483734131,7.524697780609131
32,4839,-7.88270378112793,7.730314254760742
32,4840,-7.43599796295166,8.014362335205078
32,4841,-8.227776527404785,4.782876968383789
32,4842,-6.96802282333374,8.828620910644531
32,4843,-6.763943672180176,9.51048755645752
32,4844,-7.85359001159668,10.714105606079102
32,4845,-8.48813247680664,6.750099182128906
32,4846,-7.917671203613281,12.501985549926758
32,4847,-9.08427619934082,6.172711372375488
32,4848,-6.91182804107666,7.040980339050293
32,4849,-8.58961296081543,9.881540298461914
32,4850,-7.023077964782715,11.95469856262207
32,4851,-7.9711456298828125,9.20700454711914
32,4852,-6.814265251159668,6.876528739929199
32,4853,-7.543271064758301,10.197189331054688
32,4854,-7.800663948059082,6.6034836769104
32,4855,-6.981841087341309,9.057502746582031
32,4856,-7.9653000831604,8.060140609741211
32,4857,-8.122879028320312,11.662446022033691
32,4858,-7.6300153732299805,11.24400520324707
32,4859,-6.848788738250732,6.901515007019043
32,4860,-6.2162652015686035,8.228290557861328
32,4861,-7.215770721435547,8.850650787353516
32,4862,-7.511290550231934,3.9462575912475586
32,4863,-8.095361709594727,7.731719017028809
32,4864,-7.734487533569336,9.601805686950684
32,4865,-7.7481184005737305,8.876468658447266
32,4866,-7.760346412658691,5.748315811157227
32,4867,-8.007211685180664,13.646455764770508
32,4868,-8.46835708618164,4.6072492599487305
32,4869,-7.6246256828308105,10.587903022766113
32,4870,-8.172200202941895,6.042637825012207
32,4871,-8.040925979614258,5.4955244064331055
32,4872,-8.756757736206055,7.5140252113342285
32,4873,-9.718315124511719,14.357524871826172
32,4874,-6.397681713104248,6.74936580657959
32,4875,-7.964929580688477,5.661989212036133
32,4876,-7.589107513427734,8.700721740722656
32,4877,-7.9984941482543945,8.123236656188965
32,4878,-8.364161491394043,4.979926109313965
32,4879,-8.35806941986084,8.672185897827148
32,4880,-9.137680053710938,10.739513397216797
32,4881,-8.384521484375,3.5100114345550537
32,4882,-7.966296672821045,5.495879650115967
32,4883,-7.7006916999816895,7.666067123413086
32,4884,-6.748432636260986,6.798700332641602
32,4885,-9.210404396057129,8.6133451461792
32,4886,-7.925633430480957,8.660888671875
32,4887,-6.804593563079834,3.422778606414795
32,4888,-7.151446342468262,6.309153079986572
32,4889,-7.173340797424316,9.126964569091797
32,4890,-6.373000144958496,10.046436309814453
32,4891,-7.208001136779785,10.746785163879395
32,4892,-7.234272480010986,7.802973747253418
32,4893,-7.5211896896362305,9.986356735229492
32,4894,-8.649425506591797,11.390389442443848
32,4895,-8.278304100036621,4.906668186187744
32,4896,-7.503789901733398,6.976913928985596
32,4897,-7.327846527099609,7.247339248657227
32,4898,-7.739141464233398,7.540306568145752
32,4899,-6.576810359954834,9.308195114135742
32,4900,-7.14758825302124,7.879580020904541
32,4901,-7.964424133300781,9.494420051574707
32,4902,-7.609616756439209,7.781728744506836
32,4903,-10.051234245300293,4.6582441329956055
32,4904,-8.986502647399902,14.669965744018555
32,4905,-6.025830268859863,4.028151512145996
32,4906,-7.111043453216553,9.31391716003418
32,4907,-6.89237117767334,6.892096042633057
32,4908,-8.403447151184082,6.586902618408203
32,4909,-7.909002780914307,9.001394271850586
32,4910,-7.809028625488281,7.810222148895264
32,4911,-7.665340900421143,9.454803466796875
32,4912,-7.474668502807617,6.403656482696533
32,4913,-6.797153472900391,9.697225570678711
32,4914,-9.264213562011719,7.051056861877441
32,4915,-8.070685386657715,11.548044204711914
32,4916,-5.411716938018799,7.394097328186035
32,4917,-8.505070686340332,5.976192474365234
32,4918,-7.2609052658081055,5.552482604980469
32,4919,-7.981966972351074,11.451009750366211
32,4920,-6.791579246520996,9.187753677368164
32,4921,-6.6738362312316895,12.256587028503418
32,4922,-8.140756607055664,10.940040588378906
32,4923,-8.44548511505127,6.3444929122924805
32,4924,-8.421186447143555,10.539735794067383
32,4925,-8.827040672302246,11.266192436218262
32,4926,-8.742578506469727,6.181452751159668
32,4927,-8.529937744140625,11.71647834777832
32,4928,-6.575674057006836,5.8563642501831055
32,4929,-7.3656463623046875,2.9854722023010254
32,4930,-6.409488677978516,7.913012504577637
32,4931,-7.938541412353516,7.857781410217285
32,4932,-8.052391052246094,3.9504880905151367
32,4933,-6.561274528503418,8.38798713684082
32,4934,-6.70021390914917,5.226557731628418
32,4935,-7.637480735778809,8.381162643432617
32,4936,-7.3757829666137695,4.19450569152832
32,4937,-7.905063152313232,8.52890396118164
32,4938,-7.751289367675781,2.6346919536590576
32,4939,-7.2605791091918945,7.743866920471191
32,4940,-8.8897705078125,9.568260192871094
32,4941,-7.069487571716309,5.075525283813477
32,4942,-7.880409240722656,11.807037353515625
32,4943,-10.33897876739502,9.718923568725586
32,4944,-6.015931129455566,6.509862899780273
32,4945,-8.250862121582031,11.112936019897461
32,4946,-9.147248268127441,4.124488353729248
32,4947,-8.767287254333496,3.2671024799346924
32,4948,-7.362536430358887,8.498306274414062
32,4949,-7.018546104431152,4.139082908630371
32,4950,-8.964950561523438,9.935826301574707
32,4951,-7.275705337524414,9.53645133972168
32,4952,-6.864558219909668,3.3849384784698486
32,4953,-9.343201637268066,13.581022262573242
32,4954,-7.504691123962402,5.410860061645508
32,4955,-7.206428050994873,7.423874855041504
32,4956,-8.168440818786621,10.278706550598145
32,4957,-8.811220169067383,7.54949951171875
32,4958,-7.3662214279174805,7.171303749084473
32,4959,-7.379537105560303,10.898466110229492
32,4960,-7.162930488586426,9.323104858398438
32,4961,-7.535290241241455,9.291366577148438
32,4962,-8.004594802856445,7.7979841232299805
32,4963,-6.007516860961914,11.819345474243164
32,4964,-8.521904945373535,4.904568672180176
32,4965,-7.119806289672852,10.25230598449707
32,4966,-8.0180082321167,0.14206376671791077
32,4967,-6.533512592315674,5.638299942016602
32,4968,-9.296871185302734,9.384943008422852
32,4969,-7.07638692855835,4.187209129333496
32,4970,-7.890858173370361,7.221652984619141
32,4971,-7.458648681640625,8.141383171081543
32,4972,-7.055995941162109,6.533988952636719
32,4973,-7.590483665466309,4.709781646728516
32,4974,-7.292971611022949,2.702009677886963
32,4975,-7.244376182556152,11.264946937561035
32,4976,-7.782217979431152,5.231799125671387
32,4977,-9.57492446899414,10.293153762817383
32,4978,-7.774792671203613,1.699853539466858
32,4979,-6.827483177185059,7.55256462097168
32,4980,-7.091017723083496,10.603290557861328
32,4981,-8.063003540039062,10.35651969909668
32,4982,-7.210218906402588,4.693685531616211
32,4983,-9.080955505371094,8.09040641784668
32,4984,-7.549675941467285,3.604970693588257
32,4985,-7.766543388366699,12.22154426574707
32,4986,-7.590039253234863,3.695345401763916
32,4987,-6.9241485595703125,6.40187931060791
32,4988,-7.375545501708984,7.263491153717041
32,4989,-7.795426845550537,11.888984680175781
32,4990,-7.285351753234863,5.805241584777832
32,4991,-8.424979209899902,10.216472625732422
32,4992,-6.686587333679199,5.112030982971191
33,4993,-8.685506820678711,5.086522102355957
33,4994,-7.6386494636535645,7.159723281860352
33,4995,-8.620048522949219,11.282693862915039
33,4996,-8.316157341003418,1.437376618385315
33,4997,-9.381121635437012,1.4703456163406372
33,4998,-6.985808372497559,8.690832138061523
33,4999,-9.401327133178711,14.102961540222168
33,5000,-6.8654351234436035,4.836771011352539
33,5001,-6.687025547027588,7.847131729125977
33,5002,-7.785505771636963,6.620568752288818
33,5003,-7.535828590393066,6.930290222167969
33,5004,-9.243809700012207,7.238596439361572
33,5005,-7.224856376647949,9.837913513183594
33,5006,-7.952418327331543,4.310389041900635
33,5007,-6.341107368469238,10.617263793945312
33,5008,-6.851879119873047,6.060338973999023
33,5009,-6.6883111000061035,10.676794052124023
33,5010,-7.587444305419922,9.209287643432617
33,5011,-6.949690818786621,11.820867538452148
33,5012,-8.49222183227539,9.60341739654541
33,5013,-8.018699645996094,9.101849555969238
33,5014,-10.194158554077148,5.937784194946289
33,5015,-9.382946014404297,14.874421119689941
33,5016,-7.410848140716553,0.9381582140922546
33,5017,-6.819359302520752,4.917353630065918
33,5018,-8.682032585144043,8.789820671081543
33,5019,-6.576019763946533,9.074554443359375
33,5020,-8.004051208496094,8.192643165588379
33,5021,-6.259417533874512,7.990909099578857
33,5022,-7.510477066040039,6.988509178161621
33,5023,-7.116820812225342,5.409664154052734
33,5024,-7.78864860534668,10.033499717712402
33,5025,-7.575641632080078,9.158863067626953
33,5026,-6.516488552093506,6.195884704589844
33,5027,-8.017292976379395,6.996340751647949
33,5028,-7.6229095458984375,3.699066162109375
33,5029,-7.831404209136963,10.790918350219727
33,5030,-8.481045722961426,13.343689918518066
33,5031,-8.577821731567383,9.778387069702148
33,5032,-9.068436622619629,5.283270835876465
33,5033,-7.394950866699219,10.25168228149414
33,5034,-8.001971244812012,9.328733444213867
33,5035,-7.7160258293151855,8.928218841552734
33,5036,-7.125176906585693,14.490045547485352
33,5037,-7.439713001251221,13.804727554321289
33,5038,-7.572420120239258,7.150393486022949
33,5039,-7.42775821685791,7.313161849975586
33,5040,-7.349869728088379,12.712989807128906
33,5041,-6.646673679351807,11.63083267211914
33,5042,-6.887600898742676,7.499953269958496
33,5043,-7.935687065124512,12.336654663085938
33,5044,-7.795767307281494,6.628089904785156
33,5045,-7.153075218200684,5.249761581420898
33,5046,-8.81719970703125,12.914421081542969
33,5047,-6.674036979675293,7.671281814575195
33,5048,-6.863088130950928,9.680268287658691
33,5049,-9.109723091125488,6.700595855712891
33,5050,-6.4921698570251465,11.88735294342041
33,5051,-7.886986255645752,8.67643928527832
33,5052,-6.877389907836914,8.406905174255371
33,5053,-8.55112075805664,10.4180326461792
33,5054,-8.11126708984375,-0.31999069452285767
33,5055,-6.687925815582275,9.077933311462402
33,5056,-7.580814361572266,7.357237815856934
33,5057,-8.333005905151367,8.979043006896973
33,5058,-7.636325836181641,8.78091812133789
33,5059,-7.352956771850586,8.006935119628906
33,5060,-7.895957946777344,8.89647388458252
33,5061,-7.679288864135742,6.792288780212402
33,5062,-7.971001625061035,10.046074867248535
33,5063,-8.321102142333984,7.8958587646484375
33,5064,-6.8941650390625,7.640285968780518
33,5065,-9.180805206298828,11.795869827270508
33,5066,-7.372471332550049,7.147303581237793
33,5067,-7.482400894165039,8.807424545288086
33,5068,-7.886467933654785,12.254547119140625
33,5069,-6.953893661499023,10.172828674316406
33,5070,-6.972212791442871,8.631227493286133
33,5071,-7.935389518737793,14.449655532836914
33,5072,-8.730140686035156,10.241270065307617
33,5073,-7.215899467468262,11.404848098754883
33,5074,-8.32819652557373,5.006051063537598
33,5075,-6.640301704406738,10.252609252929688
33,5076,-7.446109771728516,11.530237197875977
33,5077,-9.394484519958496,4.549867630004883
33,5078,-6.338901996612549,9.635509490966797
33,5079,-8.196171760559082,5.778054237365723
33,5080,-7.716454982757568,9.224416732788086
33,5081,-7.239247798919678,8.292449951171875
33,5082,-8.579259872436523,8.474813461303711
33,5083,-9.343424797058105,7.718591690063477
33,5084,-6.996318817138672,12.169816970825195
33,5085,-7.32765007019043,5.528532981872559
33,5086,-7.56411075592041,9.033296585083008
33,5087,-7.39990234375,8.858467102050781
33,5088,-7.082500457763672,7.922754287719727
33,5089,-7.873100280761719,8.601988792419434
33,5090,-6.666321754455566,5.836830139160156
33,5091,-7.010345458984375,7.428588390350342
33,5092,-7.7831315994262695,5.824678421020508
33,5093,-8.29272747039795,9.140111923217773
33,5094,-7.844352722167969,10.749824523925781
33,5095,-7.627444267272949,7.60360050201416
33,5096,-8.128746032714844,5.367192268371582
33,5097,-7.712209701538086,5.489864349365234
33,5098,-9.25373649597168,5.89216423034668
33,5099,-8.204936027526855,9.202892303466797
33,5100,-7.180144786834717,11.64477252960205
33,5101,-9.038788795471191,7.8990325927734375
33,5102,-8.436125755310059,8.26835823059082
33,5103,-6.22279167175293,7.764413833618164
33,5104,-7.001650810241699,9.867255210876465
33,5105,-7.889592170715332,13.76668930053711
33,5106,-6.954087734222412,4.50160026550293
33,5107,-7.619366645812988,11.879873275756836
33,5108,-7.547469139099121,8.919513702392578
33,5109,-7.304165840148926,8.059625625610352
33,5110,-7.049400329589844,10.130359649658203
33,5111,-7.689769268035889,5.771775245666504
33,5112,-6.798964023590088,8.092625617980957
33,5113,-6.744525909423828,10.104880332946777
33,5114,-8.132796287536621,10.935230255126953
33,5115,-6.809101104736328,8.091225624084473
33,5116,-8.624202728271484,9.460151672363281
33,5117,-7.883606910705566,9.277915954589844
33,5118,-7.061406135559082,9.437662124633789
33,5119,-7.946471691131592,9.949577331542969
33,5120,-7.6840386390686035,13.219428062438965
33,5121,-7.015076160430908,8.7694673538208
33,5122,-6.340190887451172,9.51453971862793
33,5123,-7.451366901397705,7.8803205490112305
33,5124,-6.704465866088867,9.211413383483887
33,5125,-8.693923950195312,12.580942153930664
33,5126,-6.378161430358887,9.643875122070312
33,5127,-8.193900108337402,7.481020927429199
33,5128,-7.9762067794799805,9.786253929138184
33,5129,-7.040114402770996,6.320594787597656
33,5130,-7.689039707183838,8.895421981811523
33,5131,-7.361543655395508,3.87496280670166
33,5132,-7.765981674194336,9.574953079223633
33,5133,-7.947782516479492,5.915927886962891
33,5134,-7.335065841674805,5.3907012939453125
33,5135,-7.513474941253662,4.938641548156738
33,5136,-9.032781600952148,12.06049919128418
33,5137,-8.001720428466797,6.795777320861816
33,5138,-7.51347017288208,7.237591743469238
33,5139,-8.301462173461914,9.71607494354248
33,5140,-6.755659580230713,4.762956619262695
33,5141,-7.9669694900512695,12.096102714538574
33,5142,-6.686582565307617,7.607902526855469
33,5143,-9.259025573730469,12.341636657714844
33,5144,-7.781511306762695,10.050712585449219
33,5145,-7.8139753341674805,9.93053150177002
33,5146,-7.330756187438965,8.615877151489258
33,5147,-7.0927934646606445,8.917847633361816
33,5148,-7.214678764343262,9.990501403808594
34,5149,-8.08008861541748,8.628129005432129
34,5150,-6.859427452087402,10.979708671569824
34,5151,-6.987337589263916,12.870603561401367
34,5152,-8.677417755126953,2.6223580837249756
34,5153,-7.0112714767456055,12.388479232788086
34,5154,-6.785367965698242,7.128460884094238
34,5155,-7.376981735229492,10.77991008758545
34,5156,-8.54759693145752,8.104623794555664
34,5157,-7.883195877075195,10.723162651062012
34,5158,-7.741930961608887,13.032413482666016
34,5159,-7.676771640777588,8.224513053894043
34,5160,-7.931076526641846,7.919627666473389
34,5161,-8.676321029663086,11.880208969116211
34,5162,-8.237519264221191,5.948436260223389
34,5163,-8.314580917358398,12.707136154174805
34,5164,-7.554025173187256,5.465298652648926
34,5165,-8.417945861816406,8.077014923095703
34,5166,-8.155233383178711,8.812276840209961
34,5167,-6.809324264526367,7.698504447937012
34,5168,-8.01032829284668,7.73848819732666
34,5169,-8.292864799499512,6.8956298828125
34,5170,-8.98397445678711,5.620307922363281
34,5171,-8.21031379699707,9.41236686706543
34,5172,-8.185004234313965,3.4240305423736572
34,5173,-10.920707702636719,13.856973648071289
34,5174,-7.222254276275635,7.926484107971191
34,5175,-7.354833602905273,5.8998517990112305
34,5176,-6.8671112060546875,7.301198959350586
34,5177,-7.447818756103516,6.772120475769043
34,5178,-7.01898717880249,11.813957214355469
34,5179,-7.438615798950195,6.039761066436768
34,5180,-8.306833267211914,11.981548309326172
34,5181,-6.971950054168701,4.378268241882324
34,5182,-7.780292510986328,7.106971740722656
34,5183,-8.264683723449707,12.743804931640625
34,5184,-8.249320983886719,5.214836120605469
34,5185,-7.890507221221924,7.92100191116333
34,5186,-7.252631664276123,9.186279296875
34,5187,-7.688784122467041,8.871161460876465
34,5188,-7.868340015411377,5.659901142120361
34,5189,-8.239949226379395,9.527711868286133
34,5190,-7.465101718902588,4.786887168884277
34,5191,-7.620915412902832,4.992255210876465
34,5192,-7.75301456451416,6.853786468505859
34,5193,-8.022754669189453,4.48615837097168
34,5194,-7.772282600402832,9.78030776977539
34,5195,-7.527043342590332,4.541987419128418
34,5196,-6.640054225921631,5.418915748596191
34,5197,-8.655192375183105,2.632087469100952
34,5198,-6.585338592529297,13.468315124511719
34,5199,-7.489925384521484,6.767856597900391
34,5200,-7.4948320388793945,10.097719192504883
34,5201,-7.868805885314941,10.702740669250488
34,5202,-7.205294132232666,11.64699935913086
34,5203,-8.351723670959473,10.701635360717773
34,5204,-7.187438011169434,5.587582111358643
34,5205,-7.667807102203369,8.958499908447266
34,5206,-7.410427093505859,10.3230619430542
34,5207,-6.387906074523926,8.490455627441406
34,5208,-8.012145042419434,5.812496185302734
34,5209,-8.198631286621094,10.614106178283691
34,5210,-8.6550874710083,8.178316116333008
34,5211,-8.35380744934082,8.390738487243652
34,5212,-7.620169639587402,8.901582717895508
34,5213,-7.828493595123291,6.3661112785339355
34,5214,-7.074554443359375,10.542215347290039
34,5215,-8.610854148864746,10.064659118652344
34,5216,-7.737954616546631,3.932342529296875
34,5217,-7.25885534286499,13.021308898925781
34,5218,-6.457099914550781,4.795098304748535
34,5219,-7.191112518310547,9.226049423217773
34,5220,-8.871131896972656,7.862637042999268
34,5221,-6.636390209197998,12.667289733886719
34,5222,-6.896821022033691,7.6890716552734375
34,5223,-7.89603853225708,5.981943130493164
34,5224,-6.979960918426514,9.600942611694336
34,5225,-8.197798728942871,8.863523483276367
34,5226,-9.254039764404297,2.6736373901367188
34,5227,-7.324425220489502,9.335878372192383
34,5228,-8.424203872680664,8.693767547607422
34,5229,-7.322482109069824,1.5925334692001343
34,5230,-6.4481353759765625,4.0988335609436035
34,5231,-7.275357246398926,8.277210235595703
34,5232,-8.480891227722168,9.578374862670898
34,5233,-9.570401191711426,9.010854721069336
34,5234,-6.6759796142578125,8.927247047424316
34,5235,-6.425919532775879,6.512463569641113
34,5236,-6.723642349243164,5.876430034637451
34,5237,-6.495388507843018,8.138507843017578
34,5238,-8.392335891723633,5.2812113761901855
34,5239,-7.528264045715332,12.09070873260498
34,5240,-8.426319122314453,6.4350361824035645
34,5241,-7.053842544555664,8.147822380065918
34,5242,-9.611360549926758,4.059924125671387
34,5243,-9.135885238647461,17.157825469970703
34,5244,-7.020051956176758,8.750335693359375
34,5245,-7.162430763244629,5.9007248878479
34,5246,-7.20149040222168,9.465743064880371
34,5247,-6.074499130249023,7.173592567443848
34,5248,-7.500951290130615,8.095226287841797
34,5249,-7.816286087036133,8.068997383117676
34,5250,-7.286843776702881,10.447233200073242
34,5251,-6.9250640869140625,9.517650604248047
34,5252,-8.864431381225586,4.062020778656006
34,5253,-7.809869766235352,10.790157318115234
34,5254,-8.20614242553711,6.930919170379639
34,5255,-7.197793483734131,7.138594150543213
34,5256,-8.816510200500488,2.4479403495788574
34,5257,-8.086462020874023,9.75184440612793
34,5258,-7.187750816345215,0.5298198461532593
34,5259,-6.47345495223999,8.677846908569336
34,5260,-7.493249893188477,8.357295989990234
34,5261,-7.122969150543213,6.600521087646484
34,5262,-7.975673198699951,6.262046813964844
34,5263,-7.712616920471191,5.577526092529297
34,5264,-6.998232841491699,7.694820404052734
34,5265,-7.752519130706787,7.978340148925781
34,5266,-7.103908538818359,4.964960098266602
34,5267,-7.828981876373291,4.081053256988525
34,5268,-7.468806743621826,9.924507141113281
34,5269,-6.624924659729004,7.4473981857299805
34,5270,-8.6837158203125,8.544611930847168
34,5271,-7.614666938781738,5.904180526733398
34,5272,-7.566044330596924,9.138551712036133
34,5273,-7.478549957275391,10.707660675048828
34,5274,-7.022586822509766,11.273311614990234
34,5275,-6.76200008392334,7.6778974533081055
34,5276,-7.970236778259277,9.701986312866211
34,5277,-7.348299503326416,6.481036186218262
34,5278,-8.250368118286133,9.280112266540527
34,5279,-7.1340179443359375,6.705827236175537
34,5280,-6.865121841430664,11.462411880493164
34,5281,-7.332091331481934,6.445781707763672
34,5282,-8.561081886291504,4.848413467407227
34,5283,-6.593939781188965,13.171918869018555
34,5284,-8.416108131408691,8.718951225280762
34,5285,-8.177582740783691,5.793303489685059
34,5286,-7.495597839355469,12.670997619628906
34,5287,-6.952502727508545,13.99048137664795
34,5288,-9.023209571838379,6.000155448913574
34,5289,-6.861844062805176,9.420354843139648
34,5290,-7.692042350769043,8.087523460388184
34,5291,-8.0300874710083,10.117867469787598
34,5292,-7.675206184387207,5.390020370483398
34,5293,-7.06102180480957,7.126278877258301
34,5294,-7.497942924499512,6.832953453063965
34,5295,-6.728575706481934,4.724770545959473
34,5296,-7.966605186462402,7.840798377990723
34,5297,-8.594417572021484,5.207808494567871
34,5298,-7.027329921722412,7.553445816040039
34,5299,-7.470591068267822,9.292825698852539
34,5300,-8.544135093688965,9.077505111694336
34,5301,-7.539565086364746,7.32258415222168
34,5302,-7.235988140106201,5.275901794433594
34,5303,-7.433673858642578,12.15084457397461
34,5304,-8.119953155517578,8.519234657287598
35,5305,-7.530826568603516,5.795627117156982
35,5306,-9.428555488586426,4.810353755950928
35,5307,-7.7228899002075195,9.74709701538086
35,5308,-6.4757890701293945,9.515632629394531
35,5309,-7.579244613647461,8.959271430969238
35,5310,-7.48360013961792,9.64657974243164
35,5311,-7.806822776794434,7.6001129150390625
35,5312,-8.41922664642334,3.6028711795806885
35,5313,-7.262167453765869,11.409690856933594
35,5314,-7.221884727478027,11.164562225341797
35,5315,-7.692133903503418,6.873388290405273
35,5316,-7.972872734069824,13.003158569335938
35,5317,-7.596884727478027,3.5738515853881836
35,5318,-8.699090003967285,5.41656494140625
35,5319,-6.9854736328125,7.340116500854492
35,5320,-8.555445671081543,11.237019538879395
35,5321,-6.3930535316467285,10.845277786254883
35,5322,-7.221242904663086,7.4593186378479
35,5323,-7.8505401611328125,11.620153427124023
35,5324,-6.393299102783203,10.451723098754883
35,5325,-7.683681964874268,10.74531364440918
35,5326,-7.319952011108398,7.266454219818115
35,5327,-8.604866981506348,14.495918273925781
35,5328,-8.118988037109375,7.948693752288818
35,5329,-8.115279197692871,11.479226112365723
35,5330,-8.350711822509766,8.007190704345703
35,5331,-7.097452163696289,11.76221752166748
35,5332,-6.880003929138184,5.88049840927124
35,5333,-6.95494270324707,10.301302909851074
35,5334,-7.9010090827941895,7.110696792602539
35,5335,-9.032807350158691,10.118620872497559
35,5336,-7.887664794921875,10.789848327636719
35,5337,-7.949835777282715,4.2827067375183105
35,5338,-7.30635929107666,8.936481475830078
35,5339,-6.167695045471191,8.437198638916016
35,5340,-7.684261322021484,7.815186500549316
35,5341,-8.495804786682129,12.03347396850586
35,5342,-6.8740081787109375,7.998871803283691
35,5343,-6.407161712646484,8.261764526367188
35,5344,-9.28426456451416,5.9786577224731445
35,5345,-7.440838813781738,10.423158645629883
35,5346,-8.417728424072266,13.055022239685059
35,5347,-6.8537797927856445,7.134319305419922
35,5348,-6.634160995483398,8.765551567077637
35,5349,-7.471522331237793,6.852006912231445
35,5350,-9.133981704711914,10.622689247131348
35,5351,-8.119342803955078,12.350337982177734
35,5352,-8.89345645904541,8.88143253326416
35,5353,-7.715092182159424,9.677047729492188
35,5354,-7.246269702911377,8.75337028503418
35,5355,-7.492844581604004,12.09476375579834
35,5356,-6.6306376457214355,6.336136817932129
35,5357,-8.190607070922852,6.772444725036621
35,5358,-8.674782752990723,14.97628402709961
35,5359,-8.335062026977539,7.425233840942383
35,5360,-7.853259563446045,10.935049057006836
35,5361,-7.295901775360107,12.027763366699219
35,5362,-8.517830848693848,8.729976654052734
35,5363,-7.548702239990234,9.997693061828613
35,5364,-7.998606204986572,7.237002372741699
35,5365,-10.604698181152344,7.225811004638672
35,5366,-7.678341388702393,10.146697998046875
35,5367,-7.6544365882873535,10.010970115661621
35,5368,-9.808395385742188,10.153911590576172
35,5369,-8.18980598449707,14.23942756652832
35,5370,-8.401981353759766,12.157829284667969
35,5371,-6.72255277633667,9.994823455810547
35,5372,-7.574565887451172,5.610465049743652
35,5373,-7.745107173919678,11.228460311889648
35,5374,-8.552350044250488,8.258197784423828
35,5375,-8.981522560119629,7.764290809631348
35,5376,-7.980645179748535,8.657489776611328
35,5377,-7.276150703430176,12.720909118652344
35,5378,-7.967475891113281,5.0427093505859375
35,5379,-6.355653762817383,4.705025672912598
35,5380,-6.340276718139648,6.514824390411377
35,5381,-8.725546836853027,9.852203369140625
35,5382,-9.298576354980469,4.422484397888184
35,5383,-6.89456844329834,10.85534954071045
35,5384,-7.064464092254639,9.00730037689209
35,5385,-8.352771759033203,9.696130752563477
35,5386,-6.725337982177734,11.870485305786133
35,5387,-7.681042671203613,10.712213516235352
35,5388,-6.3961944580078125,12.429145812988281
35,5389,-6.768596172332764,11.547863960266113
35,5390,-8.66036319732666,7.540472030639648
35,5391,-7.999533653259277,13.059869766235352
35,5392,-7.9786272048950195,9.634834289550781
35,5393,-7.432330131530762,8.973226547241211
35,5394,-8.360831260681152,16.768550872802734
35,5395,-7.674168586730957,5.064838409423828
35,5396,-7.53995943069458,8.177217483520508
35,5397,-5.906164646148682,8.560539245605469
35,5398,-7.816964626312256,5.9900102615356445
35,5399,-6.860378265380859,8.776248931884766
35,5400,-7.861081123352051,6.84295654296875
35,5401,-7.378279685974121,10.225220680236816
35,5402,-7.444276809692383,6.027141571044922
35,5403,-6.639080047607422,9.097354888916016
35,5404,-7.679163455963135,5.933465957641602
35,5405,-6.5779128074646,8.46662425994873
35,5406,-7.838495254516602,8.729776382446289
35,5407,-8.002435684204102,8.496772766113281
35,5408,-7.617277145385742,4.440680980682373
35,5409,-7.410880088806152,5.985023498535156
35,5410,-8.300012588500977,12.597784042358398
35,5411,-8.967365264892578,7.981729030609131
35,5412,-7.368132591247559,6.886871814727783
35,5413,-7.008872032165527,6.129457950592041
35,5414,-6.901532173156738,6.461088180541992
35,5415,-7.538486957550049,6.422895431518555
35,5416,-7.364179611206055,11.738162994384766
35,5417,-9.003459930419922,1.5460453033447266
35,5418,-8.349425315856934,9.411563873291016
35,5419,-7.116763591766357,4.491507530212402
35,5420,-7.045629024505615,7.880908489227295
35,5421,-7.051462173461914,10.08513069152832
35,5422,-8.377148628234863,7.699840068817139
35,5423,-6.781728267669678,10.149906158447266
35,5424,-6.481276035308838,6.498143672943115
35,5425,-6.892983436584473,8.853631019592285
35,5426,-7.5346527099609375,9.27449893951416
35,5427,-9.169806480407715,9.838963508605957
35,5428,-7.811277866363525,12.702459335327148
35,5429,-9.23593521118164,6.713191986083984
35,5430,-5.975078105926514,6.4732794761657715
35,5431,-7.995706558227539,12.897917747497559
35,5432,-7.596408843994141,9.23377799987793
35,5433,-7.896883010864258,11.922201156616211
35,5434,-6.254968166351318,9.257193565368652
35,5435,-6.862369537353516,10.20572280883789
35,5436,-9.52962589263916,8.400390625
35,5437,-7.164518356323242,11.279359817504883
35,5438,-6.218509674072266,7.9394636154174805
35,5439,-9.284915924072266,4.237787246704102
35,5440,-7.84391450881958,9.324250221252441
35,5441,-7.8419013023376465,6.496091365814209
35,5442,-6.025984764099121,7.612948894500732
35,5443,-6.696209907531738,6.807607650756836
35,5444,-7.57301664352417,7.007862567901611
35,5445,-9.151313781738281,7.801935195922852
35,5446,-7.4434661865234375,7.365578651428223
35,5447,-8.142606735229492,11.150960922241211
35,5448,-8.014599800109863,3.219965696334839
35,5449,-8.311666488647461,5.341538429260254
35,5450,-6.865729331970215,10.908147811889648
35,5451,-8.110249519348145,8.241519927978516
35,5452,-6.635500431060791,12.654281616210938
35,5453,-7.629823684692383,7.449078559875488
35,5454,-7.067564010620117,12.145111083984375
35,5455,-7.159074783325195,11.493255615234375
35,5456,-7.370101451873779,6.760368824005127
35,5457,-7.941251754760742,12.976922988891602
35,5458,-6.910125255584717,6.680177688598633
35,5459,-6.883296966552734,7.872806549072266
35,5460,-8.20816707611084,9.262444496154785
36,5461,-8.55168628692627,10.887669563293457
36,5462,-7.725433349609375,6.909944534301758
36,5463,-7.920621871948242,9.174522399902344
36,5464,-9.449005126953125,0.5785297155380249
36,5465,-7.205751419067383,6.4321112632751465
36,5466,-8.842639923095703,12.454919815063477
36,5467,-7.574380874633789,4.640149116516113
36,5468,-7.182522773742676,11.341264724731445
36,5469,-7.403756618499756,10.268321990966797
36,5470,-8.492599487304688,9.924569129943848
36,5471,-10.012484550476074,14.688224792480469
36,5472,-7.0423502922058105,4.697880744934082
36,5473,-8.557049751281738,10.320592880249023
36,5474,-7.79840612411499,8.20378303527832
36,5475,-6.570428848266602,8.691650390625
36,5476,-7.316059112548828,9.727322578430176
36,5477,-8.289920806884766,13.252708435058594
36,5478,-8.660881996154785,6.333650588989258
36,5479,-8.58816146850586,12.82375431060791
36,5480,-6.823094367980957,8.585232734680176
36,5481,-7.381323337554932,7.506138801574707
36,5482,-7.753350734710693,8.938486099243164
36,5483,-7.84568452835083,8.245086669921875
36,5484,-6.905609130859375,9.50080680847168
36,5485,-7.959964275360107,9.280524253845215
36,5486,-6.441631317138672,9.279041290283203
36,5487,-7.658434867858887,10.505155563354492
36,5488,-7.158935546875,8.551283836364746
36,5489,-7.455671787261963,7.149425029754639
36,5490,-7.67903470993042,11.748395919799805
36,5491,-7.92960786819458,8.475811958312988
36,5492,-7.084167957305908,13.53203010559082
36,5493,-7.7655205726623535,8.24598503112793
36,5494,-7.817477703094482,13.511150360107422
36,5495,-7.130186080932617,5.088894844055176
36,5496,-7.636165618896484,9.066263198852539
36,5497,-7.555345058441162,9.634605407714844
36,5498,-7.077519416809082,8.240296363830566
36,5499,-7.195239067077637,11.621646881103516
36,5500,-8.040729522705078,12.240535736083984
36,5501,-8.067882537841797,10.656341552734375
36,5502,-7.254276275634766,6.871676445007324
36,5503,-8.313777923583984,12.489368438720703
36,5504,-8.621163368225098,8.022344589233398
36,5505,-7.681003093719482,13.541720390319824
36,5506,-8.852663040161133,7.586391448974609
36,5507,-7.854818820953369,5.602604866027832
36,5508,-8.798816680908203,10.632326126098633
36,5509,-7.770453929901123,6.928694725036621
36,5510,-6.910151958465576,7.821312427520752
36,5511,-8.352438926696777,11.775365829467773
36,5512,-7.22055196762085,9.069109916687012
36,5513,-7.670346260070801,15.719234466552734
36,5514,-8.505213737487793,3.8010404109954834
36,5515,-7.268668174743652,8.452657699584961
36,5516,-8.265668869018555,9.614992141723633
36,5517,-7.492572784423828,8.788749694824219
36,5518,-7.615235328674316,10.343267440795898
36,5519,-8.696944236755371,9.737903594970703
36,5520,-7.036787986755371,7.127438068389893
36,5521,-8.398255348205566,13.660628318786621
36,5522,-7.025056838989258,7.452506065368652
36,5523,-6.703147888183594,7.110695838928223
36,5524,-6.513373374938965,10.949264526367188
36,5525,-7.234740257263184,5.7438273429870605
36,5526,-7.811445236206055,9.22419261932373
36,5527,-7.83922815322876,7.3194379806518555
36,5528,-7.492265224456787,11.045365333557129
36,5529,-6.935004711151123,9.971080780029297
36,5530,-6.788544654846191,10.437122344970703
36,5531,-6.916868209838867,10.731168746948242
36,5532,-7.606405258178711,8.889698028564453
36,5533,-8.19870662689209,6.352104663848877
36,5534,-7.1577863693237305,9.529733657836914
36,5535,-7.377739906311035,8.419829368591309
36,5536,-7.248201370239258,4.8890228271484375
36,5537,-7.448767185211182,10.598690032958984
36,5538,-7.011478900909424,4.980749130249023
36,5539,-7.887940406799316,6.904552459716797
36,5540,-6.269402503967285,10.386019706726074
36,5541,-7.395062446594238,10.712045669555664
36,5542,-8.248892784118652,6.172551155090332
36,5543,-6.7822723388671875,11.364895820617676
36,5544,-7.29863977432251,7.033862113952637
36,5545,-8.467774391174316,9.493928909301758
36,5546,-6.126642227172852,10.991691589355469
36,5547,-7.815495491027832,4.808882713317871
36,5548,-7.306363105773926,7.2500433921813965
36,5549,-6.917778015136719,11.858834266662598
36,5550,-7.730334281921387,11.705322265625
36,5551,-7.755263328552246,6.645480155944824
36,5552,-7.876018047332764,7.164486408233643
36,5553,-7.340191841125488,8.533435821533203
36,5554,-7.2278032302856445,5.663152694702148
36,5555,-8.368804931640625,10.258285522460938
36,5556,-6.173607349395752,6.901362419128418
36,5557,-8.176177978515625,11.323360443115234
36,5558,-7.786851406097412,4.693346977233887
36,5559,-6.299319744110107,7.903896331787109
36,5560,-7.616127014160156,9.480441093444824
36,5561,-7.806533336639404,15.107986450195312
36,5562,-7.711386203765869,7.011012554168701
36,5563,-6.219058990478516,10.224198341369629
36,5564,-7.89212703704834,12.668630599975586
36,5565,-7.770435810089111,11.901651382446289
36,5566,-8.096641540527344,9.15045166015625
36,5567,-7.970917701721191,7.562620639801025
36,5568,-7.124345779418945,6.583043575286865
36,5569,-7.495189666748047,11.623359680175781
36,5570,-7.755210876464844,6.76557731628418
36,5571,-8.227222442626953,7.645027160644531
36,5572,-8.072555541992188,11.587536811828613
36,5573,-6.409149169921875,6.681609153747559
36,5574,-7.466513633728027,7.578344345092773
36,5575,-8.231402397155762,8.68007755279541
36,5576,-8.697866439819336,14.128915786743164
36,5577,-8.397308349609375,2.590383529663086
36,5578,-6.627060890197754,9.692266464233398
36,5579,-7.339554309844971,7.196185111999512
36,5580,-7.339555263519287,7.764004707336426
36,5581,-8.08648681640625,13.549964904785156
36,5582,-5.700907230377197,7.934591293334961
36,5583,-6.729978561401367,6.763287544250488
36,5584,-6.799790382385254,7.411368370056152
36,5585,-8.954618453979492,12.561338424682617
36,5586,-6.898896217346191,8.390741348266602
36,5587,-7.756329536437988,6.9449615478515625
36,5588,-7.29111909866333,11.671674728393555
36,5589,-6.935839653015137,9.836421966552734
36,5590,-7.665589332580566,8.522600173950195
36,5591,-7.465378761291504,13.650179862976074
36,5592,-7.288349628448486,10.103221893310547
36,5593,-7.97023344039917,10.243732452392578
36,5594,-6.6975860595703125,8.509217262268066
36,5595,-6.870976448059082,7.911660194396973
36,5596,-8.22932243347168,8.693517684936523
36,5597,-7.277995586395264,8.282844543457031
36,5598,-8.388615608215332,4.104402542114258
36,5599,-7.372385025024414,10.197365760803223
36,5600,-8.09213924407959,13.288993835449219
36,5601,-8.859950065612793,10.339374542236328
36,5602,-8.614739418029785,3.774164915084839
36,5603,-6.560379505157471,5.711779594421387
36,5604,-9.179983139038086,12.093432426452637
36,5605,-6.834661483764648,7.298052787780762
36,5606,-6.84448766708374,10.588117599487305
36,5607,-7.39225959777832,5.7552690505981445
36,5608,-8.184503555297852,5.905973434448242
36,5609,-7.772825241088867,14.667613983154297
36,5610,-8.362242698669434,4.075620174407959
36,5611,-7.082613945007324,8.70384693145752
36,5612,-6.837559223175049,10.491169929504395
36,5613,-6.451181411743164,12.622154235839844
36,5614,-6.701635837554932,7.401623249053955
36,5615,-7.701187610626221,8.219095230102539
36,5616,-6.875585079193115,10.40810775756836
37,5617,-6.452051162719727,10.812904357910156
37,5618,-8.560423851013184,9.248616218566895
37,5619,-7.097445011138916,7.013952732086182
37,5620,-8.246014595031738,3.2017264366149902
37,5621,-7.531135559082031,16.03042984008789
37,5622,-7.1780619621276855,10.986495971679688
37,5623,-9.019572257995605,4.290965557098389
37,5624,-6.936467170715332,11.165480613708496
37,5625,-7.658999443054199,13.800264358520508
37,5626,-8.308526992797852,7.796052932739258
37,5627,-8.328439712524414,7.7567009925842285
37,5628,-6.001698017120361,5.7167792320251465
37,5629,-6.908262252807617,8.473869323730469
37,5630,-6.328878879547119,9.729328155517578
37,5631,-7.178379058837891,6.0028181076049805
37,5632,-9.343269348144531,9.274667739868164
37,5633,-7.824380874633789,12.318865776062012
37,5634,-7.074499607086182,6.391533851623535
37,5635,-8.439451217651367,11.965780258178711
37,5636,-6.654486656188965,8.201643943786621
37,5637,-7.104629993438721,7.686617374420166
37,5638,-7.040008544921875,5.288750171661377
37,5639,-8.613168716430664,7.476330280303955
37,5640,-8.548758506774902,6.574284553527832
37,5641,-7.975675582885742,11.220573425292969
37,5642,-6.8981032371521,7.114597320556641
37,5643,-7.712170124053955,9.984016418457031
37,5644,-8.009954452514648,3.1781420707702637
37,5645,-7.1385297775268555,9.309919357299805
37,5646,-6.890457630157471,11.056659698486328
37,5647,-8.107681274414062,9.17422866821289
37,5648,-7.598566055297852,11.044046401977539
37,5649,-6.931077003479004,10.562081336975098
37,5650,-7.6910400390625,5.393712043762207
37,5651,-8.47566032409668,12.769670486450195
37,5652,-8.343612670898438,7.031272888183594
37,5653,-7.755919933319092,7.796337127685547
37,5654,-7.337455749511719,8.242664337158203
37,5655,-8.09315299987793,11.998756408691406
37,5656,-7.195849418640137,8.609334945678711
37,5657,-6.279895782470703,12.140348434448242
37,5658,-7.410991668701172,8.101855278015137
37,5659,-7.807649612426758,10.676277160644531
37,5660,-8.560822486877441,10.690046310424805
37,5661,-8.159218788146973,7.6562581062316895
37,5662,-7.398287773132324,6.930010795593262
37,5663,-7.881056785583496,10.57357120513916
37,5664,-6.824324131011963,5.154697895050049
37,5665,-8.230011940002441,12.452287673950195
37,5666,-8.34439468383789,5.6189374923706055
37,5667,-8.125351905822754,11.189057350158691
37,5668,-7.7112321853637695,7.958224296569824
37,5669,-8.146920204162598,8.69474983215332
37,5670,-7.676104545593262,9.942012786865234
37,5671,-7.555236339569092,5.9794158935546875
37,5672,-8.248080253601074,9.593881607055664
37,5673,-8.428617477416992,7.6214094161987305
37,5674,-6.746613025665283,7.115964889526367
37,5675,-6.668512344360352,10.95331859588623
37,5676,-9.190848350524902,1.9376311302185059
37,5677,-6.902618408203125,11.021977424621582
37,5678,-7.4786577224731445,9.519511222839355
37,5679,-8.058731079101562,7.331758975982666
37,5680,-6.694013595581055,11.050771713256836
37,5681,-7.407565593719482,9.508909225463867
37,5682,-7.722100257873535,9.969330787658691
37,5683,-7.192856788635254,9.430839538574219
37,5684,-7.554506301879883,6.843296051025391
37,5685,-8.381875991821289,13.15459156036377
37,5686,-7.119426250457764,8.665199279785156
37,5687,-7.211948394775391,8.142728805541992
37,5688,-7.663662910461426,7.207754135131836
37,5689,-7.481556415557861,14.965829849243164
37,5690,-6.717875957489014,9.64388656616211
37,5691,-8.387686729431152,14.0712308883667
37,5692,-6.352807521820068,8.481008529663086
37,5693,-7.440145969390869,10.3370361328125
37,5694,-6.351745128631592,5.083683013916016
37,5695,-6.479160308837891,10.009115219116211
37,5696,-7.492769718170166,9.861455917358398
37,5697,-7.347781658172607,5.291247844696045
37,5698,-8.515862464904785,10.59765911102295
37,5699,-7.356146812438965,12.458915710449219
37,5700,-8.216447830200195,6.551791191101074
37,5701,-6.233797073364258,10.844972610473633
37,5702,-7.09119176864624,7.788349151611328
37,5703,-7.233868598937988,12.20297622680664
37,5704,-7.202653408050537,7.153505325317383
37,5705,-7.788474082946777,9.068815231323242
37,5706,-7.865337371826172,18.445354461669922
37,5707,-6.717165470123291,5.6122517585754395
37,5708,-6.8770575523376465,10.742616653442383
37,5709,-8.093851089477539,12.170633316040039
37,5710,-7.622851371765137,8.91421127319336
37,5711,-7.67940092086792,7.387335777282715
37,5712,-6.485706806182861,10.592235565185547
37,5713,-7.4659342765808105,13.314141273498535
37,5714,-7.550921440124512,7.528662204742432
37,5715,-6.737160682678223,11.62520694732666
37,5716,-8.083710670471191,9.983114242553711
37,5717,-7.5563507080078125,13.49056339263916
37,5718,-7.645963668823242,6.120448589324951
37,5719,-6.89835786819458,6.080487251281738
37,5720,-6.010891437530518,9.351027488708496
37,5721,-6.804698944091797,8.835249900817871
37,5722,-7.393045902252197,6.088595867156982
37,5723,-7.952369213104248,11.18642807006836
37,5724,-8.381691932678223,8.651250839233398
37,5725,-7.488003253936768,7.124533176422119
37,5726,-8.716256141662598,12.254396438598633
37,5727,-9.213400840759277,14.319906234741211
37,5728,-7.5921759605407715,2.546269416809082
37,5729,-6.216570854187012,7.2383270263671875
37,5730,-7.939919948577881,17.463031768798828
37,5731,-7.307889938354492,7.810204029083252
37,5732,-7.8740692138671875,5.518218040466309
37,5733,-7.307666301727295,15.641785621643066
37,5734,-7.1545820236206055,9.935226440429688
37,5735,-7.177883625030518,12.606588363647461
37,5736,-7.854189395904541,6.755128860473633
37,5737,-7.155950546264648,9.347759246826172
37,5738,-7.533609390258789,13.658428192138672
37,5739,-6.635754585266113,9.477654457092285
37,5740,-6.673603057861328,8.19217300415039
37,5741,-8.045431137084961,7.816819190979004
37,5742,-8.631420135498047,11.068918228149414
37,5743,-7.078827381134033,8.070523262023926
37,5744,-7.199675559997559,11.278303146362305
37,5745,-5.960259437561035,12.394625663757324
37,5746,-7.5970611572265625,17.674545288085938
37,5747,-7.367077827453613,6.890251636505127
37,5748,-7.630086898803711,7.545159339904785
37,5749,-7.201383113861084,11.78203010559082
37,5750,-6.758631229400635,11.6588134765625
37,5751,-8.03056812286377,12.261070251464844
37,5752,-7.472076416015625,11.84490966796875
37,5753,-5.789594650268555,7.424955368041992
37,5754,-7.985359191894531,15.201689720153809
37,5755,-6.859372615814209,8.495583534240723
37,5756,-6.285006523132324,8.419734954833984
37,5757,-7.4162187576293945,10.938095092773438
37,5758,-7.281473636627197,8.48350715637207
37,5759,-6.967312812805176,12.874710083007812
37,5760,-7.550652503967285,13.232172012329102
37,5761,-6.123032093048096,11.692510604858398
37,5762,-9.339131355285645,15.754508972167969
37,5763,-5.796778202056885,15.721817970275879
37,5764,-9.136884689331055,7.811583995819092
37,5765,-7.361320495605469,11.74313735961914
37,5766,-6.983626842498779,10.534011840820312
37,5767,-7.813483238220215,5.474609375
37,5768,-7.744658470153809,9.909839630126953
37,5769,-8.439462661743164,14.551929473876953
37,5770,-6.481156349182129,7.444743633270264
37,5771,-7.320850372314453,6.845929145812988
37,5772,-7.5619025230407715,10.978519439697266
38,5773,-8.768699645996094,9.759237289428711
38,5774,-11.480554580688477,8.93101692199707
38,5775,-6.628795146942139,5.3999786376953125
38,5776,-7.246917247772217,8.318798065185547
38,5777,-8.402803421020508,10.734413146972656
38,5778,-7.091028690338135,6.251197814941406
38,5779,-8.218616485595703,8.556005477905273
38,5780,-7.266369342803955,10.060190200805664
38,5781,-8.307391166687012,7.1779985427856445
38,5782,-7.410227298736572,11.981683731079102
38,5783,-6.707114219665527,10.432716369628906
38,5784,-6.998101234436035,8.019811630249023
38,5785,-7.663237571716309,14.109338760375977
38,5786,-7.049707889556885,9.829339981079102
38,5787,-7.94903039932251,6.299955368041992
38,5788,-7.497254848480225,12.694754600524902
38,5789,-9.129216194152832,8.404865264892578
38,5790,-7.980717658996582,10.998041152954102
38,5791,-8.49479866027832,9.834178924560547
38,5792,-7.096134662628174,16.200557708740234
38,5793,-7.681895732879639,11.644392967224121
38,5794,-7.643199443817139,10.460799217224121
38,5795,-7.379683494567871,13.738327026367188
38,5796,-8.062642097473145,7.714500427246094
38,5797,-6.6124267578125,12.798955917358398
38,5798,-7.1161394119262695,7.021915912628174
38,5799,-8.308177947998047,11.56823444366455
38,5800,-7.009276866912842,12.028383255004883
38,5801,-8.446352005004883,7.564447402954102
38,5802,-7.624089241027832,16.182788848876953
38,5803,-6.627410888671875,11.259014129638672
38,5804,-7.329936981201172,7.200868129730225
38,5805,-7.647801399230957,15.565214157104492
38,5806,-6.927886486053467,14.116249084472656
38,5807,-7.543837070465088,11.986544609069824
38,5808,-7.695474147796631,6.677178382873535
38,5809,-7.347023010253906,12.629404067993164
38,5810,-9.963533401489258,14.986695289611816
38,5811,-8.043888092041016,9.302092552185059
38,5812,-8.804519653320312,13.285951614379883
38,5813,-6.655165195465088,10.119421005249023
38,5814,-6.8904290199279785,8.374642372131348
38,5815,-7.928366661071777,10.535877227783203
38,5816,-7.6551361083984375,0.8126216530799866
38,5817,-7.067461013793945,9.499210357666016
38,5818,-6.3196120262146,10.46912956237793
38,5819,-10.109997749328613,6.836240768432617
38,5820,-6.537543296813965,12.651281356811523
38,5821,-7.444884300231934,11.645588874816895
38,5822,-7.167290210723877,9.654277801513672
38,5823,-7.131924629211426,7.755278587341309
38,5824,-7.546727180480957,8.853475570678711
38,5825,-6.5639448165893555,11.445579528808594
38,5826,-7.7133002281188965,11.181455612182617
38,5827,-7.309154510498047,11.422647476196289
38,5828,-8.071202278137207,6.66702127456665
38,5829,-8.541123390197754,9.89734172821045
38,5830,-7.3527140617370605,13.979166030883789
38,5831,-6.016551494598389,8.246454238891602
38,5832,-7.639928340911865,13.849162101745605
38,5833,-8.201065063476562,9.40089225769043
38,5834,-7.821032524108887,9.719746589660645
38,5835,-6.253940582275391,5.747338771820068
38,5836,-7.697454452514648,11.144229888916016
38,5837,-7.020363807678223,9.066804885864258
38,5838,-6.669772148132324,9.020452499389648
38,5839,-7.796858787536621,5.782269477844238
38,5840,-7.656939506530762,10.776683807373047
38,5841,-10.02570915222168,8.690120697021484
38,5842,-6.992318630218506,15.440895080566406
38,5843,-8.227831840515137,5.243686676025391
38,5844,-6.375477313995361,7.5536041259765625
38,5845,-7.5978474617004395,10.566702842712402
38,5846,-6.9535017013549805,11.642037391662598
38,5847,-7.735442161560059,12.210037231445312
38,5848,-8.079059600830078,6.4967803955078125
38,5849,-8.492919921875,14.77342414855957
38,5850,-7.1574554443359375,8.677947998046875
38,5851,-6.367129802703857,8.641812324523926
38,5852,-7.733962059020996,8.02360725402832
38,5853,-7.714779853820801,9.762428283691406
38,5854,-7.1768107414245605,9.125943183898926
38,5855,-8.005696296691895,8.24983024597168
38,5856,-7.6854705810546875,8.96401596069336
38,5857,-7.394011974334717,7.182566165924072
38,5858,-7.3493266105651855,5.470261573791504
38,5859,-7.859251022338867,8.10037612915039
38,5860,-7.593936443328857,9.78164291381836
38,5861,-8.156356811523438,8.186933517456055
38,5862,-7.682417392730713,13.19947624206543
38,5863,-7.823436260223389,10.859447479248047
38,5864,-9.629135131835938,9.214845657348633
38,5865,-6.35166072845459,7.245489120483398
38,5866,-7.881989002227783,8.969856262207031
38,5867,-7.080960273742676,8.028177261352539
38,5868,-6.495636463165283,7.586328983306885
38,5869,-6.5622429847717285,6.805015563964844
38,5870,-8.060794830322266,7.555638313293457
38,5871,-6.820889472961426,2.9292025566101074
38,5872,-8.275908470153809,7.892367839813232
38,5873,-6.892337799072266,9.186211585998535
38,5874,-7.412325859069824,6.494279384613037
38,5875,-9.315982818603516,4.747493267059326
38,5876,-6.510385513305664,8.317607879638672
38,5877,-7.220489501953125,11.45317268371582
38,5878,-8.310738563537598,9.636762619018555
38,5879,-6.600185394287109,7.352039337158203
38,5880,-7.195682525634766,9.350898742675781
38,5881,-7.395732879638672,9.913381576538086
38,5882,-6.883159637451172,6.355391979217529
38,5883,-6.486431121826172,8.542425155639648
38,5884,-7.2431321144104,11.317325592041016
38,5885,-8.189882278442383,6.111084461212158
38,5886,-6.751197338104248,10.797712326049805
38,5887,-7.232089996337891,10.939687728881836
38,5888,-6.4095611572265625,8.965418815612793
38,5889,-8.961424827575684,9.103724479675293
38,5890,-6.851415634155273,10.611270904541016
38,5891,-7.217187881469727,8.849763870239258
38,5892,-7.463441848754883,7.6197357177734375
38,5893,-8.098288536071777,13.937868118286133
38,5894,-7.930361747741699,9.497711181640625
38,5895,-7.215928554534912,10.022072792053223
38,5896,-7.054340839385986,9.65191650390625
38,5897,-7.055395126342773,12.643230438232422
38,5898,-8.674860000610352,12.777519226074219
38,5899,-6.785229206085205,9.297871589660645
38,5900,-7.533914566040039,14.982070922851562
38,5901,-7.213999271392822,8.067980766296387
38,5902,-7.4469685554504395,13.854926109313965
38,5903,-6.478495121002197,10.796863555908203
38,5904,-8.560784339904785,9.234818458557129
38,5905,-7.864624500274658,11.363386154174805
38,5906,-7.036326885223389,9.287162780761719
38,5907,-7.603982925415039,10.978416442871094
38,5908,-6.592626094818115,8.749003410339355
38,5909,-7.130099296569824,12.336854934692383
38,5910,-7.563663482666016,3.9328372478485107
38,5911,-6.394899368286133,6.884110450744629
38,5912,-7.242829322814941,11.646772384643555
38,5913,-5.640900611877441,7.907687187194824
38,5914,-7.6454925537109375,7.546290874481201
38,5915,-7.7707438468933105,7.1494317054748535
38,5916,-6.77006196975708,15.336355209350586
38,5917,-7.364343643188477,12.744674682617188
38,5918,-7.206796169281006,10.189462661743164
38,5919,-8.003390312194824,14.600851058959961
38,5920,-7.552882671356201,12.349227905273438
38,5921,-6.519493579864502,13.389120101928711
38,5922,-7.812314510345459,12.283976554870605
38,5923,-7.1660075187683105,5.065838813781738
38,5924,-7.259458541870117,8.774946212768555
38,5925,-6.8767523765563965,11.837615966796875
38,5926,-7.705179214477539,11.27978515625
38,5927,-7.574840068817139,10.903876304626465
38,5928,-6.849637031555176,10.61424446105957
39,5929,-8.137845993041992,9.0792875289917
39,5930,-6.938758373260498,10.57106876373291
39,5931,-7.49637508392334,9.989727020263672
39,5932,-7.838320732116699,6.540798187255859
39,5933,-7.911648273468018,10.667367935180664
39,5934,-8.193946838378906,9.253799438476562
39,5935,-6.766783714294434,11.664477348327637
39,5936,-8.869253158569336,7.2439985275268555
39,5937,-7.332165241241455,6.272212982177734
39,5938,-8.911166191101074,16.033958435058594
39,5939,-8.32357406616211,8.833120346069336
39,5940,-7.16005277633667,10.527666091918945
39,5941,-6.857761383056641,8.666424751281738
39,5942,-8.155387878417969,7.795594692230225
39,5943,-7.031546115875244,4.779623985290527
39,5944,-9.220758438110352,13.647137641906738
39,5945,-6.916238784790039,7.7701520919799805
39,5946,-7.850024223327637,7.24569034576416
39,5947,-7.742905139923096,10.222648620605469
39,5948,-7.6598591804504395,7.515958786010742
39,5949,-7.372572422027588,8.326617240905762
39,5950,-6.775373458862305,7.7982611656188965
39,5951,-8.383316993713379,3.929349899291992
39,5952,-7.343780517578125,11.322187423706055
39,5953,-6.706282615661621,9.97718334197998
39,5954,-7.35811185836792,11.489351272583008
39,5955,-8.43150520324707,7.377103805541992
39,5956,-7.773894786834717,9.747873306274414
39,5957,-9.74301528930664,12.960992813110352
39,5958,-8.57181167602539,8.987506866455078
39,5959,-8.979471206665039,7.215472221374512
39,5960,-5.858477592468262,13.683990478515625
39,5961,-7.4717206954956055,8.769369125366211
39,5962,-7.653446674346924,12.347567558288574
39,5963,-7.5740203857421875,8.192840576171875
39,5964,-7.8384199142456055,10.598114013671875
39,5965,-7.670158386230469,7.866598129272461
39,5966,-6.513021469116211,2.3094143867492676
39,5967,-7.443398475646973,3.3671233654022217
39,5968,-11.555424690246582,12.222572326660156
39,5969,-7.739743232727051,9.948759078979492
39,5970,-7.185805320739746,4.7870378494262695
39,5971,-8.75130844116211,8.564440727233887
39,5972,-7.491398811340332,5.909371376037598
39,5973,-7.401228427886963,9.033014297485352
39,5974,-7.998077392578125,10.199230194091797
39,5975,-7.495576858520508,8.010025024414062
39,5976,-8.798666954040527,9.890636444091797
39,5977,-7.115434169769287,6.640887260437012
39,5978,-6.558271408081055,9.39693832397461
39,5979,-7.799400806427002,11.131906509399414
39,5980,-7.039727210998535,8.361031532287598
39,5981,-7.703495025634766,7.677452087402344
39,5982,-7.658201217651367,9.603548049926758
39,5983,-7.454278945922852,7.4625630378723145
39,5984,-7.016944885253906,11.449169158935547
39,5985,-7.876330375671387,12.003156661987305
39,5986,-6.633420944213867,13.82917594909668
39,5987,-7.572396278381348,12.308601379394531
39,5988,-7.759302139282227,12.213981628417969
39,5989,-7.650520324707031,9.524847984313965
39,5990,-10.16226577758789,11.138465881347656
39,5991,-7.5208563804626465,7.332587718963623
39,5992,-9.162141799926758,12.467643737792969
39,5993,-6.8059515953063965,4.132599830627441
39,5994,-7.887845993041992,8.553268432617188
39,5995,-6.722291946411133,9.38698959350586
39,5996,-7.573735237121582,5.175004482269287
39,5997,-7.134220123291016,10.34544563293457
39,5998,-7.014610767364502,11.576366424560547
39,5999,-7.841531753540039,9.794929504394531
39,6000,-7.360132217407227,9.591348648071289
39,6001,-7.642012119293213,10.99565601348877
39,6002,-7.885409832000732,6.512819290161133
39,6003,-6.788284778594971,11.578689575195312
39,6004,-6.9399847984313965,8.246904373168945
39,6005,-7.567361831665039,15.100484848022461
39,6006,-7.3047895431518555,13.937170028686523
39,6007,-9.111983299255371,9.517620086669922
39,6008,-7.490128040313721,8.737593650817871
39,6009,-7.673730373382568,13.594886779785156
39,6010,-7.126873016357422,7.806441783905029
39,6011,-7.431235313415527,8.150235176086426
39,6012,-7.62026309967041,13.50628662109375
39,6013,-7.2619309425354,6.433919906616211
39,6014,-8.508357048034668,11.753118515014648
39,6015,-7.431623458862305,11.904441833496094
39,6016,-6.294943809509277,10.929695129394531
39,6017,-6.877703666687012,10.82075309753418
39,6018,-7.388584136962891,9.24734878540039
39,6019,-7.734458923339844,11.159089088439941
39,6020,-7.948868751525879,10.265260696411133
39,6021,-6.821824073791504,11.138288497924805
39,6022,-6.080760478973389,10.098142623901367
39,6023,-8.194270133972168,5.917588233947754
39,6024,-8.528115272521973,11.06369686126709
39,6025,-9.16042709350586,14.548389434814453
39,6026,-6.518661975860596,4.813831806182861
39,6027,-6.241152286529541,8.988470077514648
39,6028,-7.237597465515137,15.518210411071777
39,6029,-6.937451362609863,8.97641372680664
39,6030,-8.003446578979492,5.928046226501465
39,6031,-7.501569747924805,10.857032775878906
39,6032,-8.251763343811035,14.936979293823242
39,6033,-6.835460662841797,11.33262825012207
39,6034,-6.920050621032715,8.05824089050293
39,6035,-8.33871841430664,10.361797332763672
39,6036,-7.157729148864746,9.06998348236084
39,6037,-6.779049873352051,11.050589561462402
39,6038,-6.849652290344238,14.43707275390625
39,6039,-7.785675048828125,4.83407735824585
39,6040,-7.345165729522705,11.913948059082031
39,6041,-6.9092793464660645,9.266870498657227
39,6042,-7.210031032562256,9.495477676391602
39,6043,-7.028182506561279,11.477100372314453
39,6044,-6.953656196594238,6.684863090515137
39,6045,-6.793667793273926,9.20643138885498
39,6046,-8.554905891418457,9.885805130004883
39,6047,-7.895390510559082,7.7148356437683105
39,6048,-7.192802906036377,6.328091621398926
39,6049,-7.5214715003967285,12.331172943115234
39,6050,-6.827517509460449,11.859891891479492
39,6051,-6.381092548370361,7.163535118103027
39,6052,-7.027734279632568,8.07318115234375
39,6053,-6.946643829345703,7.231064796447754
39,6054,-7.791561126708984,3.887624740600586
39,6055,-6.956507205963135,16.555313110351562
39,6056,-6.7369384765625,11.648826599121094
39,6057,-8.208908081054688,8.881875991821289
39,6058,-6.055638790130615,9.334152221679688
39,6059,-7.366550445556641,11.724492073059082
39,6060,-7.254207134246826,12.01419448852539
39,6061,-7.072331428527832,7.551551818847656
39,6062,-6.351846694946289,10.244747161865234
39,6063,-8.050361633300781,12.455778121948242
39,6064,-5.987593173980713,10.38701057434082
39,6065,-7.82780647277832,9.213323593139648
39,6066,-7.842384338378906,9.037548065185547
39,6067,-7.566709518432617,10.84863567352295
39,6068,-7.584591388702393,7.937617301940918
39,6069,-7.155089855194092,9.172119140625
39,6070,-7.949185371398926,8.042240142822266
39,6071,-6.526566028594971,8.983369827270508
39,6072,-8.02471923828125,11.292379379272461
39,6073,-6.214139461517334,5.459229469299316
39,6074,-6.961085319519043,5.976719856262207
39,6075,-7.115950107574463,14.479899406433105
39,6076,-8.211723327636719,11.500017166137695
39,6077,-7.028043270111084,7.593259811401367
39,6078,-7.17570161819458,15.459375381469727
39,6079,-8.128317832946777,5.007732391357422
39,6080,-6.1684417724609375,12.674903869628906
39,6081,-7.185738563537598,8.490623474121094
39,6082,-7.328771591186523,11.83581829071045
39,6083,-5.713535308837891,10.242876052856445
39,6084,-7.028314590454102,14.842890739440918
40,6085,-7.292020797729492,11.914302825927734
40,6086,-8.140507698059082,9.738648414611816
40,6087,-6.9717817306518555,8.74978256225586
40,6088,-9.376896858215332,10.727807998657227
40,6089,-7.207075595855713,9.332969665527344
40,6090,-7.448163032531738,9.902717590332031
40,6091,-6.582785129547119,7.629918098449707
40,6092,-7.529504299163818,9.933582305908203
40,6093,-6.3517961502075195,14.15096664428711
40,6094,-8.300527572631836,6.790124893188477
40,6095,-6.890777111053467,9.712791442871094
40,6096,-7.127157211303711,12.296095848083496
40,6097,-8.658892631530762,6.094732284545898
40,6098,-7.988053798675537,14.249403953552246
40,6099,-6.695095539093018,8.585311889648438
40,6100,-7.22678804397583,7.838617324829102
40,6101,-7.455565929412842,9.565855979919434
40,6102,-8.05487060546875,13.03664779663086
40,6103,-6.479083061218262,14.15428638458252
40,6104,-7.584755897521973,10.016500473022461
40,6105,-8.162558555603027,10.937002182006836
40,6106,-7.463437080383301,13.186517715454102
40,6107,-7.100539207458496,7.2519121170043945
40,6108,-7.744376182556152,9.650346755981445
40,6109,-8.474540710449219,12.758516311645508
40,6110,-8.875486373901367,8.601364135742188
40,6111,-6.653937339782715,12.2655029296875
40,6112,-7.213650703430176,13.718114852905273
40,6113,-6.992676258087158,9.452718734741211
40,6114,-7.045949459075928,11.069169044494629
40,6115,-7.686356544494629,11.26632308959961
40,6116,-8.820371627807617,10.699775695800781
40,6117,-7.3019561767578125,12.975214004516602
40,6118,-7.522210597991943,13.78996467590332
40,6119,-8.226929664611816,7.784676551818848
40,6120,-7.4770283699035645,9.194122314453125
40,6121,-8.92808723449707,14.300780296325684
40,6122,-8.648741722106934,10.048622131347656
40,6123,-7.920730113983154,11.232627868652344
40,6124,-6.601140975952148,7.403730392456055
40,6125,-6.549153804779053,8.995978355407715
40,6126,-6.798327445983887,8.04000473022461
40,6127,-7.061525821685791,8.686777114868164
40,6128,-7.104895114898682,10.539058685302734
40,6129,-8.2006254196167,12.995798110961914
40,6130,-8.04314136505127,9.994888305664062
40,6131,-7.027255535125732,9.737188339233398
40,6132,-6.855506896972656,12.131645202636719
40,6133,-5.799982070922852,11.165457725524902
40,6134,-7.269676208496094,7.6817145347595215
40,6135,-7.009618759155273,11.154768943786621
40,6136,-7.410499572753906,6.787117958068848
40,6137,-7.867312431335449,11.921013832092285
40,6138,-7.177777290344238,7.709451675415039
40,6139,-7.046011447906494,9.793164253234863
40,6140,-7.626520156860352,9.638522148132324
40,6141,-7.193342685699463,10.138792037963867
40,6142,-7.21579647064209,6.363677024841309
40,6143,-6.657599449157715,9.087308883666992
40,6144,-7.983035564422607,11.216506958007812
40,6145,-7.240312099456787,12.337282180786133
40,6146,-6.785060882568359,10.135357856750488
40,6147,-6.941753387451172,10.530579566955566
40,6148,-7.842909812927246,7.767599105834961
40,6149,-7.303067684173584,8.786774635314941
40,6150,-6.505218505859375,11.100465774536133
40,6151,-7.274722576141357,8.621379852294922
40,6152,-7.0334014892578125,10.772464752197266
40,6153,-7.011465072631836,7.798501968383789
40,6154,-7.530233860015869,13.151045799255371
40,6155,-8.075760841369629,7.629579067230225
40,6156,-7.212760925292969,13.702993392944336
40,6157,-6.260916709899902,9.646093368530273
40,6158,-8.131002426147461,7.639653205871582
40,6159,-8.435650825500488,8.17221450805664
40,6160,-5.2858967781066895,13.062713623046875
40,6161,-8.385001182556152,10.425168991088867
40,6162,-7.544426441192627,10.593378067016602
40,6163,-8.602184295654297,6.9795241355896
40,6164,-7.390815258026123,9.118551254272461
40,6165,-7.254177093505859,5.6147141456604
40,6166,-7.682316303253174,9.520102500915527
40,6167,-7.1428141593933105,13.434082984924316
40,6168,-6.324825763702393,7.757940292358398
40,6169,-8.6211576461792,8.492046356201172
40,6170,-7.866581916809082,7.809288501739502
40,6171,-6.347795009613037,9.098199844360352
40,6172,-8.076581954956055,11.798734664916992
40,6173,-8.28429889678955,10.811225891113281
40,6174,-7.844171047210693,10.095751762390137
40,6175,-5.6240949630737305,9.58380126953125
40,6176,-7.74422025680542,13.352802276611328
40,6177,-6.278331756591797,8.452997207641602
40,6178,-8.220409393310547,11.5538911819458
40,6179,-8.196622848510742,9.95109748840332
40,6180,-6.950349807739258,12.191795349121094
40,6181,-7.784790515899658,15.821311950683594
40,6182,-7.390247344970703,7.959069728851318
40,6183,-6.210571765899658,11.318168640136719
40,6184,-7.952877998352051,10.223437309265137
40,6185,-8.054251670837402,10.040839195251465
40,6186,-7.039724826812744,7.370773792266846
40,6187,-7.003198623657227,9.14275074005127
40,6188,-7.163217067718506,12.20754337310791
40,6189,-7.319952487945557,11.494429588317871
40,6190,-6.228099822998047,9.089170455932617
40,6191,-7.440338134765625,14.357275009155273
40,6192,-6.658881187438965,13.947932243347168
40,6193,-8.808555603027344,12.507295608520508
40,6194,-7.802451133728027,14.3557710647583
40,6195,-8.024650573730469,12.786547660827637
40,6196,-5.933383941650391,15.34954833984375
40,6197,-9.181341171264648,8.296913146972656
40,6198,-7.969442367553711,11.966392517089844
40,6199,-6.876575469970703,11.739919662475586
40,6200,-6.789278984069824,10.54973316192627
40,6201,-6.638500690460205,9.70309066772461
40,6202,-8.431657791137695,13.417098999023438
40,6203,-8.022096633911133,11.908977508544922
40,6204,-6.878477096557617,11.52082633972168
40,6205,-9.061332702636719,13.912659645080566
40,6206,-6.863199234008789,8.492323875427246
40,6207,-6.800604343414307,11.314149856567383
40,6208,-8.943049430847168,10.326400756835938
40,6209,-7.409390926361084,9.920625686645508
40,6210,-6.073184013366699,12.042374610900879
40,6211,-7.576637268066406,8.923133850097656
40,6212,-8.070347785949707,4.600403308868408
40,6213,-7.100732803344727,13.827983856201172
40,6214,-7.736321926116943,6.4158935546875
40,6215,-7.262518405914307,9.42253303527832
40,6216,-6.661358833312988,8.441967010498047
40,6217,-8.501282691955566,7.946474075317383
40,6218,-7.099346160888672,9.890503883361816
40,6219,-6.0985589027404785,6.050934791564941
40,6220,-8.521408081054688,9.162954330444336
40,6221,-6.845724105834961,7.03715705871582
40,6222,-10.953899383544922,5.803919792175293
40,6223,-7.885292053222656,12.17001724243164
40,6224,-7.7606730461120605,5.976587295532227
40,6225,-7.89047908782959,10.9871826171875
40,6226,-6.396080493927002,8.025436401367188
40,6227,-6.258198261260986,7.9186482429504395
40,6228,-5.894044876098633,11.64351749420166
40,6229,-6.9926629066467285,13.087667465209961
40,6230,-7.903979301452637,7.243403434753418
40,6231,-7.616904258728027,12.001367568969727
40,6232,-7.0938005447387695,7.453464031219482
40,6233,-8.034688949584961,10.442246437072754
40,6234,-6.63926887512207,13.414705276489258
40,6235,-6.881537437438965,8.710928916931152
40,6236,-8.512621879577637,11.430557250976562
40,6237,-7.3554534912109375,11.160319328308105
40,6238,-6.824080944061279,9.753382682800293
40,6239,-7.90608549118042,9.927501678466797
40,6240,-8.931800842285156,6.3078694343566895
41,6241,-7.641305446624756,14.421270370483398
41,6242,-7.374975204467773,9.425153732299805
41,6243,-7.746010780334473,8.567863464355469
41,6244,-6.914044380187988,14.641754150390625
41,6245,-8.347853660583496,12.786303520202637
41,6246,-7.797991752624512,13.854345321655273
41,6247,-8.096482276916504,8.80787467956543
41,6248,-8.4122314453125,13.73967456817627
41,6249,-8.078539848327637,10.538297653198242
41,6250,-7.479197025299072,15.130398750305176
41,6251,-7.7427520751953125,10.732872009277344
41,6252,-6.759035587310791,10.805761337280273
41,6253,-7.967607021331787,11.202987670898438
41,6254,-8.904592514038086,11.405421257019043
41,6255,-7.336919784545898,12.468777656555176
41,6256,-6.496869087219238,10.667890548706055
41,6257,-7.187611103057861,11.549808502197266
41,6258,-9.094706535339355,8.154945373535156
41,6259,-7.352131366729736,17.281951904296875
41,6260,-7.404955863952637,7.564797401428223
41,6261,-8.690799713134766,13.487594604492188
41,6262,-6.796343803405762,10.6640043258667
41,6263,-7.12327766418457,9.736954689025879
41,6264,-7.03369140625,12.722763061523438
41,6265,-8.242587089538574,10.375143051147461
41,6266,-6.551810264587402,10.732213973999023
41,6267,-8.34335708618164,13.152101516723633
41,6268,-9.281290054321289,13.149867057800293
41,6269,-7.412084579467773,15.74884033203125
41,6270,-6.8093366622924805,8.842994689941406
41,6271,-6.79173469543457,11.679230690002441
41,6272,-7.326171398162842,9.802410125732422
41,6273,-6.49152946472168,11.208900451660156
41,6274,-7.413144111633301,8.92026138305664
41,6275,-8.390721321105957,16.983110427856445
41,6276,-8.181848526000977,13.54765510559082
41,6277,-7.3045573234558105,13.809803009033203
41,6278,-7.736819267272949,13.236449241638184
41,6279,-8.9606351852417,11.698003768920898
41,6280,-7.421766757965088,7.738836765289307
41,6281,-7.128353118896484,14.031810760498047
41,6282,-7.673800468444824,8.452406883239746
41,6283,-7.65803861618042,8.761034965515137
41,6284,-6.7665510177612305,11.300520896911621
41,6285,-8.302847862243652,11.972336769104004
41,6286,-8.660205841064453,22.275569915771484
41,6287,-8.087767601013184,7.743413925170898
41,6288,-8.35807991027832,7.0399932861328125
41,6289,-8.05264949798584,17.104896545410156
41,6290,-7.165986061096191,12.625482559204102
41,6291,-6.919925689697266,9.235607147216797
41,6292,-10.338274955749512,5.845204830169678
41,6293,-6.338069915771484,11.283174514770508
41,6294,-7.278477191925049,12.219335556030273
41,6295,-8.086311340332031,16.080429077148438
41,6296,-6.232326030731201,12.623836517333984
41,6297,-7.130190849304199,17.32903289794922
41,6298,-7.760664939880371,8.48410701751709
41,6299,-6.251879692077637,11.763150215148926
41,6300,-6.853177547454834,10.409244537353516
41,6301,-8.439497947692871,11.564565658569336
41,6302,-7.8130693435668945,16.04981231689453
41,6303,-6.910567760467529,10.255924224853516
41,6304,-6.554262161254883,8.665014266967773
41,6305,-8.483119010925293,12.717124938964844
41,6306,-6.454094886779785,6.018202304840088
41,6307,-7.7810959815979,9.384965896606445
41,6308,-7.449731349945068,12.104755401611328
41,6309,-7.542231559753418,6.95523738861084
41,6310,-8.234254837036133,12.334348678588867
41,6311,-6.127664089202881,8.474197387695312
41,6312,-8.849161148071289,14.086658477783203
41,6313,-6.925440788269043,12.800312042236328
41,6314,-7.166248321533203,13.70498275756836
41,6315,-7.947699069976807,8.07110595703125
41,6316,-5.804745197296143,10.080399513244629
41,6317,-8.090217590332031,10.28021240234375
41,6318,-6.951812267303467,12.060937881469727
41,6319,-7.9953694343566895,6.449075698852539
41,6320,-6.886437892913818,9.93579387664795
41,6321,-7.608057022094727,15.476166725158691
41,6322,-6.553522109985352,9.620145797729492
41,6323,-7.071434020996094,8.591514587402344
41,6324,-8.58877944946289,8.665862083435059
41,6325,-6.793692588806152,13.152959823608398
41,6326,-8.022421836853027,16.03998565673828
41,6327,-7.824749946594238,12.114603042602539
41,6328,-6.232685565948486,10.352458953857422
41,6329,-7.595344543457031,7.963747501373291
41,6330,-7.498778343200684,17.089717864990234
41,6331,-7.018257141113281,10.631280899047852
41,6332,-7.868515491485596,13.220518112182617
41,6333,-8.477649688720703,7.3788251876831055
41,6334,-8.339044570922852,6.622328758239746
41,6335,-8.507172584533691,11.047911643981934
41,6336,-7.514980792999268,8.776176452636719
41,6337,-7.9721174240112305,10.96483039855957
41,6338,-6.889092922210693,10.287437438964844
41,6339,-8.243717193603516,9.001996994018555
41,6340,-7.131895065307617,11.4404296875
41,6341,-6.9202117919921875,13.065433502197266
41,6342,-6.25217342376709,11.682147026062012
41,6343,-8.132365226745605,9.693975448608398
41,6344,-8.061761856079102,6.779007434844971
41,6345,-7.491950988769531,8.997786521911621
41,6346,-6.967133045196533,9.814160346984863
41,6347,-8.65167236328125,13.23536205291748
41,6348,-7.157986640930176,10.137670516967773
41,6349,-7.399515151977539,6.536084175109863
41,6350,-8.266498565673828,4.941871166229248
41,6351,-7.25684928894043,8.69813060760498
41,6352,-7.852423667907715,15.902939796447754
41,6353,-6.952705383300781,7.853304862976074
41,6354,-7.621980667114258,6.106853485107422
41,6355,-9.57653522491455,21.537635803222656
41,6356,-6.788027763366699,9.53768539428711
41,6357,-8.517584800720215,2.566554546356201
41,6358,-8.218952178955078,10.743267059326172
41,6359,-6.249969482421875,6.71306037902832
41,6360,-8.171135902404785,20.15176010131836
41,6361,-5.9871649742126465,9.808518409729004
41,6362,-7.356793403625488,7.344525337219238
41,6363,-6.788443565368652,10.034162521362305
41,6364,-6.299909591674805,12.860055923461914
41,6365,-8.185787200927734,6.634530067443848
41,6366,-8.871711730957031,12.212656021118164
41,6367,-6.758169174194336,10.618827819824219
41,6368,-5.806112766265869,10.104440689086914
41,6369,-8.364484786987305,8.327414512634277
41,6370,-7.17720890045166,14.855232238769531
41,6371,-6.339964866638184,8.766661643981934
41,6372,-6.739241600036621,9.773776054382324
41,6373,-7.438797950744629,10.186899185180664
41,6374,-8.251113891601562,5.0401716232299805
41,6375,-8.18083381652832,16.89730453491211
41,6376,-9.128349304199219,8.903854370117188
41,6377,-7.052529811859131,8.018739700317383
41,6378,-6.717165470123291,5.560060024261475
41,6379,-6.725617408752441,10.399832725524902
41,6380,-6.770994663238525,7.619033336639404
41,6381,-8.43887710571289,16.89478302001953
41,6382,-7.7220258712768555,10.78883171081543
41,6383,-7.408586502075195,8.827668190002441
41,6384,-7.191597938537598,10.256542205810547
41,6385,-8.003824234008789,9.91484260559082
41,6386,-7.9204583168029785,15.155139923095703
41,6387,-6.431980133056641,8.471675872802734
41,6388,-8.929367065429688,7.465660572052002
41,6389,-6.321950435638428,9.992053985595703
41,6390,-6.422658920288086,9.415285110473633
41,6391,-8.081979751586914,5.970331192016602
41,6392,-6.4774556159973145,9.371456146240234
41,6393,-6.666337013244629,5.628284454345703
41,6394,-8.031380653381348,10.22424030303955
41,6395,-7.115085601806641,11.819352149963379
41,6396,-9.03306770324707,10.418621063232422
42,6397,-7.544729709625244,16.271015167236328
42,6398,-7.361142635345459,11.211962699890137
42,6399,-6.912378311157227,7.907444953918457
42,6400,-7.713667392730713,13.924163818359375
42,6401,-7.358451843261719,10.047621726989746
42,6402,-7.156636714935303,13.421488761901855
42,6403,-9.585607528686523,8.870532989501953
42,6404,-7.228787422180176,13.92933464050293
42,6405,-7.706715106964111,6.61754846572876
42,6406,-5.927744388580322,7.150224208831787
42,6407,-8.025154113769531,11.972528457641602
42,6408,-7.924609661102295,14.608137130737305
42,6409,-8.46950912475586,7.307079315185547
42,6410,-7.365795135498047,11.798002243041992
42,6411,-7.019604682922363,11.487655639648438
42,6412,-7.510914325714111,12.166606903076172
42,6413,-6.885250091552734,12.950685501098633
42,6414,-7.022232532501221,10.768118858337402
42,6415,-7.432369709014893,11.435746192932129
42,6416,-7.293807029724121,9.572856903076172
42,6417,-7.915487289428711,5.864788055419922
42,6418,-7.213659286499023,19.32032012939453
42,6419,-8.8725004196167,7.347539901733398
42,6420,-6.978902816772461,10.472501754760742
42,6421,-7.511002540588379,12.626161575317383
42,6422,-7.9130401611328125,9.589920043945312
42,6423,-8.264575004577637,13.77551555633545
42,6424,-6.933756351470947,12.066795349121094
42,6425,-8.948989868164062,13.51865291595459
42,6426,-7.373833656311035,8.273120880126953
42,6427,-7.504299640655518,11.71873664855957
42,6428,-6.502468585968018,11.022948265075684
42,6429,-6.885503768920898,11.139724731445312
42,6430,-9.831215858459473,16.690956115722656
42,6431,-6.844588279724121,11.985265731811523
42,6432,-7.873608589172363,8.062344551086426
42,6433,-6.073517799377441,10.91137981414795
42,6434,-8.993308067321777,14.8090238571167
42,6435,-8.183746337890625,15.31808090209961
42,6436,-10.428470611572266,10.53744125366211
42,6437,-7.654767990112305,7.1861677169799805
42,6438,-7.03696346282959,8.118963241577148
42,6439,-6.6536407470703125,8.6114501953125
42,6440,-7.416686534881592,11.066329956054688
42,6441,-7.144730567932129,15.151239395141602
42,6442,-8.800122261047363,11.11806583404541
42,6443,-5.906104564666748,12.313072204589844
42,6444,-6.335742950439453,8.01116943359375
42,6445,-6.872499942779541,11.607828140258789
42,6446,-6.68772029876709,13.525371551513672
42,6447,-7.284266471862793,12.197088241577148
42,6448,-7.087370872497559,9.969796180725098
42,6449,-8.022893905639648,14.412814140319824
42,6450,-8.901193618774414,8.022310256958008
42,6451,-6.792891025543213,9.595572471618652
42,6452,-8.068620681762695,19.294639587402344
42,6453,-7.531448841094971,10.897611618041992
42,6454,-9.017822265625,10.663788795471191
42,6455,-6.567848205566406,9.603771209716797
42,6456,-8.725278854370117,11.31696605682373
42,6457,-6.71000337600708,14.168516159057617
42,6458,-7.182000160217285,11.251154899597168
42,6459,-7.478960990905762,9.763615608215332
42,6460,-8.566095352172852,18.049148559570312
42,6461,-7.119951248168945,7.673127174377441
42,6462,-6.684784889221191,9.147899627685547
42,6463,-7.914732933044434,6.115408420562744
42,6464,-8.0371732711792,8.879592895507812
42,6465,-8.333338737487793,16.561054229736328
42,6466,-5.940496921539307,5.726414680480957
42,6467,-8.245295524597168,6.767910003662109
42,6468,-9.349915504455566,14.436561584472656
42,6469,-6.8680806159973145,13.865091323852539
42,6470,-7.057285308837891,9.357768058776855
42,6471,-7.187791347503662,9.521280288696289
42,6472,-7.506919860839844,14.38220500946045
42,6473,-7.488497257232666,4.724277496337891
42,6474,-7.377588272094727,9.191587448120117
42,6475,-6.043004989624023,8.941634178161621
42,6476,-6.954903602600098,9.213072776794434
42,6477,-7.342499732971191,8.966591835021973
42,6478,-7.247697830200195,9.729569435119629
42,6479,-8.339495658874512,11.61948013305664
42,6480,-6.194067478179932,12.760454177856445
42,6481,-7.734152793884277,7.737607955932617
42,6482,-7.2626166343688965,10.10614013671875
42,6483,-6.498180866241455,10.174842834472656
42,6484,-7.619764804840088,10.847601890563965
42,6485,-7.091290473937988,8.680871963500977
42,6486,-7.210790634155273,9.732397079467773
42,6487,-7.424170970916748,6.481197834014893
42,6488,-7.529684066772461,8.859285354614258
42,6489,-6.738064289093018,11.639633178710938
42,6490,-7.1835737228393555,9.141355514526367
42,6491,-8.109637260437012,12.329428672790527
42,6492,-8.269745826721191,11.255834579467773
42,6493,-7.23310661315918,13.980937957763672
42,6494,-7.194079875946045,9.639015197753906
42,6495,-6.238557815551758,16.110260009765625
42,6496,-6.793619155883789,14.75809097290039
42,6497,-6.7064127922058105,12.342092514038086
42,6498,-7.425888538360596,10.903190612792969
42,6499,-8.398672103881836,13.871458053588867
42,6500,-6.292547702789307,13.062323570251465
42,6501,-7.13261079788208,12.344886779785156
42,6502,-6.744266033172607,7.726280689239502
42,6503,-7.46881103515625,13.438952445983887
42,6504,-7.722927570343018,9.824817657470703
42,6505,-7.43697452545166,15.512300491333008
42,6506,-7.033833980560303,10.8571138381958
42,6507,-7.112190246582031,11.48267936706543
42,6508,-7.331188678741455,9.678529739379883
42,6509,-6.629938125610352,9.565922737121582
42,6510,-6.64371919631958,9.767173767089844
42,6511,-6.6877264976501465,10.92141342163086
42,6512,-7.039451599121094,10.938285827636719
42,6513,-6.850727081298828,10.88432502746582
42,6514,-6.509280204772949,11.17117691040039
42,6515,-9.48940372467041,13.987980842590332
42,6516,-6.2621965408325195,3.3639702796936035
42,6517,-5.812271595001221,12.268653869628906
42,6518,-7.380912780761719,9.81180191040039
42,6519,-7.691864013671875,12.725893020629883
42,6520,-7.022948741912842,7.89958381652832
42,6521,-6.870964050292969,12.002758026123047
42,6522,-7.667803764343262,6.700324058532715
42,6523,-7.168341159820557,11.324641227722168
42,6524,-6.680102348327637,12.641165733337402
42,6525,-7.170403003692627,12.264837265014648
42,6526,-8.565032005310059,10.617405891418457
42,6527,-7.61942195892334,13.59642505645752
42,6528,-7.261536598205566,7.778677463531494
42,6529,-7.648104190826416,8.86124038696289
42,6530,-5.45435905456543,7.887961387634277
42,6531,-7.662217140197754,6.57139778137207
42,6532,-7.7331743240356445,12.641830444335938
42,6533,-7.22257661819458,9.326007843017578
42,6534,-6.309837341308594,11.555948257446289
42,6535,-7.446916580200195,8.182191848754883
42,6536,-6.737727165222168,10.027223587036133
42,6537,-7.978634834289551,14.324007034301758
42,6538,-6.716337203979492,6.195207595825195
42,6539,-6.671229362487793,8.967013359069824
42,6540,-6.711925506591797,10.801511764526367
42,6541,-7.539636135101318,16.142032623291016
42,6542,-6.683904647827148,10.563931465148926
42,6543,-7.812334060668945,10.801785469055176
42,6544,-6.833365440368652,8.3751220703125
42,6545,-7.511353969573975,8.761238098144531
42,6546,-9.961252212524414,15.674524307250977
42,6547,-6.51291036605835,6.004870414733887
42,6548,-6.48381233215332,12.375675201416016
42,6549,-7.484050750732422,8.940732955932617
42,6550,-9.04243278503418,16.060304641723633
42,6551,-7.072857856750488,12.004531860351562
42,6552,-6.987602233886719,11.215093612670898
43,6553,-7.413295269012451,9.21685791015625
43,6554,-6.536336421966553,12.752208709716797
43,6555,-8.678121566772461,10.167288780212402
43,6556,-6.679712295532227,13.032930374145508
43,6557,-7.749269962310791,15.46187973022461
43,6558,-8.349469184875488,9.634315490722656
43,6559,-9.150979995727539,20.10861587524414
43,6560,-7.25852108001709,10.85260009765625
43,6561,-7.7674360275268555,8.11143684387207
43,6562,-7.527148723602295,9.964115142822266
43,6563,-5.64268684387207,12.997964859008789
43,6564,-6.978542327880859,15.136844635009766
43,6565,-7.870368957519531,12.064611434936523
43,6566,-8.010488510131836,10.659939765930176
43,6567,-7.180589199066162,8.791820526123047
43,6568,-6.763234615325928,15.75394058227539
43,6569,-9.650972366333008,14.376002311706543
43,6570,-6.10811185836792,14.49778938293457
43,6571,-10.005566596984863,9.435612678527832
43,6572,-7.20781135559082,16.4068546295166
43,6573,-9.177847862243652,11.468788146972656
43,6574,-7.013321399688721,13.702376365661621
43,6575,-7.129846572875977,10.632320404052734
43,6576,-8.857338905334473,15.005906105041504
43,6577,-7.239252090454102,13.941112518310547
43,6578,-9.049322128295898,10.233053207397461
43,6579,-7.849922180175781,17.068370819091797
43,6580,-8.61752700805664,8.336380004882812
43,6581,-7.762484550476074,12.709217071533203
43,6582,-7.000828742980957,16.299678802490234
43,6583,-8.887381553649902,10.168720245361328
43,6584,-8.078001976013184,9.523886680603027
43,6585,-8.779471397399902,18.364912033081055
43,6586,-7.767032146453857,9.810328483581543
43,6587,-9.057185173034668,10.64481258392334
43,6588,-5.983632564544678,18.72793197631836
43,6589,-5.460518836975098,12.484094619750977
43,6590,-7.708451271057129,12.337431907653809
43,6591,-6.80609655380249,15.83098030090332
43,6592,-6.627476692199707,13.116907119750977
43,6593,-8.572650909423828,16.80672836303711
43,6594,-6.899532318115234,13.41579818725586
43,6595,-8.641700744628906,13.216672897338867
43,6596,-8.3572998046875,8.467849731445312
43,6597,-7.3491315841674805,17.106706619262695
43,6598,-7.050342559814453,14.39426326751709
43,6599,-7.314104080200195,9.091089248657227
43,6600,-7.640681266784668,12.343557357788086
43,6601,-7.332183837890625,6.753796577453613
43,6602,-7.64240837097168,9.319526672363281
43,6603,-7.5944108963012695,11.7410888671875
43,6604,-8.685154914855957,14.819257736206055
43,6605,-7.804147243499756,9.627021789550781
43,6606,-6.421313285827637,10.67546272277832
43,6607,-8.76703929901123,6.163455009460449
43,6608,-6.909207820892334,15.065401077270508
43,6609,-6.771162509918213,9.748146057128906
43,6610,-7.18320894241333,6.722193717956543
43,6611,-8.04513168334961,13.673408508300781
43,6612,-8.282543182373047,13.127555847167969
43,6613,-7.541014194488525,11.434982299804688
43,6614,-6.190590858459473,10.810943603515625
43,6615,-7.689781665802002,8.587596893310547
43,6616,-7.6472249031066895,13.260175704956055
43,6617,-7.936954498291016,8.943981170654297
43,6618,-8.378349304199219,19.093244552612305
43,6619,-5.974867343902588,7.582045555114746
43,6620,-7.945608615875244,9.054911613464355
43,6621,-6.728021144866943,15.6074857711792
43,6622,-7.6481828689575195,8.158062934875488
43,6623,-7.004573822021484,11.001607894897461
43,6624,-8.105612754821777,13.150915145874023
43,6625,-6.769687652587891,12.120458602905273
43,6626,-8.670975685119629,15.223482131958008
43,6627,-6.633744239807129,7.241658687591553
43,6628,-6.729759216308594,10.531355857849121
43,6629,-7.291559219360352,10.286169052124023
43,6630,-7.5208940505981445,13.289142608642578
43,6631,-7.804725170135498,12.879858016967773
43,6632,-7.349604606628418,17.063648223876953
43,6633,-8.550663948059082,12.81391716003418
43,6634,-7.883512496948242,10.000722885131836
43,6635,-7.349178791046143,11.311359405517578
43,6636,-7.649005889892578,8.119495391845703
43,6637,-7.768405914306641,5.151859283447266
43,6638,-7.117066383361816,15.712700843811035
43,6639,-6.723690986633301,10.984413146972656
43,6640,-7.5370354652404785,8.448664665222168
43,6641,-6.711731910705566,11.414985656738281
43,6642,-8.82043743133545,11.450379371643066
43,6643,-7.654646873474121,7.4660444259643555
43,6644,-7.0450053215026855,13.062129974365234
43,6645,-7.149357318878174,8.079776763916016
43,6646,-8.777721405029297,8.745706558227539
43,6647,-7.126121997833252,16.344884872436523
43,6648,-7.260096073150635,9.812986373901367
43,6649,-5.702247142791748,11.16579818725586
43,6650,-8.381987571716309,12.969572067260742
43,6651,-7.151548385620117,9.700387001037598
43,6652,-8.131004333496094,10.303634643554688
43,6653,-6.1306867599487305,10.049755096435547
43,6654,-7.71811580657959,8.082271575927734
43,6655,-8.288763999938965,12.062835693359375
43,6656,-7.667523384094238,7.648381233215332
43,6657,-6.3770551681518555,6.715480804443359
43,6658,-6.641068458557129,8.972583770751953
43,6659,-6.736728668212891,5.634303569793701
43,6660,-6.998725891113281,9.816568374633789
43,6661,-6.875382900238037,10.561763763427734
43,6662,-7.714834213256836,9.186279296875
43,6663,-6.54123592376709,14.574433326721191
43,6664,-5.837172985076904,8.999143600463867
43,6665,-9.210219383239746,6.977084159851074
43,6666,-7.244814872741699,6.940481662750244
43,6667,-8.812826156616211,13.36357307434082
43,6668,-6.915205001831055,11.334375381469727
43,6669,-6.3308916091918945,8.42725944519043
43,6670,-7.405989646911621,8.810750961303711
43,6671,-7.570290565490723,12.52650260925293
43,6672,-8.015604019165039,5.971487522125244
43,6673,-5.495491981506348,9.044748306274414
43,6674,-6.669577598571777,14.80632209777832
43,6675,-8.179832458496094,9.127038955688477
43,6676,-7.250811576843262,10.618892669677734
43,6677,-8.568114280700684,8.427485466003418
43,6678,-5.976926803588867,12.525693893432617
43,6679,-7.029189586639404,10.38674259185791
43,6680,-7.5945143699646,12.131586074829102
43,6681,-7.7312517166137695,14.68549919128418
43,6682,-6.9496541023254395,10.802790641784668
43,6683,-7.0147929191589355,11.534147262573242
43,6684,-5.4914116859436035,13.840197563171387
43,6685,-7.013351917266846,10.23741340637207
43,6686,-7.3021559715271,13.657696723937988
43,6687,-6.969000339508057,12.512842178344727
43,6688,-7.641543388366699,8.330225944519043
43,6689,-8.624192237854004,15.788805961608887
43,6690,-6.994851112365723,9.921916007995605
43,6691,-6.178312301635742,13.354145050048828
43,6692,-7.308108329772949,10.220558166503906
43,6693,-7.406067848205566,12.52263069152832
43,6694,-6.976914405822754,18.171396255493164
43,6695,-8.116064071655273,9.348865509033203
43,6696,-6.837413787841797,9.65140151977539
43,6697,-6.2897748947143555,13.270719528198242
43,6698,-8.33617115020752,12.300125122070312
43,6699,-7.3029375076293945,8.493517875671387
43,6700,-7.05122709274292,13.555306434631348
43,6701,-7.5382795333862305,12.964879035949707
43,6702,-6.745452880859375,13.024935722351074
43,6703,-7.189457893371582,9.793381690979004
43,6704,-6.549439907073975,11.527301788330078
43,6705,-8.101386070251465,9.422646522521973
43,6706,-7.244256973266602,13.050712585449219
43,6707,-7.412447929382324,16.174802780151367
43,6708,-6.598516941070557,14.36421012878418
44,6709,-7.812328338623047,16.677993774414062
44,6710,-7.221049785614014,14.467893600463867
44,6711,-7.048074722290039,11.353933334350586
44,6712,-6.907761573791504,17.175315856933594
44,6713,-8.870634078979492,11.614913940429688
44,6714,-7.623288154602051,14.980875015258789
44,6715,-7.022542953491211,8.475716590881348
44,6716,-8.05254077911377,9.808262825012207
44,6717,-7.0908331871032715,10.646917343139648
44,6718,-7.103070259094238,13.242067337036133
44,6719,-8.476724624633789,10.30128288269043
44,6720,-7.913928508758545,12.622087478637695
44,6721,-6.940500736236572,13.37049388885498
44,6722,-7.407031059265137,10.956186294555664
44,6723,-6.4615983963012695,11.309810638427734
44,6724,-7.079761028289795,11.481391906738281
44,6725,-7.547226905822754,7.662046432495117
44,6726,-8.353151321411133,17.23574447631836
44,6727,-7.223963737487793,11.460508346557617
44,6728,-8.159379005432129,13.56145191192627
44,6729,-7.015672206878662,8.130315780639648
44,6730,-7.172765731811523,8.042093276977539
44,6731,-6.964529514312744,15.105443954467773
44,6732,-6.476460933685303,12.534482955932617
44,6733,-7.926682472229004,8.953601837158203
44,6734,-6.94998836517334,10.22562026977539
44,6735,-8.379952430725098,14.966299057006836
44,6736,-7.0940423011779785,8.698675155639648
44,6737,-7.038086414337158,9.762971878051758
44,6738,-8.769784927368164,15.878928184509277
44,6739,-7.210536956787109,12.184713363647461
44,6740,-8.087152481079102,13.751152992248535
44,6741,-7.979882717132568,6.24318790435791
44,6742,-7.159769535064697,10.943025588989258
44,6743,-7.461683750152588,13.262557983398438
44,6744,-7.143789768218994,7.366851806640625
44,6745,-7.424168109893799,11.757855415344238
44,6746,-6.569644451141357,7.560619354248047
44,6747,-6.987216472625732,13.143730163574219
44,6748,-7.298707962036133,9.666667938232422
44,6749,-7.873398780822754,14.911316871643066
44,6750,-6.222691059112549,10.651065826416016
44,6751,-7.36939001083374,14.614160537719727
44,6752,-8.910442352294922,5.932295799255371
44,6753,-7.504035949707031,12.594480514526367
44,6754,-7.1603593826293945,15.188130378723145
44,6755,-6.442292213439941,8.310911178588867
44,6756,-5.628256797790527,9.475903511047363
44,6757,-6.955085277557373,9.228520393371582
44,6758,-8.034341812133789,11.107918739318848
44,6759,-7.583596229553223,7.067595958709717
44,6760,-8.228303909301758,14.366859436035156
44,6761,-6.326006889343262,7.5463690757751465
44,6762,-7.97784948348999,11.72149658203125
44,6763,-7.2292094230651855,10.185653686523438
44,6764,-7.1867523193359375,12.242445945739746
44,6765,-8.015363693237305,11.133193969726562
44,6766,-7.828223705291748,13.283792495727539
44,6767,-6.512543201446533,10.76705551147461
44,6768,-7.353662014007568,11.465103149414062
44,6769,-6.6681413650512695,6.850992202758789
44,6770,-6.892927646636963,6.603724479675293
44,6771,-7.333114147186279,7.836950778961182
44,6772,-8.412750244140625,11.75529670715332
44,6773,-7.2695112228393555,7.152749061584473
44,6774,-7.761536598205566,6.358017921447754
44,6775,-8.839094161987305,11.64017105102539
44,6776,-6.760617256164551,10.620889663696289
44,6777,-8.000467300415039,11.396684646606445
44,6778,-7.2820539474487305,7.575667381286621
44,6779,-6.695287227630615,13.284368515014648
44,6780,-6.459447383880615,11.096343994140625
44,6781,-6.8437395095825195,14.019392013549805
44,6782,-7.981939315795898,11.211753845214844
44,6783,-7.6140360832214355,16.17511558532715
44,6784,-7.654641628265381,14.844300270080566
44,6785,-7.1088948249816895,8.633319854736328
44,6786,-7.931596279144287,11.146381378173828
44,6787,-7.894491195678711,11.019850730895996
44,6788,-6.1978607177734375,14.27049446105957
44,6789,-7.638587474822998,11.936765670776367
44,6790,-7.678109169006348,8.657909393310547
44,6791,-7.182243824005127,9.807563781738281
44,6792,-8.70629596710205,11.693049430847168
44,6793,-6.56410026550293,12.723395347595215
44,6794,-6.606149196624756,6.772124767303467
44,6795,-7.898512840270996,7.90980339050293
44,6796,-7.949976921081543,8.766408920288086
44,6797,-6.286054611206055,11.857028007507324
44,6798,-8.617973327636719,8.922785758972168
44,6799,-6.264852046966553,10.60673999786377
44,6800,-8.844554901123047,7.147273063659668
44,6801,-7.253620147705078,13.571869850158691
44,6802,-8.953675270080566,12.877042770385742
44,6803,-8.243224143981934,6.124433517456055
44,6804,-6.70548152923584,11.710866928100586
44,6805,-6.372791767120361,13.07325553894043
44,6806,-7.849697589874268,7.521758079528809
44,6807,-6.939754962921143,15.810721397399902
44,6808,-6.646793842315674,10.453641891479492
44,6809,-6.6396684646606445,10.351186752319336
44,6810,-6.663876056671143,10.328365325927734
44,6811,-7.409190654754639,12.584566116333008
44,6812,-7.766429424285889,14.185020446777344
44,6813,-6.367369651794434,11.821041107177734
44,6814,-8.64346981048584,5.615776062011719
44,6815,-6.959545135498047,13.16183090209961
44,6816,-5.276725769042969,11.20585823059082
44,6817,-7.079224586486816,9.10794448852539
44,6818,-9.522541999816895,13.749092102050781
44,6819,-6.528703212738037,10.868562698364258
44,6820,-7.118080139160156,4.494238376617432
44,6821,-7.820427894592285,10.393393516540527
44,6822,-6.681011199951172,8.22828483581543
44,6823,-7.113961696624756,9.91010856628418
44,6824,-8.53945255279541,11.531447410583496
44,6825,-7.234673500061035,10.451780319213867
44,6826,-5.930547714233398,8.543270111083984
44,6827,-7.384688377380371,7.297793388366699
44,6828,-7.801644325256348,14.276819229125977
44,6829,-7.1032280921936035,12.278684616088867
44,6830,-7.563579559326172,5.791629791259766
44,6831,-6.99121618270874,10.600433349609375
44,6832,-6.602971076965332,13.826700210571289
44,6833,-8.57522201538086,9.483776092529297
44,6834,-8.767402648925781,20.453262329101562
44,6835,-8.249645233154297,9.502787590026855
44,6836,-6.270695686340332,10.16407585144043
44,6837,-7.1740241050720215,8.2183256149292
44,6838,-6.939330577850342,14.460411071777344
44,6839,-6.95198917388916,8.819580078125
44,6840,-6.962628364562988,12.796900749206543
44,6841,-6.903746128082275,11.225061416625977
44,6842,-7.156358242034912,8.171010971069336
44,6843,-7.077761650085449,10.243836402893066
44,6844,-7.010368824005127,15.018409729003906
44,6845,-7.0737104415893555,12.78246784210205
44,6846,-6.363979339599609,11.064743041992188
44,6847,-9.401954650878906,8.894865036010742
44,6848,-6.374608516693115,7.454708099365234
44,6849,-7.72683048248291,8.189738273620605
44,6850,-6.322988510131836,14.508903503417969
44,6851,-8.230106353759766,10.283866882324219
44,6852,-6.742198944091797,12.00210189819336
44,6853,-9.12720775604248,11.000267028808594
44,6854,-6.2724785804748535,8.90138053894043
44,6855,-6.945974826812744,11.067821502685547
44,6856,-8.550443649291992,7.057812690734863
44,6857,-5.6375274658203125,11.326149940490723
44,6858,-7.06553316116333,10.905352592468262
44,6859,-6.264631271362305,11.8869047164917
44,6860,-5.764423847198486,11.831686973571777
44,6861,-8.297110557556152,8.974267959594727
44,6862,-6.858478546142578,10.817578315734863
44,6863,-7.606632232666016,6.45372200012207
44,6864,-6.452244758605957,10.637438774108887
45,6865,-7.864604949951172,11.556768417358398
45,6866,-8.604485511779785,17.38918113708496
45,6867,-6.791684150695801,10.53026008605957
45,6868,-7.451581954956055,7.35899543762207
45,6869,-7.733729839324951,9.66958999633789
45,6870,-8.016551971435547,5.8499674797058105
45,6871,-6.854367733001709,6.797607898712158
45,6872,-9.197062492370605,10.697391510009766
45,6873,-7.712890148162842,10.332038879394531
45,6874,-7.788809776306152,14.588624954223633
45,6875,-7.540156364440918,8.67352294921875
45,6876,-6.912881851196289,10.67520809173584
45,6877,-8.149864196777344,12.68217658996582
45,6878,-8.054543495178223,10.635433197021484
45,6879,-8.076963424682617,13.030111312866211
45,6880,-6.568808555603027,10.136924743652344
45,6881,-8.026086807250977,7.039753437042236
45,6882,-9.439743995666504,13.52711296081543
45,6883,-9.511563301086426,12.94531536102295
45,6884,-7.28064489364624,3.1552367210388184
45,6885,-7.469634056091309,6.819565296173096
45,6886,-6.550536155700684,9.270326614379883
45,6887,-6.250601768493652,12.366195678710938
45,6888,-7.942058563232422,8.71444320678711
45,6889,-7.65902042388916,8.265345573425293
45,6890,-7.335302352905273,14.091269493103027
45,6891,-7.426083564758301,13.815498352050781
45,6892,-6.0156331062316895,12.679548263549805
45,6893,-6.840440273284912,11.344353675842285
45,6894,-8.956186294555664,8.162283897399902
45,6895,-6.968486309051514,8.449352264404297
45,6896,-7.131283760070801,10.092412948608398
45,6897,-6.670820236206055,13.788240432739258
45,6898,-7.344508171081543,7.347995758056641
45,6899,-7.948779106140137,11.464639663696289
45,6900,-6.352377891540527,10.449701309204102
45,6901,-8.22197151184082,11.160165786743164
45,6902,-7.449715614318848,8.143031120300293
45,6903,-6.55677604675293,11.806746482849121
45,6904,-7.53428840637207,11.816583633422852
45,6905,-7.215210914611816,10.278165817260742
45,6906,-7.4371185302734375,15.079965591430664
45,6907,-6.450206279754639,13.223321914672852
45,6908,-7.1224284172058105,14.700736999511719
45,6909,-6.657097816467285,9.055541038513184
45,6910,-7.791755676269531,10.252734184265137
45,6911,-7.614840030670166,15.184578895568848
45,6912,-6.891933917999268,13.93968391418457
45,6913,-7.732692241668701,13.388601303100586
45,6914,-7.953946590423584,11.021550178527832
45,6915,-6.920347213745117,10.075433731079102
45,6916,-6.72810173034668,10.919526100158691
45,6917,-6.861655235290527,12.266763687133789
45,6918,-7.987371444702148,12.663919448852539
45,6919,-7.1304731369018555,15.609410285949707
45,6920,-6.776243209838867,11.121905326843262
45,6921,-7.138796806335449,11.807629585266113
45,6922,-6.89119291305542,9.926088333129883
45,6923,-7.381113052368164,13.4320707321167
45,6924,-7.408361434936523,9.79032039642334
45,6925,-5.740320205688477,13.887136459350586
45,6926,-6.790031433105469,12.743886947631836
45,6927,-7.583118915557861,15.345561981201172
45,6928,-7.472949981689453,10.896095275878906
45,6929,-9.726855278015137,6.142248630523682
45,6930,-6.242558002471924,15.474607467651367
45,6931,-6.125824451446533,10.327414512634277
45,6932,-6.954868316650391,11.005516052246094
45,6933,-7.568980693817139,15.970311164855957
45,6934,-8.524298667907715,8.223209381103516
45,6935,-6.367968559265137,16.49825668334961
45,6936,-7.95011568069458,10.577573776245117
45,6937,-6.378511428833008,14.873241424560547
45,6938,-8.075492858886719,10.66578197479248
45,6939,-7.86838436126709,13.056844711303711
45,6940,-7.48249626159668,14.948831558227539
45,6941,-7.1861724853515625,11.089235305786133
45,6942,-7.053515911102295,14.394937515258789
45,6943,-6.969515800476074,15.262754440307617
45,6944,-7.7817792892456055,13.705911636352539
45,6945,-7.718783378601074,11.413631439208984
45,6946,-7.510166168212891,11.291555404663086
45,6947,-7.420777320861816,14.454286575317383
45,6948,-8.479214668273926,10.975475311279297
45,6949,-7.304471015930176,8.375865936279297
45,6950,-7.851685523986816,11.330482482910156
45,6951,-7.036213397979736,16.771549224853516
45,6952,-7.822867393493652,10.923048973083496
45,6953,-7.372994899749756,10.863870620727539
45,6954,-7.057477951049805,10.397069931030273
45,6955,-6.893558025360107,12.140752792358398
45,6956,-7.739144325256348,18.11387062072754
45,6957,-8.445011138916016,9.103822708129883
45,6958,-6.724554061889648,6.551821231842041
45,6959,-6.983398914337158,11.839019775390625
45,6960,-7.592424392700195,11.275901794433594
45,6961,-7.363268852233887,11.436995506286621
45,6962,-8.280840873718262,13.912508010864258
45,6963,-7.668675422668457,17.64333724975586
45,6964,-6.5348334312438965,11.457021713256836
45,6965,-7.857738494873047,14.375836372375488
45,6966,-6.286153316497803,15.223642349243164
45,6967,-6.439436435699463,12.594841003417969
45,6968,-6.427750110626221,10.564920425415039
45,6969,-8.530902862548828,7.119014739990234
45,6970,-6.530976295471191,13.713791847229004
45,6971,-8.228048324584961,13.413434982299805
45,6972,-6.601824760437012,9.681132316589355
45,6973,-7.129552841186523,4.492377281188965
45,6974,-7.904443740844727,6.6609392166137695
45,6975,-6.474514007568359,10.161685943603516
45,6976,-7.280256271362305,12.95881175994873
45,6977,-7.317455768585205,11.054253578186035
45,6978,-5.792898178100586,12.104280471801758
45,6979,-6.10661506652832,9.254678726196289
45,6980,-8.371576309204102,13.774774551391602
45,6981,-7.658300876617432,14.16757583618164
45,6982,-7.53507137298584,10.813179016113281
45,6983,-7.635536193847656,10.286125183105469
45,6984,-6.932745456695557,6.675083637237549
45,6985,-5.920418739318848,11.498595237731934
45,6986,-8.122991561889648,6.3229780197143555
45,6987,-7.719427585601807,12.969598770141602
45,6988,-8.594276428222656,6.0465803146362305
45,6989,-7.063338279724121,10.757893562316895
45,6990,-6.997431755065918,10.852232933044434
45,6991,-7.120799541473389,18.326366424560547
45,6992,-7.282988548278809,9.425161361694336
45,6993,-5.9859161376953125,8.795637130737305
45,6994,-6.749171733856201,8.744560241699219
45,6995,-8.817109107971191,10.677726745605469
45,6996,-6.348785400390625,15.006168365478516
45,6997,-7.13792610168457,9.696248054504395
45,6998,-6.827592372894287,8.389152526855469
45,6999,-6.678646087646484,10.711265563964844
45,7000,-8.736701011657715,18.445924758911133
45,7001,-6.551249980926514,9.450034141540527
45,7002,-6.499851703643799,11.119514465332031
45,7003,-6.380430221557617,8.759326934814453
45,7004,-7.420127868652344,15.315074920654297
45,7005,-7.427600860595703,6.191230773925781
45,7006,-7.347429275512695,13.438852310180664
45,7007,-8.602721214294434,4.951793670654297
45,7008,-6.140352725982666,12.57475471496582
45,7009,-5.719580173492432,11.953737258911133
45,7010,-6.852291107177734,12.404534339904785
45,7011,-6.700517177581787,8.56118392944336
45,7012,-7.815924167633057,15.523040771484375
45,7013,-7.713005542755127,6.911949634552002
45,7014,-6.040741443634033,9.73739242553711
45,7015,-6.282898902893066,8.081565856933594
45,7016,-7.692375183105469,6.265021324157715
45,7017,-6.916214466094971,12.805341720581055
45,7018,-7.842860698699951,9.459554672241211
45,7019,-6.871841907501221,9.659781455993652
45,7020,-6.745067119598389,9.03269100189209
46,7021,-7.561182498931885,17.858428955078125
46,7022,-7.077617645263672,16.021799087524414
46,7023,-6.922032356262207,9.283109664916992
46,7024,-9.472538948059082,8.922712326049805
46,7025,-8.699079513549805,13.966863632202148
46,7026,-6.653469085693359,11.809967041015625
46,7027,-7.729759693145752,12.742440223693848
46,7028,-6.905337333679199,7.848291397094727
46,7029,-6.945826530456543,10.699155807495117
46,7030,-8.640274047851562,8.559013366699219
46,7031,-7.889773368835449,11.42342472076416
46,7032,-7.269538879394531,11.534647941589355
46,7033,-7.049197673797607,11.432228088378906
46,7034,-7.051729202270508,8.249484062194824
46,7035,-7.675875186920166,8.337955474853516
46,7036,-7.670037269592285,10.950014114379883
46,7037,-7.958402633666992,6.438375473022461
46,7038,-8.647419929504395,10.532572746276855
46,7039,-7.928674697875977,5.681413650512695
46,7040,-7.4877824783325195,9.760180473327637
46,7041,-6.510664939880371,12.692146301269531
46,7042,-7.170082092285156,10.244729995727539
46,7043,-8.15482234954834,9.872618675231934
46,7044,-7.9062724113464355,9.983379364013672
46,7045,-6.850235939025879,8.64698600769043
46,7046,-7.649488925933838,6.531160831451416
46,7047,-7.66908073425293,11.695476531982422
46,7048,-8.792253494262695,9.135619163513184
46,7049,-6.8508687019348145,10.68962287902832
46,7050,-7.340906143188477,9.507152557373047
46,7051,-6.954334259033203,12.078803062438965
46,7052,-9.037067413330078,8.311567306518555
46,7053,-7.543582916259766,12.794676780700684
46,7054,-7.223472595214844,18.10671043395996
46,7055,-6.956374168395996,15.547632217407227
46,7056,-7.18585205078125,12.946453094482422
46,7057,-8.000238418579102,13.962791442871094
46,7058,-7.044205188751221,7.89478874206543
46,7059,-9.476832389831543,13.134329795837402
46,7060,-8.006170272827148,14.644848823547363
46,7061,-6.262223720550537,8.154486656188965
46,7062,-7.914926528930664,8.550289154052734
46,7063,-7.068726539611816,12.06623649597168
46,7064,-7.846514701843262,7.744297981262207
46,7065,-8.625726699829102,9.165018081665039
46,7066,-8.008891105651855,14.707901000976562
46,7067,-7.78762149810791,10.867624282836914
46,7068,-7.635461330413818,11.449936866760254
46,7069,-8.184767723083496,7.157405853271484
46,7070,-7.352560043334961,12.54854965209961
46,7071,-7.363668441772461,11.493619918823242
46,7072,-6.891393661499023,11.547399520874023
46,7073,-8.052229881286621,12.945610046386719
46,7074,-6.761409759521484,8.161333084106445
46,7075,-7.3406982421875,9.312189102172852
46,7076,-6.837457180023193,12.685831069946289
46,7077,-7.157490253448486,10.496509552001953
46,7078,-7.8807692527771,12.461181640625
46,7079,-8.554435729980469,14.086548805236816
46,7080,-6.798284530639648,9.231460571289062
46,7081,-7.38985538482666,12.199767112731934
46,7082,-5.577785491943359,8.32904052734375
46,7083,-7.3743367195129395,9.382838249206543
46,7084,-6.883756637573242,12.06957721710205
46,7085,-7.638616561889648,9.004150390625
46,7086,-6.984066009521484,10.37655258178711
46,7087,-7.665175914764404,12.35548210144043
46,7088,-7.34606409072876,8.853591918945312
46,7089,-6.790097713470459,10.281964302062988
46,7090,-7.925380706787109,12.757858276367188
46,7091,-7.276298999786377,14.922689437866211
46,7092,-6.753653049468994,9.424985885620117
46,7093,-7.071627616882324,12.75556468963623
46,7094,-8.227039337158203,10.735857009887695
46,7095,-7.2557902336120605,9.33631706237793
46,7096,-7.673560619354248,6.9244585037231445
46,7097,-6.625910758972168,9.416266441345215
46,7098,-6.559896469116211,13.713567733764648
46,7099,-8.20528507232666,11.554149627685547
46,7100,-8.289520263671875,7.673479080200195
46,7101,-7.620748043060303,11.532428741455078
46,7102,-7.683838367462158,9.826762199401855
46,7103,-6.962016582489014,15.233369827270508
46,7104,-6.660967826843262,10.551534652709961
46,7105,-7.660831451416016,11.716402053833008
46,7106,-5.93625020980835,12.697504043579102
46,7107,-8.334829330444336,4.17765998840332
46,7108,-8.505463600158691,18.209821701049805
46,7109,-6.650359153747559,11.656402587890625
46,7110,-8.060665130615234,10.20312213897705
46,7111,-6.567440986633301,14.670293807983398
46,7112,-7.438389778137207,10.835525512695312
46,7113,-6.117297172546387,11.538924217224121
46,7114,-6.581541061401367,12.705948829650879
46,7115,-7.2474493980407715,10.396219253540039
46,7116,-6.4956231117248535,10.673357009887695
46,7117,-7.199572563171387,12.81424331665039
46,7118,-6.926897048950195,9.143590927124023
46,7119,-7.5150957107543945,11.303644180297852
46,7120,-5.498595714569092,11.288342475891113
46,7121,-5.857438087463379,11.114361763000488
46,7122,-7.831240177154541,10.15786075592041
46,7123,-7.608883857727051,14.062735557556152
46,7124,-6.894243240356445,7.820910453796387
46,7125,-7.895112037658691,11.138240814208984
46,7126,-8.29379653930664,14.605978012084961
46,7127,-7.594547748565674,8.489402770996094
46,7128,-8.285719871520996,10.511187553405762
46,7129,-7.163475036621094,14.571892738342285
46,7130,-7.443950653076172,7.783190727233887
46,7131,-7.0324835777282715,4.193477630615234
46,7132,-6.932641983032227,9.134366989135742
46,7133,-7.137479305267334,12.776514053344727
46,7134,-7.247814178466797,8.6300048828125
46,7135,-6.583164215087891,12.155257225036621
46,7136,-7.937732696533203,4.609607219696045
46,7137,-6.9152631759643555,11.523595809936523
46,7138,-10.553262710571289,15.070741653442383
46,7139,-8.165167808532715,5.026920795440674
46,7140,-8.249954223632812,5.684957981109619
46,7141,-6.5453996658325195,11.606942176818848
46,7142,-9.154021263122559,11.92672348022461
46,7143,-6.723197937011719,12.789680480957031
46,7144,-6.279814720153809,13.799407005310059
46,7145,-7.223776817321777,7.252211093902588
46,7146,-6.265170574188232,9.795442581176758
46,7147,-6.4751691818237305,8.22952651977539
46,7148,-6.0849103927612305,9.49592399597168
46,7149,-7.627289295196533,12.76972484588623
46,7150,-6.111880302429199,11.792927742004395
46,7151,-7.215033531188965,11.137860298156738
46,7152,-7.036509037017822,11.025453567504883
46,7153,-6.182910919189453,11.196022033691406
46,7154,-7.41074275970459,9.430900573730469
46,7155,-6.39621639251709,8.756500244140625
46,7156,-7.377553462982178,16.574935913085938
46,7157,-7.324449062347412,8.503984451293945
46,7158,-8.219518661499023,15.442877769470215
46,7159,-6.755783557891846,11.922351837158203
46,7160,-8.589883804321289,12.483701705932617
46,7161,-6.583590507507324,12.66993522644043
46,7162,-6.967587947845459,8.800675392150879
46,7163,-6.8231658935546875,12.591520309448242
46,7164,-6.781027793884277,10.447490692138672
46,7165,-7.4508056640625,12.550028800964355
46,7166,-6.953979015350342,10.573785781860352
46,7167,-7.707833290100098,14.286470413208008
46,7168,-6.821307182312012,7.947433948516846
46,7169,-8.478504180908203,6.984537124633789
46,7170,-7.401336669921875,16.365264892578125
46,7171,-6.7395124435424805,10.02186107635498
46,7172,-8.140233993530273,14.838645935058594
46,7173,-6.002028942108154,10.195377349853516
46,7174,-6.537579536437988,9.378713607788086
46,7175,-6.095525741577148,14.10503101348877
46,7176,-7.474245548248291,11.14592170715332
47,7177,-8.41602611541748,11.995675086975098
47,7178,-7.021527290344238,10.024579048156738
47,7179,-7.6345038414001465,12.753096580505371
47,7180,-7.942845821380615,11.03184700012207
47,7181,-7.222403526306152,13.250051498413086
47,7182,-7.213735103607178,11.069520950317383
47,7183,-7.344321250915527,10.77525520324707
47,7184,-7.513713359832764,10.198673248291016
47,7185,-6.8437018394470215,17.031370162963867
47,7186,-7.622503280639648,10.783941268920898
47,7187,-7.085873603820801,11.426881790161133
47,7188,-7.866841793060303,9.407691955566406
47,7189,-7.198147773742676,14.286491394042969
47,7190,-7.448897838592529,9.00274658203125
47,7191,-7.160648345947266,11.212002754211426
47,7192,-7.11103630065918,11.160446166992188
47,7193,-8.656855583190918,11.230464935302734
47,7194,-6.587294101715088,9.29738998413086
47,7195,-7.778155326843262,14.695503234863281
47,7196,-6.403234481811523,13.306888580322266
47,7197,-7.156406402587891,10.424190521240234
47,7198,-7.512607574462891,10.952999114990234
47,7199,-8.777180671691895,19.085407257080078
47,7200,-6.973639488220215,13.177654266357422
47,7201,-7.066518783569336,12.48959732055664
47,7202,-7.528905391693115,10.363927841186523
47,7203,-6.784789085388184,9.873971939086914
47,7204,-6.9422078132629395,12.078777313232422
47,7205,-7.06308650970459,13.553535461425781
47,7206,-7.55080509185791,6.776589393615723
47,7207,-7.751750946044922,15.200911521911621
47,7208,-9.20806884765625,17.3055419921875
47,7209,-6.906618118286133,8.130731582641602
47,7210,-8.169286727905273,9.092872619628906
47,7211,-7.239238739013672,16.695459365844727
47,7212,-8.079312324523926,10.31863021850586
47,7213,-6.817154884338379,17.084354400634766
47,7214,-6.285192012786865,12.99952220916748
47,7215,-6.427702903747559,13.141489028930664
47,7216,-8.018632888793945,13.502460479736328
47,7217,-6.5556440353393555,14.840720176696777
47,7218,-7.079111099243164,14.314153671264648
47,7219,-6.8093647956848145,17.30268096923828
47,7220,-8.502527236938477,13.881052017211914
47,7221,-6.210407733917236,11.174901008605957
47,7222,-7.366359233856201,13.113825798034668
47,7223,-8.461050033569336,10.898361206054688
47,7224,-8.632518768310547,11.822296142578125
47,7225,-6.947323322296143,15.585287094116211
47,7226,-7.043283939361572,14.105722427368164
47,7227,-9.493422508239746,17.14663314819336
47,7228,-6.4056501388549805,11.794740676879883
47,7229,-7.5438947677612305,7.651790618896484
47,7230,-6.339380741119385,9.94933795928955
47,7231,-8.088889122009277,9.881321907043457
47,7232,-9.918116569519043,12.194436073303223
47,7233,-6.011327266693115,12.105972290039062
47,7234,-7.2475666999816895,11.103933334350586
47,7235,-6.854999542236328,12.911951065063477
47,7236,-7.007087707519531,14.190324783325195
47,7237,-7.910530090332031,14.147455215454102
47,7238,-7.139901638031006,14.916457176208496
47,7239,-7.972415924072266,14.904434204101562
47,7240,-8.302716255187988,13.157892227172852
47,7241,-7.5726494789123535,13.451021194458008
47,7242,-6.779993057250977,12.990755081176758
47,7243,-6.832406997680664,9.166852951049805
47,7244,-7.451507568359375,10.43136978149414
47,7245,-8.049503326416016,8.528904914855957
47,7246,-7.150622367858887,10.016051292419434
47,7247,-7.32432746887207,8.378778457641602
47,7248,-6.6331377029418945,9.09922981262207
47,7249,-8.815718650817871,18.548137664794922
47,7250,-5.838342189788818,7.47372579574585
47,7251,-8.229913711547852,11.50894546508789
47,7252,-6.918618202209473,7.486170768737793
47,7253,-7.463210582733154,11.241682052612305
47,7254,-7.763822555541992,13.635327339172363
47,7255,-7.467034339904785,9.277743339538574
47,7256,-6.452756404876709,11.499839782714844
47,7257,-7.643272876739502,15.644150733947754
47,7258,-7.012694835662842,11.87833309173584
47,7259,-7.367765426635742,6.726548194885254
47,7260,-6.91224479675293,13.426739692687988
47,7261,-6.923070907592773,12.089554786682129
47,7262,-7.988611221313477,10.152563095092773
47,7263,-6.687814712524414,10.819805145263672
47,7264,-7.954080104827881,9.202470779418945
47,7265,-6.881396770477295,7.755006313323975
47,7266,-7.233077049255371,8.340886116027832
47,7267,-7.380493640899658,11.04859733581543
47,7268,-8.493268013000488,9.241395950317383
47,7269,-6.279695510864258,13.615254402160645
47,7270,-7.690641403198242,8.599869728088379
47,7271,-7.665308475494385,10.739153861999512
47,7272,-6.26206111907959,14.064895629882812
47,7273,-7.9007697105407715,8.791940689086914
47,7274,-6.818190574645996,10.970069885253906
47,7275,-8.460061073303223,13.611446380615234
47,7276,-5.906122207641602,7.872888565063477
47,7277,-7.111667156219482,9.700697898864746
47,7278,-7.240818023681641,13.675857543945312
47,7279,-7.151240348815918,9.551800727844238
47,7280,-7.886796951293945,16.477262496948242
47,7281,-7.994810104370117,8.755069732666016
47,7282,-6.786716461181641,10.955254554748535
47,7283,-7.074706077575684,10.501705169677734
47,7284,-7.558667182922363,9.432979583740234
47,7285,-6.680683135986328,8.123764038085938
47,7286,-7.35239315032959,9.470165252685547
47,7287,-7.0712151527404785,13.782208442687988
47,7288,-7.167041778564453,11.762428283691406
47,7289,-7.922414779663086,11.55767822265625
47,7290,-7.906662940979004,5.737500190734863
47,7291,-6.727537155151367,7.380084991455078
47,7292,-8.249763488769531,17.10468292236328
47,7293,-7.613004207611084,10.290176391601562
47,7294,-6.713348865509033,6.469306468963623
47,7295,-7.0159831047058105,9.45415210723877
47,7296,-7.267641544342041,8.524971008300781
47,7297,-6.400542259216309,10.010295867919922
47,7298,-8.116296768188477,8.190238952636719
47,7299,-6.718991279602051,8.239840507507324
47,7300,-8.103233337402344,16.966766357421875
47,7301,-6.695510387420654,9.03455924987793
47,7302,-8.834738731384277,11.492193222045898
47,7303,-6.620497703552246,11.258530616760254
47,7304,-6.453313827514648,9.282306671142578
47,7305,-7.167381286621094,13.051715850830078
47,7306,-8.056777954101562,9.714372634887695
47,7307,-7.6342620849609375,10.736014366149902
47,7308,-7.742862224578857,5.90085506439209
47,7309,-6.615772724151611,9.908132553100586
47,7310,-7.305952072143555,8.60607624053955
47,7311,-6.588964462280273,11.69483757019043
47,7312,-6.521161079406738,10.059273719787598
47,7313,-6.839531898498535,11.220478057861328
47,7314,-6.984081268310547,8.570792198181152
47,7315,-8.145766258239746,9.288148880004883
47,7316,-7.859570503234863,6.809630870819092
47,7317,-6.58304500579834,10.208078384399414
47,7318,-7.106743335723877,8.147459030151367
47,7319,-6.186222553253174,10.173240661621094
47,7320,-6.812020301818848,11.002044677734375
47,7321,-7.52783727645874,8.307841300964355
47,7322,-7.311943531036377,12.357088088989258
47,7323,-6.594539642333984,10.463658332824707
47,7324,-9.74767017364502,5.103468894958496
47,7325,-5.675943374633789,11.939098358154297
47,7326,-6.250444412231445,14.507389068603516
47,7327,-7.46056604385376,10.027022361755371
47,7328,-6.714899063110352,10.332540512084961
47,7329,-6.987985134124756,11.11440372467041
47,7330,-6.5759992599487305,13.24919319152832
47,7331,-6.743626117706299,8.408011436462402
47,7332,-7.7684102058410645,13.210382461547852
48,7333,-7.256931304931641,10.833221435546875
48,7334,-7.3699235916137695,13.912755966186523
48,7335,-8.48433780670166,6.7361955642700195
48,7336,-8.368854522705078,12.088172912597656
48,7337,-9.263800621032715,15.234554290771484
48,7338,-6.411464691162109,13.514572143554688
48,7339,-7.773011207580566,8.14974594116211
48,7340,-6.854187965393066,12.740426063537598
48,7341,-10.81246566772461,14.81909465789795
48,7342,-6.84920072555542,12.115555763244629
48,7343,-7.713881969451904,13.220948219299316
48,7344,-6.53663444519043,10.281880378723145
48,7345,-7.340609073638916,12.531950950622559
48,7346,-6.910850524902344,13.095613479614258
48,7347,-7.092306137084961,12.320582389831543
48,7348,-7.593106269836426,11.464852333068848
48,7349,-7.3475341796875,13.116676330566406
48,7350,-6.932731628417969,12.744989395141602
48,7351,-7.566318511962891,10.257145881652832
48,7352,-7.271517753601074,10.55029010772705
48,7353,-7.658148765563965,12.241120338439941
48,7354,-8.351856231689453,13.222433090209961
48,7355,-5.787102222442627,12.552005767822266
48,7356,-10.234968185424805,14.849132537841797
48,7357,-6.816450595855713,10.124953269958496
48,7358,-7.232526779174805,15.485910415649414
48,7359,-7.166796684265137,16.60125732421875
48,7360,-8.44685173034668,8.768630981445312
48,7361,-8.07957935333252,16.031558990478516
48,7362,-7.8786468505859375,13.523834228515625
48,7363,-7.158980369567871,13.453533172607422
48,7364,-7.18956184387207,11.20850944519043
48,7365,-8.281883239746094,14.62807846069336
48,7366,-6.65907096862793,15.01008129119873
48,7367,-6.89440393447876,13.078944206237793
48,7368,-8.312291145324707,15.30793571472168
48,7369,-7.558518886566162,11.503579139709473
48,7370,-6.656425476074219,10.513915061950684
48,7371,-10.065478324890137,12.096014976501465
48,7372,-7.342339515686035,9.967060089111328
48,7373,-8.947136878967285,8.890296936035156
48,7374,-6.384395599365234,14.7652006149292
48,7375,-8.035770416259766,13.703985214233398
48,7376,-7.518401145935059,6.981601715087891
48,7377,-6.17966365814209,8.299468040466309
48,7378,-7.693041801452637,11.252594947814941
48,7379,-8.64925479888916,12.596658706665039
48,7380,-7.3654046058654785,13.024560928344727
48,7381,-7.771042823791504,13.11693000793457
48,7382,-6.900933265686035,9.00450325012207
48,7383,-8.409635543823242,12.272904396057129
48,7384,-7.166988372802734,9.379459381103516
48,7385,-7.530647277832031,8.427167892456055
48,7386,-6.7376298904418945,8.53080940246582
48,7387,-7.297173500061035,14.251622200012207
48,7388,-7.383634090423584,9.531213760375977
48,7389,-8.888378143310547,9.936235427856445
48,7390,-6.9409942626953125,9.725804328918457
48,7391,-8.664122581481934,12.89569091796875
48,7392,-7.435808181762695,9.651381492614746
48,7393,-7.09929084777832,10.299140930175781
48,7394,-6.5470805168151855,15.543631553649902
48,7395,-7.902262210845947,13.842829704284668
48,7396,-7.024979591369629,11.412625312805176
48,7397,-6.957795143127441,14.676841735839844
48,7398,-6.7607102394104,9.691179275512695
48,7399,-7.702866077423096,14.666930198669434
48,7400,-7.355294704437256,17.084781646728516
48,7401,-7.772557258605957,8.138649940490723
48,7402,-7.05444860458374,6.698587417602539
48,7403,-7.365001201629639,12.518768310546875
48,7404,-6.135676860809326,8.617471694946289
48,7405,-7.550773620605469,10.684563636779785
48,7406,-6.86971378326416,9.832539558410645
48,7407,-9.663268089294434,11.877741813659668
48,7408,-5.470606327056885,10.190377235412598
48,7409,-7.219032287597656,10.652708053588867
48,7410,-7.465878486633301,11.233556747436523
48,7411,-7.812163829803467,9.147296905517578
48,7412,-7.626274585723877,9.262027740478516
48,7413,-7.283270359039307,8.295661926269531
48,7414,-5.749510765075684,7.96213960647583
48,7415,-7.146602630615234,12.321540832519531
48,7416,-7.6869635581970215,11.818305969238281
48,7417,-8.191413879394531,10.834911346435547
48,7418,-7.014542579650879,6.157598495483398
48,7419,-7.033751010894775,11.887933731079102
48,7420,-8.003948211669922,11.354903221130371
48,7421,-7.569591045379639,10.546431541442871
48,7422,-8.204608917236328,10.82680892944336
48,7423,-7.181756973266602,10.62015151977539
48,7424,-6.758672714233398,11.155330657958984
48,7425,-8.13101863861084,9.581417083740234
48,7426,-8.009326934814453,13.137606620788574
48,7427,-7.547118186950684,7.542761325836182
48,7428,-7.034207820892334,11.275802612304688
48,7429,-6.410892963409424,14.049659729003906
48,7430,-7.354865550994873,9.869457244873047
48,7431,-7.091696262359619,12.671751022338867
48,7432,-7.76394510269165,11.656553268432617
48,7433,-6.386758327484131,13.890569686889648
48,7434,-7.025969505310059,12.397586822509766
48,7435,-7.607776165008545,8.438217163085938
48,7436,-8.067208290100098,15.700353622436523
48,7437,-8.3512544631958,5.740668296813965
48,7438,-7.3572821617126465,14.986621856689453
48,7439,-7.521248817443848,6.524937152862549
48,7440,-7.564313888549805,9.653255462646484
48,7441,-7.010356903076172,9.712398529052734
48,7442,-6.174905776977539,11.332191467285156
48,7443,-9.126599311828613,11.140268325805664
48,7444,-7.077505111694336,13.067886352539062
48,7445,-7.513268947601318,7.494896411895752
48,7446,-6.56612491607666,11.348939895629883
48,7447,-7.009903430938721,15.005706787109375
48,7448,-6.977208137512207,11.96298599243164
48,7449,-7.309385299682617,14.598088264465332
48,7450,-6.807159423828125,13.440147399902344
48,7451,-7.26585578918457,10.522184371948242
48,7452,-7.716527938842773,11.253501892089844
48,7453,-8.198761940002441,6.13494873046875
48,7454,-7.913410186767578,9.558939933776855
48,7455,-6.172836780548096,12.57971477508545
48,7456,-6.987462043762207,8.609951972961426
48,7457,-7.557701587677002,9.903459548950195
48,7458,-6.466348648071289,12.482149124145508
48,7459,-7.018337249755859,7.958024978637695
48,7460,-7.304297924041748,11.647688865661621
48,7461,-6.264406681060791,5.972224712371826
48,7462,-6.781764507293701,6.537872314453125
48,7463,-7.070699691772461,11.308136940002441
48,7464,-6.939507484436035,5.498706817626953
48,7465,-6.906754970550537,11.654468536376953
48,7466,-6.823705673217773,10.261980056762695
48,7467,-6.587588310241699,9.399873733520508
48,7468,-7.10022497177124,10.705726623535156
48,7469,-6.807741641998291,8.887618064880371
48,7470,-7.629378318786621,8.075828552246094
48,7471,-7.488709926605225,13.402103424072266
48,7472,-7.772659778594971,10.54211139678955
48,7473,-7.099675178527832,9.250940322875977
48,7474,-7.835166931152344,11.755157470703125
48,7475,-7.874606132507324,11.361077308654785
48,7476,-5.522523403167725,7.8306803703308105
48,7477,-6.861647129058838,5.98922872543335
48,7478,-6.114809989929199,10.00989818572998
48,7479,-6.239738464355469,12.559661865234375
48,7480,-7.361214637756348,9.211501121520996
48,7481,-7.704799175262451,15.967164039611816
48,7482,-7.110788345336914,10.272856712341309
48,7483,-8.378488540649414,6.5538434982299805
48,7484,-6.219570636749268,10.898504257202148
48,7485,-7.4859724044799805,11.79157829284668
48,7486,-6.9324469566345215,8.260143280029297
48,7487,-7.95216178894043,11.113470077514648
48,7488,-6.504775047302246,8.830094337463379
49,7489,-7.040266990661621,11.5299072265625
49,7490,-6.621072769165039,7.659148693084717
49,7491,-7.112208843231201,9.432788848876953
49,7492,-7.561210632324219,11.125465393066406
49,7493,-7.9423136711120605,10.91585922241211
49,7494,-8.235641479492188,7.823787212371826
49,7495,-7.738145351409912,9.990575790405273
49,7496,-7.2031965255737305,10.467658042907715
49,7497,-8.015850067138672,10.928592681884766
49,7498,-6.763697624206543,14.908332824707031
49,7499,-7.778660297393799,10.81442642211914
49,7500,-7.502896308898926,15.244224548339844
49,7501,-6.319446563720703,9.55291748046875
49,7502,-6.780938148498535,8.890430450439453
49,7503,-8.047545433044434,14.08191967010498
49,7504,-7.994176864624023,12.253541946411133
49,7505,-7.618098258972168,6.663203239440918
49,7506,-7.336063861846924,10.612149238586426
49,7507,-8.322779655456543,11.020167350769043
49,7508,-6.496525287628174,14.396106719970703
49,7509,-7.58792781829834,11.546378135681152
49,7510,-7.490752220153809,8.855710983276367
49,7511,-7.497771263122559,15.13869857788086
49,7512,-6.5966105461120605,13.583772659301758
49,7513,-7.303573131561279,13.78486442565918
49,7514,-7.378939628601074,14.180828094482422
49,7515,-7.49887752532959,15.837116241455078
49,7516,-7.71811056137085,13.611664772033691
49,7517,-8.715235710144043,14.11495590209961
49,7518,-6.166896343231201,13.687657356262207
49,7519,-8.153212547302246,11.738627433776855
49,7520,-7.349997043609619,14.675703048706055
49,7521,-8.842806816101074,14.870506286621094
49,7522,-6.8730573654174805,12.182071685791016
49,7523,-8.260601043701172,11.859901428222656
49,7524,-7.422334671020508,13.362106323242188
49,7525,-7.204282760620117,10.29820442199707
49,7526,-7.6737213134765625,12.410909652709961
49,7527,-7.199217796325684,12.218481063842773
49,7528,-6.904994964599609,8.875685691833496
49,7529,-6.513471603393555,8.822809219360352
49,7530,-7.180853843688965,10.768613815307617
49,7531,-7.807878017425537,7.83404541015625
49,7532,-8.939937591552734,9.748889923095703
49,7533,-6.891643047332764,12.170665740966797
49,7534,-7.782911777496338,14.263490676879883
49,7535,-6.789826393127441,13.15916633605957
49,7536,-7.364831924438477,12.549269676208496
49,7537,-8.963479995727539,12.14436149597168
49,7538,-5.877290725708008,12.665560722351074
49,7539,-7.099149703979492,11.72067928314209
49,7540,-7.488210678100586,11.889359474182129
49,7541,-6.958126068115234,16.120563507080078
49,7542,-6.219538688659668,13.865898132324219
49,7543,-6.411780834197998,10.857878684997559
49,7544,-8.166847229003906,19.28730010986328
49,7545,-5.7392578125,9.625815391540527
49,7546,-6.903614044189453,12.583243370056152
49,7547,-5.854318618774414,11.580114364624023
49,7548,-8.000591278076172,18.041805267333984
49,7549,-7.274016380310059,13.486651420593262
49,7550,-7.378575325012207,12.515395164489746
49,7551,-7.740830898284912,12.454381942749023
49,7552,-6.909486770629883,12.896978378295898
49,7553,-7.071475982666016,8.95138931274414
49,7554,-9.476492881774902,10.94561767578125
49,7555,-7.023745536804199,16.3824405670166
49,7556,-5.932387828826904,9.592432022094727
49,7557,-7.415911674499512,8.697137832641602
49,7558,-9.541357040405273,12.101741790771484
49,7559,-6.881026744842529,11.974946022033691
49,7560,-6.7602128982543945,10.165434837341309
49,7561,-6.871759414672852,13.417211532592773
49,7562,-7.452917098999023,12.312299728393555
49,7563,-6.670915603637695,12.700338363647461
49,7564,-6.293662071228027,11.504508018493652
49,7565,-7.945451736450195,17.196950912475586
49,7566,-7.327762126922607,12.074076652526855
49,7567,-7.172518730163574,9.713358879089355
49,7568,-7.007923126220703,9.745721817016602
49,7569,-7.667999267578125,15.271941184997559
49,7570,-6.360369682312012,13.961979866027832
49,7571,-6.837695121765137,11.543899536132812
49,7572,-8.16985034942627,13.25911808013916
49,7573,-6.6914262771606445,10.318696975708008
49,7574,-7.01555061340332,11.611225128173828
49,7575,-7.707088470458984,11.848583221435547
49,7576,-6.770113945007324,9.09177017211914
49,7577,-6.993022918701172,15.927058219909668
49,7578,-6.200490474700928,11.059860229492188
49,7579,-7.910866737365723,8.388534545898438
49,7580,-6.703511714935303,15.429496765136719
49,7581,-6.231606483459473,14.900941848754883
49,7582,-6.287966728210449,18.503337860107422
49,7583,-8.262741088867188,11.538620948791504
49,7584,-8.029419898986816,16.707210540771484
49,7585,-6.371808052062988,14.055814743041992
49,7586,-5.998322486877441,16.27077865600586
49,7587,-8.604991912841797,7.602890968322754
49,7588,-7.650525093078613,14.072307586669922
49,7589,-7.3014912605285645,8.464354515075684
49,7590,-8.90882396697998,8.703164100646973
49,7591,-7.051266193389893,12.77549934387207
49,7592,-7.6275177001953125,13.388111114501953
49,7593,-6.594543933868408,13.893564224243164
49,7594,-6.758455276489258,12.544305801391602
49,7595,-7.615106582641602,11.968663215637207
49,7596,-6.608310699462891,10.928304672241211
49,7597,-6.621621608734131,14.769091606140137
49,7598,-6.576776027679443,12.425558090209961
49,7599,-7.451544761657715,10.83782958984375
49,7600,-6.80474853515625,12.714649200439453
49,7601,-6.52031135559082,8.698808670043945
49,7602,-7.504570007324219,16.602712631225586
49,7603,-6.493828773498535,11.216432571411133
49,7604,-6.797849655151367,11.569171905517578
49,7605,-6.889233112335205,10.642563819885254
49,7606,-8.040027618408203,14.796331405639648
49,7607,-7.027562618255615,10.593551635742188
49,7608,-6.983642578125,12.287830352783203
49,7609,-7.752098083496094,14.395111083984375
49,7610,-7.889064788818359,10.044769287109375
49,7611,-6.979430675506592,12.50269603729248
49,7612,-6.250269889831543,11.163005828857422
49,7613,-8.868809700012207,13.87183666229248
49,7614,-7.194766998291016,9.76707649230957
49,7615,-10.63334846496582,17.465415954589844
49,7616,-5.881208896636963,11.260031700134277
49,7617,-6.938237190246582,7.375679016113281
49,7618,-5.1490678787231445,9.230314254760742
49,7619,-8.25136947631836,14.496234893798828
49,7620,-6.598821640014648,6.825716495513916
49,7621,-7.983227729797363,13.321128845214844
49,7622,-6.825526714324951,9.754733085632324
49,7623,-7.24930477142334,10.885885238647461
49,7624,-5.866199016571045,8.358521461486816
49,7625,-6.59721565246582,13.856487274169922
49,7626,-7.509293079376221,18.602981567382812
49,7627,-7.2040486335754395,9.549094200134277
49,7628,-7.128664016723633,9.694135665893555
49,7629,-6.485689640045166,12.668585777282715
49,7630,-7.73922872543335,18.794435501098633
49,7631,-6.506704807281494,12.865737915039062
49,7632,-7.523571968078613,11.616130828857422
49,7633,-7.854232311248779,12.168718338012695
49,7634,-5.6441569328308105,11.337562561035156
49,7635,-7.678468227386475,11.980172157287598
49,7636,-6.582525253295898,13.99073314666748
49,7637,-6.360800743103027,11.365606307983398
49,7638,-7.363277912139893,10.55571174621582
49,7639,-7.218961715698242,15.83024787902832
49,7640,-6.4477081298828125,12.837482452392578
49,7641,-7.37141752243042,10.629265785217285
49,7642,-7.801686763763428,15.096183776855469
49,7643,-7.490088939666748,14.588512420654297
49,7644,-6.49615478515625,11.088891983032227
50,7645,-6.552791118621826,12.174074172973633
50,7646,-5.9980854988098145,11.496025085449219
50,7647,-7.531980991363525,13.127443313598633
50,7648,-6.686203956604004,15.695465087890625
50,7649,-8.0510835647583,19.319019317626953
50,7650,-8.637651443481445,8.440439224243164
50,7651,-6.345976829528809,11.376424789428711
50,7652,-7.843843460083008,16.623991012573242
50,7653,-8.158257484436035,11.577804565429688
50,7654,-6.786596775054932,12.383691787719727
50,7655,-6.787383556365967,11.674856185913086
50,7656,-7.478458404541016,12.668513298034668
50,7657,-7.41248893737793,14.383964538574219
50,7658,-9.002202033996582,13.478429794311523
50,7659,-7.391271591186523,17.97002410888672
50,7660,-7.075488090515137,11.712295532226562
50,7661,-7.136816501617432,17.344587326049805
50,7662,-8.040851593017578,13.824182510375977
50,7663,-7.408824920654297,14.81821060180664
50,7664,-8.139382362365723,12.479682922363281
50,7665,-7.238471508026123,17.086252212524414
50,7666,-7.56948184967041,14.821913719177246
50,7667,-7.398015022277832,17.04287338256836
50,7668,-7.620514392852783,17.763648986816406
50,7669,-7.699470520019531,11.298629760742188
50,7670,-9.504701614379883,10.519970893859863
50,7671,-5.882100582122803,10.952129364013672
50,7672,-7.593979835510254,11.044824600219727
50,7673,-6.965119361877441,12.494626998901367
50,7674,-6.996705055236816,13.900455474853516
50,7675,-6.883313179016113,10.883960723876953
50,7676,-6.803584098815918,11.512374877929688
50,7677,-6.905884265899658,11.70812702178955
50,7678,-6.993561744689941,19.997350692749023
50,7679,-8.366340637207031,13.405645370483398
50,7680,-6.405554294586182,14.74599838256836
50,7681,-8.026573181152344,11.661238670349121
50,7682,-7.89177131652832,12.051389694213867
50,7683,-9.18674087524414,11.5961275100708
50,7684,-6.340994358062744,16.852527618408203
50,7685,-6.938473224639893,12.350950241088867
50,7686,-6.095394611358643,14.96476936340332
50,7687,-7.421682834625244,13.55196762084961
50,7688,-7.825379371643066,17.86808204650879
50,7689,-7.654884338378906,15.080272674560547
50,7690,-7.597397804260254,12.896674156188965
50,7691,-7.509707927703857,13.900761604309082
50,7692,-6.6134257316589355,14.868612289428711
50,7693,-6.46621561050415,14.024694442749023
50,7694,-8.560434341430664,12.508598327636719
50,7695,-7.339652061462402,18.00054168701172
50,7696,-5.904605388641357,15.768218040466309
50,7697,-7.460525035858154,13.131343841552734
50,7698,-6.744985580444336,16.43963623046875
50,7699,-6.253759384155273,11.70113754272461
50,7700,-5.807907581329346,12.869080543518066
50,7701,-8.292644500732422,14.79166030883789
50,7702,-6.668251037597656,12.56863021850586
50,7703,-8.684954643249512,13.981171607971191
50,7704,-7.006587982177734,10.738541603088379
50,7705,-7.245805263519287,15.62459945678711
50,7706,-6.878085613250732,8.016839027404785
50,7707,-7.205453872680664,12.369956970214844
50,7708,-7.526157855987549,8.645868301391602
50,7709,-6.630444526672363,9.26921558380127
50,7710,-7.487177848815918,12.481633186340332
50,7711,-7.348466396331787,10.95223617553711
50,7712,-8.312910079956055,10.694856643676758
50,7713,-7.746944427490234,13.996450424194336
50,7714,-6.413062572479248,11.64217758178711
50,7715,-7.59279727935791,7.395259857177734
50,7716,-7.234753131866455,6.034478187561035
50,7717,-5.56098747253418,12.425868034362793
50,7718,-6.722626686096191,12.26223373413086
50,7719,-8.683438301086426,10.308520317077637
50,7720,-8.534698486328125,16.12693977355957
50,7721,-8.332284927368164,4.596855163574219
50,7722,-8.142803192138672,9.014885902404785
50,7723,-6.319210052490234,14.643189430236816
50,7724,-6.113230228424072,10.07091999053955
50,7725,-6.690215587615967,12.28786563873291
50,7726,-6.634344100952148,12.088350296020508
50,7727,-7.8933000564575195,11.963743209838867
50,7728,-7.332703590393066,11.184467315673828
50,7729,-7.943528175354004,11.815324783325195
50,7730,-7.489706039428711,13.029478073120117
50,7731,-7.788516044616699,15.50349235534668
50,7732,-7.99785041809082,14.463216781616211
50,7733,-6.301072120666504,12.811812400817871
50,7734,-8.21368408203125,9.75125503540039
50,7735,-7.6499857902526855,17.14379119873047
50,7736,-6.840946674346924,10.454267501831055
50,7737,-6.490963459014893,10.651566505432129
50,7738,-6.7599358558654785,9.667055130004883
50,7739,-7.7730889320373535,15.170305252075195
50,7740,-6.724096298217773,13.786839485168457
50,7741,-7.763052940368652,16.524356842041016
50,7742,-6.554351329803467,13.90492057800293
50,7743,-7.729960918426514,11.106027603149414
50,7744,-7.721794128417969,9.040019989013672
50,7745,-7.450703144073486,13.662847518920898
50,7746,-7.676304817199707,8.694225311279297
50,7747,-7.448696136474609,13.466711044311523
50,7748,-7.426864147186279,14.50631046295166
50,7749,-8.040534973144531,11.085443496704102
50,7750,-8.304244995117188,17.37530517578125
50,7751,-6.901121139526367,7.272187232971191
50,7752,-7.326827049255371,11.459381103515625
50,7753,-6.46457576751709,14.621773719787598
50,7754,-8.18190860748291,10.736318588256836
50,7755,-7.069943428039551,14.34721565246582
50,7756,-6.91229248046875,9.945291519165039
50,7757,-6.8952107429504395,13.591283798217773
50,7758,-7.86873722076416,12.338058471679688
50,7759,-7.147767543792725,15.978555679321289
50,7760,-7.2604265213012695,11.42994499206543
50,7761,-7.676051139831543,18.03963851928711
50,7762,-6.683258056640625,10.994136810302734
50,7763,-7.414665222167969,15.107702255249023
50,7764,-6.929708003997803,14.74077033996582
50,7765,-7.070230960845947,13.476217269897461
50,7766,-6.755547523498535,15.965359687805176
50,7767,-6.591552734375,9.52852725982666
50,7768,-7.4990620613098145,14.018279075622559
50,7769,-7.0492634773254395,15.775147438049316
50,7770,-7.2610321044921875,8.638331413269043
50,7771,-7.094223499298096,10.745763778686523
50,7772,-8.124699592590332,11.977132797241211
50,7773,-8.71596908569336,10.475942611694336
50,7774,-5.707345008850098,15.624406814575195
50,7775,-9.079132080078125,8.921152114868164
50,7776,-6.982760429382324,14.573726654052734
50,7777,-8.030728340148926,10.339726448059082
50,7778,-6.131898880004883,14.645713806152344
50,7779,-9.265518188476562,12.294404029846191
50,7780,-6.622129440307617,10.087942123413086
50,7781,-7.4223809242248535,12.218076705932617
50,7782,-6.751097202301025,15.721000671386719
50,7783,-8.767494201660156,12.573220252990723
50,7784,-6.295301914215088,9.281136512756348
50,7785,-6.59124231338501,14.875231742858887
50,7786,-6.525746822357178,12.12563419342041
50,7787,-5.836507797241211,13.818075180053711
50,7788,-6.682219505310059,11.705854415893555
50,7789,-6.660605430603027,15.203516006469727
50,7790,-6.677749156951904,10.118600845336914
50,7791,-7.354788303375244,11.604856491088867
50,7792,-8.086183547973633,16.320091247558594
50,7793,-7.41848087310791,13.804162979125977
50,7794,-6.513345241546631,10.332395553588867
50,7795,-6.727810859680176,17.463037490844727
50,7796,-8.942020416259766,11.42811393737793
50,7797,-6.749526023864746,19.35520362854004
50,7798,-5.232481002807617,15.916409492492676
50,7799,-6.786571979522705,7.89138126373291
50,7800,-8.3897123336792,11.075328826904297
