Бренд,"Цена, руб.","Добавили в корзину, чел.",Ссылка на изображение,Цвет_БЕЛЫЙ,Цвет_БОРДОВЫЙ,Цвет_ГОЛУБОЙ,Цвет_ЖЕЛТЫЙ,Цвет_ЗЕЛЕНЫЙ,Цвет_КОРИЧНЕВЫЙ,Цвет_КРАСНЫЙ,Цвет_ОРАНЖЕВЫЙ,Цвет_РАЗНОЦВЕТНЫЙ,Цвет_РОЗОВЫЙ,Цвет_СЕРЫЙ,Цвет_СИНИЙ,Цвет_ФИОЛЕТОВЫЙ,Цвет_ЧЕРНЫЙ,Страна производитель_ВЬЕТНАМ,Страна производитель_ИНДИЯ,Страна производитель_ИНДОНЕЗИЯ,Страна производитель_ИСПАНИЯ,Страна производитель_ИТАЛИЯ,Страна производитель_КАМБОДЖА,Страна производитель_КИТАЙ,Страна производитель_МЬЯНМА,Страна производитель_ПОРТУГАЛИЯ,Страна производитель_РУМЫНИЯ,Страна производитель_СЛОВАКИЯ,Страна производитель_ТАИЛАНД,Страна производитель_ТУРЦИЯ
ECCO,0.21421936,0.28571429,pics/EC52520450874.jpg,1,0,0,0,0,0,0,0,0,0,0,0,0,0,0,0,0,0,0,0,0,0,0,0,0,1,0
DIADORA,0.18381565,0.42857143,pics/DR501178559C7240.jpg,0,0,0,0,0,1,0,0,0,0,0,0,0,0,0,0,0,0,0,0,1,0,0,0,0,0,0
DIADORA,0.22843873,0.0,pics/DR501177355D0613.jpg,0,0,0,0,0,0,0,0,1,0,0,0,0,0,0,0,0,0,0,0,1,0,0,0,0,0,0
DIADORA,0.09807074,0.21428571,pics/DR101178325C4157.jpg,0,0,0,0,0,0,0,0,0,0,0,0,0,0,0,0,0,0,0,0,1,0,0,0,0,0,0
DIADORA,0.19632011,0.21428571,pics/DR501178559C4358.jpg,0,0,0,0,0,0,0,0,0,0,0,1,0,0,0,0,0,0,0,0,1,0,0,0,0,0,0
ECCO,0.21421936,0.21428571,pics/EC52520451052.jpg,0,0,0,0,0,0,0,0,0,0,0,0,0,1,0,0,0,0,0,0,0,0,0,0,0,1,0
DIADORA,0.16413005,0.0,pics/DR101179070C5224.jpg,0,0,0,0,0,0,0,0,0,0,0,1,0,0,1,0,0,0,0,0,0,0,0,0,0,0,0
DIADORA,0.05694891,0.07142857,pics/DR101179084C9625.jpg,0,0,0,0,0,0,0,0,0,0,0,1,0,0,0,0,0,0,0,0,1,0,0,0,0,0,0
DIADORA,0.05694891,0.0,pics/DR101179084C2815.jpg,0,0,0,0,0,0,0,0,0,0,0,0,0,1,0,0,0,0,0,0,1,0,0,0,0,0,0
DIADORA,0.24987496,0.14285714,pics/DR501178559C6640.jpg,0,0,0,0,1,0,0,0,0,0,0,0,0,0,0,0,0,0,0,0,1,0,0,0,0,0,0
DIADORA,0.03026081,0.35714286,pics/DR10117832575043.jpg,0,0,0,0,0,0,0,0,0,0,1,0,0,0,0,0,0,0,0,0,1,0,0,0,0,0,0
PUMA,0.35337621,0.07142857,pics/PM38854910.jpg,1,0,0,0,0,0,0,0,0,0,0,0,0,0,0,0,0,0,0,0,1,0,0,0,0,0,0
DIADORA,0.1070025,0.0,pics/DR101179237C9900.jpg,0,0,0,0,1,0,0,0,0,0,0,0,0,0,0,0,0,0,0,0,1,0,0,0,0,0,0
NIKE,0.6070025,0.21428571,pics/NKDD3111100.jpg,1,0,0,0,0,0,0,0,0,0,0,0,0,0,1,0,0,0,0,0,0,0,0,0,0,0,0
DIADORA,0.03558414,0.28571429,pics/DR101179076C0200.jpg,0,0,0,0,0,0,0,0,0,0,0,0,0,1,0,0,0,0,0,0,1,0,0,0,0,0,0
DIADORA,0.2348696,0.5,pics/DR501178559D0816.jpg,0,0,0,0,1,0,0,0,0,0,0,0,0,0,0,0,0,0,0,0,1,0,0,0,0,0,0
DIADORA,0.32118614,0.0,pics/DR10117832425159.jpg,0,0,0,0,0,0,0,0,1,0,0,0,0,0,0,0,0,0,0,0,1,0,0,0,0,0,0
DIADORA,0.03558414,0.0,pics/DR101179075C3567.jpg,0,0,0,0,0,0,0,0,0,0,1,0,0,0,0,0,0,0,0,0,1,0,0,0,0,0,0
NIKE,0.71418364,0.28571429,pics/NKAH8050022.jpg,0,0,0,0,0,0,0,0,0,0,0,0,0,1,0,0,1,0,0,0,0,0,0,0,0,0,0
DIADORA,0.2348696,0.42857143,pics/DR501178559C0200.jpg,0,0,0,0,0,0,0,0,0,0,0,0,0,1,0,0,0,0,0,0,1,0,0,0,0,0,0
DIADORA,0.03561986,0.28571429,pics/DR101178324C4157.jpg,0,0,0,0,0,0,0,0,0,0,0,0,0,0,0,0,0,0,0,0,1,0,0,0,0,0,0
DIADORA,0.03558414,0.21428571,pics/DR101179075C2815.jpg,0,0,0,0,0,0,0,0,0,0,0,0,0,1,0,0,0,0,0,0,1,0,0,0,0,0,0
NIKE,0.48846016,0.0,pics/NKCW4555002.jpg,0,0,0,0,0,0,0,0,0,0,0,0,0,1,0,0,1,0,0,0,0,0,0,0,0,0,0
DIADORA,0.05694891,0.0,pics/DR101179084C2763.jpg,0,0,0,0,0,0,0,0,0,0,1,0,0,0,0,0,0,0,0,0,1,0,0,0,0,0,0
DIADORA,0.07838514,0.0,pics/DR10117923775067.jpg,0,0,0,0,0,0,0,0,0,0,1,0,0,0,0,0,0,0,0,0,1,0,0,0,0,0,0
DIADORA,0.18381565,0.07142857,pics/DR501178559D0959.jpg,0,0,1,0,0,0,0,0,0,0,0,0,0,0,0,0,0,0,0,0,1,0,0,0,0,0,0
DIADORA,0.03558414,0.0,pics/DR101179075C0194.jpg,0,0,0,0,0,0,1,0,0,0,0,0,0,0,0,0,0,0,0,0,1,0,0,0,0,0,0
ECCO,0.21421936,0.14285714,pics/EC52520451728.jpg,0,0,0,0,0,0,0,0,0,0,0,0,0,0,0,0,0,0,0,0,0,0,0,0,0,1,0
LACOSTE,0.40321543,0.0,pics/743SMA0013011.jpg,0,0,0,0,0,0,0,0,0,0,0,0,0,1,1,0,0,0,0,0,0,0,0,0,0,0,0
NEW BALANCE,0.39264023,0.21428571,pics/NBMS237TG.jpg,0,0,0,0,0,0,0,0,0,0,0,0,0,1,0,0,0,0,0,0,1,0,0,0,0,0,0
DIADORA,0.1070025,0.0,pics/DR101178054C9215.jpg,0,0,0,0,0,0,0,0,0,0,1,0,0,0,1,0,0,0,0,0,0,0,0,0,0,0,0
DIADORA,0.14912469,0.0,pics/DR101173169C4385.jpg,0,0,0,0,0,0,0,0,0,0,1,0,0,0,0,0,0,0,0,0,1,0,0,0,0,0,0
TOMMY JEANS,0.33904966,0.35714286,pics/TMEM0EM008980GK.jpg,0,0,0,0,0,0,0,0,0,0,0,0,0,1,0,0,0,0,0,0,1,0,0,0,0,0,0
MIZUNO,0.29113969,0.0,pics/MZLD1GA192560.jpg,0,0,0,0,0,0,1,0,0,0,0,0,0,0,1,0,0,0,0,0,0,0,0,0,0,0,0
DIADORA,0.228403,0.0,pics/DR10117437660098.jpg,0,0,1,0,0,0,0,0,0,0,0,0,0,0,0,0,0,0,0,0,1,0,0,0,0,0,0
PUMA,0.17838514,0.07142857,pics/PM38466509.jpg,1,0,0,0,0,0,0,0,0,0,0,0,0,0,1,0,0,0,0,0,0,0,0,0,0,0,0
DIADORA,0.13197571,0.0,pics/DR10117316960071.jpg,0,0,0,0,0,0,0,0,0,0,0,1,0,0,0,0,0,0,0,0,1,0,0,0,0,0,0
DIADORA,0.39281886,0.0,pics/DR101178067C0200.jpg,0,0,0,0,0,0,0,0,0,0,0,0,0,1,1,0,0,0,0,0,0,0,0,0,0,0,0
ADIDAS,0.45727045,0.28571429,pics/ADBD7633R00.jpg,0,0,0,0,0,0,0,0,0,0,0,1,0,0,0,0,0,0,0,0,0,1,0,0,0,0,0
DIADORA,0.1070025,0.0,pics/DR101178054D0059.jpg,0,0,0,0,0,1,0,0,0,0,0,0,0,0,1,0,0,0,0,0,0,0,0,0,0,0,0
DIADORA,0.46423723,0.07142857,pics/DR20117827370167.jpg,0,0,0,0,0,0,0,0,0,0,0,1,0,0,0,0,0,0,0,0,0,0,1,0,0,0,0
LACOSTE,0.24973205,0.28571429,pics/742SMA009265T.jpg,1,0,0,0,0,0,0,0,0,0,0,0,0,0,1,0,0,0,0,0,0,0,0,0,0,0,0
LACOSTE,0.40321543,0.0,pics/743SMA0013AFI.jpg,0,0,0,0,0,1,0,0,0,0,0,0,0,0,1,0,0,0,0,0,0,0,0,0,0,0,0
DIADORA,0.04701679,0.28571429,pics/DR10117770170409.jpg,0,0,0,0,1,0,0,0,0,0,0,0,0,0,0,0,0,0,0,0,1,0,0,0,0,0,0
DIADORA,0.1070025,0.0,pics/DR101178054D0017.jpg,0,0,0,0,0,0,0,0,0,0,0,1,0,0,1,0,0,0,0,0,0,0,0,0,0,0,0
REEBOK,0.15716327,0.0,pics/RBGX3521R00.jpg,0,0,0,0,0,0,0,0,0,0,0,0,0,0,0,0,0,0,0,0,1,0,0,0,0,0,0
DIADORA,0.1070025,0.0,pics/DR101178054C0787.jpg,0,0,0,0,0,0,0,0,0,0,0,0,0,1,1,0,0,0,0,0,0,0,0,0,0,0,0
NIKE,0.214005,0.14285714,pics/NKDH3160100.jpg,1,0,0,0,0,0,0,0,0,0,0,0,0,0,0,0,1,0,0,0,0,0,0,0,0,0,0
DIADORA,0.13197571,0.07142857,pics/DR101173169C0341.jpg,0,0,0,0,0,0,0,0,0,0,1,0,0,0,0,0,0,0,0,0,1,0,0,0,0,0,0
DIADORA,0.37495534,0.0,pics/DR20117662360058.jpg,0,0,0,0,0,0,0,0,0,0,0,1,0,0,1,0,0,0,0,0,0,0,0,0,0,0,0
DIADORA,0.09807074,0.28571429,pics/DR101173169C4831.jpg,0,0,0,0,0,0,0,0,0,0,0,0,0,1,0,0,0,0,0,0,1,0,0,0,0,0,0
LACOSTE,0.3354055,0.0,pics/742SMA0070OW9.jpg,0,0,0,0,0,0,0,0,0,0,0,0,0,0,1,0,0,0,0,0,0,0,0,0,0,0,0
LACOSTE,0.24973205,0.35714286,pics/742SMA0092407.jpg,1,0,0,0,0,0,0,0,0,0,0,0,0,0,1,0,0,0,0,0,0,0,0,0,0,0,0
ANTA,0.228403,0.0,pics/AN8123211081.jpg,0,0,1,0,0,0,0,0,0,0,0,0,0,0,0,0,0,0,0,0,1,0,0,0,0,0,0
ECCO,0.44272955,0.14285714,pics/EC52520402001.jpg,0,0,0,0,0,0,0,0,0,0,0,0,0,1,0,0,0,0,0,0,0,0,0,0,0,1,0
DIADORA,0.1070025,0.14285714,pics/DR101178460C2815.jpg,0,0,0,0,0,0,0,0,0,0,0,0,0,1,1,0,0,0,0,0,0,0,0,0,0,0,0
ADIDAS,0.17827796,0.21428571,pics/ADNGX2707R00.jpg,1,0,0,0,0,0,0,0,0,0,0,0,0,0,1,0,0,0,0,0,0,0,0,0,0,0,0
ANTA,0.16337978,0.0,pics/AN8123116071.jpg,1,0,0,0,0,0,0,0,0,0,0,0,0,0,0,0,0,0,0,0,1,0,0,0,0,0,0
ADIDAS,0.09449804,0.07142857,pics/ADNGY7915R00.jpg,0,0,0,0,0,0,0,0,1,0,0,0,0,0,1,0,0,0,0,0,0,0,0,0,0,0,0
DIADORA,0.1070025,0.0,pics/DR101178460C8120.jpg,0,0,0,0,0,0,0,0,0,0,1,0,0,0,1,0,0,0,0,0,0,0,0,0,0,0,0
DIADORA,0.07131118,0.28571429,pics/DR10117770225130.jpg,0,0,0,0,0,1,0,0,0,0,0,0,0,0,0,0,0,0,0,0,1,0,0,0,0,0,0
DIADORA,0.11586281,0.0,pics/DR101179075C3513.jpg,0,0,0,0,0,0,0,0,0,0,0,0,0,1,0,0,0,0,0,0,1,0,0,0,0,0,0
ERKE,0.03929975,0.0,pics/ER11124101133005.jpg,0,0,0,0,0,0,0,0,1,0,0,0,0,0,0,0,0,0,0,0,1,0,0,0,0,0,0
PUMA,0.228403,0.14285714,pics/PM38159703.jpg,0,0,0,0,0,0,0,0,0,0,0,0,0,1,1,0,0,0,0,0,0,0,0,0,0,0,0
DIADORA,0.07131118,0.14285714,pics/DR10117770270409.jpg,0,0,0,0,1,0,0,0,0,0,0,0,0,0,0,0,0,0,0,0,1,0,0,0,0,0,0
ADIDAS,0.18578064,0.14285714,pics/ADH69008R00.jpg,0,0,0,0,0,0,0,0,1,0,0,0,0,0,0,0,0,0,0,0,1,0,0,0,0,0,0
DIADORA,0.03558414,0.35714286,pics/DR101179075C0200.jpg,0,0,0,0,0,0,0,0,0,0,0,0,0,1,0,0,0,0,0,0,1,0,0,0,0,0,0
LACOSTE,0.3782065,0.0,pics/745SMA005202H.jpg,0,0,0,0,0,0,0,0,0,0,0,0,0,1,0,0,0,0,0,0,1,0,0,0,0,0,0
DIADORA,0.10625223,0.0,pics/DR101178325C8432.jpg,0,0,0,0,0,0,0,0,1,0,0,0,0,0,0,0,0,0,0,0,1,0,0,0,0,0,0
ADIDAS,0.214005,0.0,pics/ADNGX6028R00.jpg,0,0,0,0,0,0,0,0,0,0,0,0,0,1,0,0,0,0,0,0,1,0,0,0,0,0,0
ADIDAS,0.28545909,0.07142857,pics/ADNGZ1327R00.jpg,0,0,0,0,0,0,0,0,0,0,0,0,0,1,0,0,0,0,0,0,1,0,0,0,0,0,0
ANTA,0.09585566,0.0,pics/AN8123277183.jpg,0,0,0,0,0,0,0,0,0,0,1,0,0,0,0,0,0,0,0,0,1,0,0,0,0,0,0
DIADORA,0.28567345,0.5,pics/DR20117827375035.jpg,0,0,0,0,0,0,0,0,0,0,1,0,0,0,0,0,0,0,0,0,0,0,1,0,0,0,0
ADIDAS,0.12847446,0.0,pics/ADNGY5085R00.jpg,0,0,0,0,0,0,0,0,0,0,0,0,0,1,0,0,0,0,0,0,1,0,0,0,0,0,0
LACOSTE,0.28545909,0.14285714,pics/745SMA0004075.jpg,0,0,0,0,0,0,0,0,0,0,0,0,0,1,1,0,0,0,0,0,0,0,0,0,0,0,0
ADIDAS,0.28545909,0.0,pics/ADNGY5403R00.jpg,0,0,0,0,0,0,0,0,0,0,0,0,0,1,0,0,0,0,0,0,1,0,0,0,0,0,0
DIADORA,0.29996427,0.07142857,pics/DR101178071D0012.jpg,0,0,0,0,0,0,0,0,0,0,0,1,0,0,1,0,0,0,0,0,0,0,0,0,0,0,0
MIZUNO,0.29113969,0.07142857,pics/MZLD1GA192709.jpg,0,0,0,0,0,0,0,0,0,0,0,0,0,1,1,0,0,0,0,0,0,0,0,0,0,0,0
MIZUNO,0.29113969,0.0,pics/MZLD1GA192713.jpg,0,0,0,0,0,0,0,0,0,0,0,1,0,0,1,0,0,0,0,0,0,0,0,0,0,0,0
ADIDAS,0.17845659,0.14285714,pics/ADNH00166R00.jpg,1,0,0,0,0,0,0,0,0,0,0,0,0,0,0,0,0,0,0,0,1,0,0,0,0,0,0
ADIDAS,0.09449804,0.14285714,pics/ADNGZ8656R00.jpg,1,0,0,0,0,0,0,0,0,0,0,0,0,0,1,0,0,0,0,0,0,0,0,0,0,0,0
DIADORA,0.07131118,0.28571429,pics/DR10117770260071.jpg,0,0,0,0,0,0,0,0,0,0,0,1,0,0,0,0,0,0,0,0,1,0,0,0,0,0,0
LACOSTE,0.31396927,0.0,pics/745SMA015165T.jpg,1,0,0,0,0,0,0,0,0,0,0,0,0,0,1,0,0,0,0,0,0,0,0,0,0,0,0
DIADORA,0.12125759,0.0,pics/DR101178324C2100.jpg,0,0,0,0,0,0,0,0,0,0,1,0,0,0,0,0,0,0,0,0,1,0,0,0,0,0,0
REEBOK,0.2536263,0.14285714,pics/RBFZ6029R00.jpg,0,0,0,0,0,0,0,0,0,0,0,0,0,1,1,0,0,0,0,0,0,0,0,0,0,0,0
ANTA,0.07084673,0.0,pics/AN8123288161.jpg,0,0,0,0,0,0,0,0,0,0,0,0,0,0,0,0,0,0,0,0,1,0,0,0,0,0,0
NIKE,0.45348339,0.0,pics/NKCW4555006.jpg,0,0,0,0,0,0,0,0,1,0,0,0,0,0,0,0,1,0,0,0,0,0,0,0,0,0,0
ANTA,0.09585566,0.0,pics/AN8123255423.jpg,0,0,0,0,0,0,0,0,0,0,0,0,0,1,0,0,0,0,0,0,1,0,0,0,0,0,0
ADIDAS,0.14272955,0.0,pics/ADNGW5525R00.jpg,1,0,0,0,0,0,0,0,0,0,0,0,0,0,0,0,1,0,0,0,0,0,0,0,0,0,0
REEBOK,0.22861736,0.0,pics/RBIG4791R00.jpg,0,0,0,0,0,0,0,0,1,0,0,0,0,0,1,0,0,0,0,0,0,0,0,0,0,0,0
ADIDAS,0.214005,0.07142857,pics/ADNGW2907R00.jpg,0,0,0,0,0,0,0,0,0,0,0,0,0,0,0,0,1,0,0,0,0,0,0,0,0,0,0
ANTA,0.09117542,0.0,pics/AN8123280183.jpg,0,0,0,0,0,0,0,0,0,0,0,0,0,0,0,0,0,0,0,0,1,0,0,0,0,0,0
ECOALF,0.23508396,0.07142857,pics/EASHSNCERVI0YR7MS23163.jpg,0,0,0,0,0,0,0,0,0,0,0,1,0,0,0,0,0,0,0,0,1,0,0,0,0,0,0
PUMA,0.328403,0.0,pics/PM39005902.jpg,0,0,0,0,0,0,0,0,1,0,0,0,0,0,0,0,0,0,0,0,1,0,0,0,0,0,0
REEBOK,0.2536263,0.07142857,pics/RBGZ2437R00.jpg,0,0,0,0,0,0,0,0,0,0,0,0,0,0,1,0,0,0,0,0,0,0,0,0,0,0,0
REEBOK,0.15359057,0.0,pics/RBGZ2397R00.jpg,0,0,0,0,0,0,0,0,0,0,0,0,0,0,1,0,0,0,0,0,0,0,0,0,0,0,0
REEBOK,0.12143623,0.0,pics/RBGZ2396R00.jpg,0,0,0,0,0,0,0,0,0,0,1,0,0,0,1,0,0,0,0,0,0,0,0,0,0,0,0
ANTA,0.09982136,0.0,pics/AN8123288711.jpg,0,0,0,0,0,0,0,0,0,0,0,0,0,0,0,0,0,0,0,0,1,0,0,0,0,0,0
ANTA,0.16337978,0.0,pics/AN81232889011.jpg,0,0,0,0,0,0,0,0,1,0,0,0,0,0,0,0,0,0,0,0,1,0,0,0,0,0,0
ANTA,0.12586638,0.07142857,pics/AN8123277111.jpg,0,0,1,0,0,0,0,0,0,0,0,0,0,0,0,0,0,0,0,0,1,0,0,0,0,0,0
REEBOK,0.10003573,0.57142857,pics/RBGY0952R00.jpg,1,0,0,0,0,0,0,0,0,0,0,0,0,0,1,0,0,0,0,0,0,0,0,0,0,0,0
REEBOK,0.27148982,0.21428571,pics/RBIG4788R00.jpg,1,0,0,0,0,0,0,0,0,0,0,0,0,0,1,0,0,0,0,0,0,0,0,0,0,0,0
DIADORA,0.10625223,0.07142857,pics/DR101178325C2100.jpg,0,0,0,0,0,0,0,0,0,0,1,0,0,0,0,0,0,0,0,0,1,0,0,0,0,0,0
ADIDAS,0.14287245,0.0,pics/ADNEE7901R00.jpg,1,0,0,0,0,0,0,0,0,0,0,0,0,0,0,0,0,0,0,1,0,0,0,0,0,0,0
LACOSTE,0.78528046,0.07142857,pics/745SMA003465T.jpg,0,0,0,0,0,0,0,0,0,0,0,0,0,0,0,0,0,0,0,0,1,0,0,0,0,0,0
NEW BALANCE,0.39264023,0.21428571,pics/NBNML574PK2.jpg,0,0,0,0,0,0,0,0,0,0,0,1,0,0,1,0,0,0,0,0,0,0,0,0,0,0,0
REEBOK,0.27148982,0.14285714,pics/RBIG4742R00.jpg,0,0,0,0,0,1,0,0,0,0,0,0,0,0,1,0,0,0,0,0,0,0,0,0,0,0,0
ANTA,0.12836727,0.0,pics/AN8123280522.jpg,0,0,0,0,0,0,0,0,0,0,0,0,0,0,0,0,0,0,0,0,1,0,0,0,0,0,0
PUMA,0.2659164,0.07142857,pics/PM37658208.jpg,0,0,1,0,0,0,0,0,0,0,0,0,0,0,1,0,0,0,0,0,0,0,0,0,0,0,0
REEBOK,0.14276527,0.35714286,pics/RBGY0954R00.jpg,0,0,0,0,0,0,0,0,0,0,0,0,0,1,1,0,0,0,0,0,0,0,0,0,0,0,0
ANTA,0.10682387,0.21428571,pics/AN8124155206.jpg,0,0,0,0,0,0,0,0,0,0,0,0,0,1,0,0,0,0,0,0,1,0,0,0,0,0,0
ANTA,0.14255091,0.14285714,pics/AN8124180401.jpg,0,0,0,0,0,0,0,0,0,0,1,0,0,0,0,0,0,0,0,0,1,0,0,0,0,0,0
ETONIC,0.0,0.21428571,pics/ETM412E5001.jpg,0,0,0,0,0,0,0,0,1,0,0,0,0,0,0,0,0,0,0,0,1,0,0,0,0,0,0
DIADORA,0.28567345,0.0,pics/DR101180227D0873.jpg,1,0,0,0,0,0,0,0,0,0,0,0,0,0,0,0,0,0,0,0,1,0,0,0,0,0,0
ETONIC,0.01143265,0.28571429,pics/ETM412E7004.jpg,0,0,0,0,0,1,0,0,0,0,0,0,0,0,0,0,0,0,0,0,1,0,0,0,0,0,0
NIKE,0.71418364,0.07142857,pics/NKFD9857700.jpg,0,0,0,1,0,0,0,0,0,0,0,0,0,0,0,0,1,0,0,0,0,0,0,0,0,0,0
ETONIC,0.20861022,0.14285714,pics/ETM32360004.jpg,0,0,0,0,0,0,0,0,0,0,0,1,0,0,0,0,0,0,0,0,1,0,0,0,0,0,0
ANTA,0.17827796,0.07142857,pics/AN8124180512.jpg,0,0,0,0,0,0,0,0,0,0,0,0,0,1,0,0,0,0,0,0,1,0,0,0,0,0,0
ANTA,0.14255091,0.0,pics/AN8124180407.jpg,0,0,0,0,0,0,0,0,0,0,0,0,0,0,0,0,0,0,0,0,1,0,0,0,0,0,0
ETONIC,0.17363344,0.28571429,pics/ETM32360003.jpg,0,0,0,0,1,0,0,0,0,0,0,0,0,0,0,0,0,0,0,0,1,0,0,0,0,0,0
NIKE,0.64272955,0.28571429,pics/NKFN7808001.jpg,0,0,0,0,0,0,0,0,0,0,0,0,0,1,1,0,0,0,0,0,0,0,0,0,0,0,0
ANTA,0.17827796,0.07142857,pics/AN8124155314.jpg,0,0,0,0,0,0,0,0,0,0,0,0,0,1,0,0,0,0,0,0,1,0,0,0,0,0,0
LACOSTE,0.67831368,0.07142857,pics/747SMA0011NV1.jpg,0,0,0,0,0,0,0,0,0,0,0,1,0,0,0,0,0,0,0,0,1,0,0,0,0,0,0
NIKE,0.71418364,0.0,pics/NKFN3420200.jpg,0,0,0,0,0,0,0,0,0,0,0,0,0,1,0,0,0,0,0,0,1,0,0,0,0,0,0
ETONIC,0.06859593,0.21428571,pics/ETM413E0002.jpg,0,0,0,0,0,1,0,0,0,0,0,0,0,0,0,0,0,0,0,0,1,0,0,0,0,0,0
ANTA,0.214005,0.14285714,pics/AN81241805110.jpg,0,0,0,0,0,0,0,0,0,0,0,0,0,1,0,0,0,0,0,0,1,0,0,0,0,0,0
ETONIC,0.0471597,0.21428571,pics/ETM415E1101.jpg,0,0,0,0,0,0,0,0,0,0,0,0,0,0,0,0,0,0,0,0,1,0,0,0,0,0,0
NIKE,0.64272955,0.57142857,pics/NKFQ2431001.jpg,0,0,0,0,0,0,0,0,0,0,0,0,0,1,0,0,1,0,0,0,0,0,0,0,0,0,0
ANTA,0.04701679,0.28571429,pics/AN8124155317.jpg,0,0,0,0,0,1,0,0,0,0,0,0,0,0,0,0,0,0,0,0,1,0,0,0,0,0,0
ETONIC,0.0471597,0.28571429,pics/ETM415E1001.jpg,0,0,0,0,0,0,0,0,0,0,0,0,0,0,0,0,0,0,0,0,1,0,0,0,0,0,0
LACOSTE,0.67831368,0.0,pics/745SMA000218C.jpg,0,0,0,0,0,0,0,0,0,0,0,0,0,0,0,0,0,0,0,0,1,0,0,0,0,0,0
DIADORA,0.12843873,0.14285714,pics/DR10117804275166.jpg,0,0,0,0,0,0,0,0,0,0,1,0,0,0,1,0,0,0,0,0,0,0,0,0,0,0,0
ETONIC,0.01143265,0.28571429,pics/ETM412E7001.jpg,0,0,0,0,0,0,0,0,0,0,1,0,0,0,0,0,0,0,0,0,1,0,0,0,0,0,0
ANTA,0.14255091,0.07142857,pics/AN8124180403.jpg,0,0,0,0,1,0,0,0,0,0,0,0,0,0,0,0,0,0,0,0,1,0,0,0,0,0,0
ANTA,0.04269382,0.28571429,pics/AN8124155204.jpg,0,0,0,0,0,0,0,0,0,0,0,0,0,1,0,0,0,0,0,0,1,0,0,0,0,0,0
LACOSTE,0.67831368,0.0,pics/747SMA0011BP8.jpg,0,1,0,0,0,0,0,0,0,0,0,0,0,0,0,0,0,0,0,0,1,0,0,0,0,0,0
NIKE,0.64272955,0.0,pics/NKFJ4823100.jpg,1,0,0,0,0,0,0,0,0,0,0,0,0,0,1,0,0,0,0,0,0,0,0,0,0,0,0
ANTA,0.01986424,0.14285714,pics/AN8124155205.jpg,0,0,0,0,0,0,0,0,0,0,1,0,0,0,0,0,0,0,0,0,1,0,0,0,0,0,0
ANTA,0.06234369,0.28571429,pics/AN8124188407.jpg,0,0,0,0,0,0,0,0,0,0,0,0,0,0,0,0,0,0,0,0,1,0,0,0,0,0,0
PUMA,0.39264023,0.14285714,pics/PM39251002.jpg,0,0,0,0,0,0,0,0,0,0,0,0,0,1,0,0,0,0,0,0,1,0,0,0,0,0,0
NIKE,0.64272955,0.0,pics/NKFN0941001.jpg,0,0,0,0,0,0,0,0,0,0,0,0,0,1,1,0,0,0,0,0,0,0,0,0,0,0,0
REEBOK,0.24973205,0.07142857,pics/RB100074395R00.jpg,0,0,0,0,0,0,0,0,0,0,0,0,0,1,1,0,0,0,0,0,0,0,0,0,0,0,0
REEBOK,0.22861736,0.14285714,pics/RB100074394R00.jpg,1,0,0,0,0,0,0,0,0,0,0,0,0,0,1,0,0,0,0,0,0,0,0,0,0,0,0
NIKE,0.49982136,0.14285714,pics/NKDJ5450001.jpg,0,0,0,0,0,0,0,0,0,0,0,0,0,0,1,0,0,0,0,0,0,0,0,0,0,0,0
REEBOK,0.18574491,0.14285714,pics/RB100074275R00.jpg,0,0,0,0,0,0,0,0,0,0,0,0,0,0,0,0,0,0,0,0,1,0,0,0,0,0,0
REEBOK,0.17827796,0.21428571,pics/RB100074274R00.jpg,0,0,0,0,0,0,0,0,0,0,0,0,0,0,0,0,0,0,0,0,1,0,0,0,0,0,0
ASICS,0.20339407,0.21428571,pics/AS1202A024107.jpg,1,0,0,0,0,0,0,0,0,0,0,0,0,0,0,0,0,0,0,1,0,0,0,0,0,0,0
REEBOK,0.214005,0.35714286,pics/RB100033316R00.jpg,1,0,0,0,0,0,0,0,0,0,0,0,0,0,1,0,0,0,0,0,0,0,0,0,0,0,0
REEBOK,0.24973205,0.28571429,pics/RB100033925R00.jpg,0,0,0,0,0,0,0,0,0,0,0,0,0,1,1,0,0,0,0,0,0,0,0,0,0,0,0
REEBOK,0.22865309,0.07142857,pics/RB100075298R00.jpg,0,0,0,0,0,0,1,0,0,0,0,0,0,0,1,0,0,0,0,0,0,0,0,0,0,0,0
REEBOK,0.17863523,0.64285714,pics/RB100074741R00.jpg,0,0,0,0,0,0,0,0,0,0,0,0,0,1,1,0,0,0,0,0,0,0,0,0,0,0,0
REEBOK,0.24973205,0.07142857,pics/RB100074286R00.jpg,0,0,0,0,0,0,0,0,0,0,0,0,0,0,1,0,0,0,0,0,0,0,0,0,0,0,0
HI-TEC,0.21421936,0.07142857,pics/HTK010002011.jpg,0,0,0,0,0,0,0,0,0,0,0,0,0,0,0,0,0,0,0,0,1,0,0,0,0,0,0
HI-TEC,0.35705609,0.0,pics/HTK010002115.jpg,0,0,0,0,0,0,0,0,0,0,0,0,0,0,0,0,0,0,0,0,1,0,0,0,0,0,0
LACOSTE,0.28545909,0.28571429,pics/747SMA00571R5.jpg,0,0,0,0,1,0,0,0,0,0,0,0,0,0,1,0,0,0,0,0,0,0,0,0,0,0,0
REEBOK,0.22865309,0.07142857,pics/RB100075297R00.jpg,0,0,0,0,0,0,0,0,0,0,0,1,0,0,1,0,0,0,0,0,0,0,0,0,0,0,0
NIKE,0.24973205,0.14285714,pics/NKDC3728001.jpg,0,0,0,0,0,0,0,0,0,0,0,0,0,1,0,0,0,0,0,0,1,0,0,0,0,0,0
REEBOK,0.24973205,0.35714286,pics/RB100202344R00.jpg,1,0,0,0,0,0,0,0,0,0,0,0,0,0,1,0,0,0,0,0,0,0,0,0,0,0,0
NIKE,0.64272955,0.14285714,pics/NKDZ6763101.jpg,1,0,0,0,0,0,0,0,0,0,0,0,0,0,1,0,0,0,0,0,0,0,0,0,0,0,0
HI-TEC,0.17134691,0.07142857,pics/HTK010026011.jpg,0,0,0,0,0,0,0,0,0,0,0,0,0,0,0,0,0,0,0,0,1,0,0,0,0,0,0
KARL KANI,0.6070025,0.0,pics/KKKKFWM000297R00.jpg,1,0,0,0,0,0,0,0,0,0,0,0,0,0,0,0,0,0,0,0,1,0,0,0,0,0,0
REEBOK,0.24973205,0.28571429,pics/RB100074285R00.jpg,0,0,0,0,0,1,0,0,0,0,0,0,0,0,1,0,0,0,0,0,0,0,0,0,0,0,0
REEBOK,0.24973205,0.21428571,pics/RB100033926R00.jpg,1,0,0,0,0,0,0,0,0,0,0,0,0,0,1,0,0,0,0,0,0,0,0,0,0,0,0
ASICS,0.35691318,0.07142857,pics/AS1191A328104.jpg,1,0,0,0,0,0,0,0,0,0,0,0,0,0,0,0,0,0,0,1,0,0,0,0,0,0,0
HI-TEC,0.35705609,0.07142857,pics/HTK006273051.jpg,0,0,0,0,0,0,0,0,0,0,0,0,0,0,0,0,0,0,0,0,1,0,0,0,0,0,0
PUMA,0.32843873,0.28571429,pics/PM39251001.jpg,0,0,0,0,0,0,0,0,0,0,1,0,0,0,0,0,0,0,0,0,1,0,0,0,0,0,0
REEBOK,0.214005,0.35714286,pics/RB100033315R00.jpg,0,0,0,0,0,0,0,0,0,0,0,0,0,1,1,0,0,0,0,0,0,0,0,0,0,0,0
REEBOK,0.35366202,0.07142857,pics/RB101520210R00.jpg,0,0,0,0,0,0,0,0,1,0,0,0,0,0,1,0,0,0,0,0,0,0,0,0,0,0,0
ANTA,0.13897821,0.0,pics/AN8123388123.jpg,0,0,0,0,0,0,0,0,0,0,0,0,0,1,0,0,0,0,0,0,1,0,0,0,0,0,0
REEBOK,0.42868882,0.0,pics/RB101553674R00.jpg,0,0,0,0,0,0,0,0,0,0,1,0,0,0,1,0,0,0,0,0,0,0,0,0,0,0,0
REEBOK,0.32865309,0.14285714,pics/RB101520270R00.jpg,0,0,0,0,0,0,0,0,0,0,0,0,0,1,1,0,0,0,0,0,0,0,0,0,0,0,0
REEBOK,0.41082529,0.0,pics/RB101553539R00.jpg,0,0,0,0,0,0,0,0,0,0,0,0,0,0,1,0,0,0,0,0,0,0,0,0,0,0,0
REEBOK,0.31436227,0.21428571,pics/RB101520233R00.jpg,0,0,0,0,0,0,0,0,0,0,1,0,0,0,1,0,0,0,0,0,0,0,0,0,0,0,0
ANTA,0.17827796,0.0,pics/AN8123377185.jpg,0,0,0,0,0,0,0,0,0,0,1,0,0,0,0,0,0,0,0,0,1,0,0,0,0,0,0
REEBOK,0.10003573,0.28571429,pics/RB101553490R00.jpg,1,0,0,0,0,0,0,0,0,0,0,0,0,0,1,0,0,0,0,0,0,0,0,0,0,0,0
REEBOK,0.31436227,0.28571429,pics/RB101520089R00.jpg,0,0,0,0,0,0,0,0,0,0,0,0,0,1,1,0,0,0,0,0,0,0,0,0,0,0,0
NEW BALANCE,0.29982136,0.0,pics/NBGM500VW2.jpg,0,0,0,0,0,0,0,0,0,0,1,0,0,0,1,0,0,0,0,0,0,0,0,0,0,0,0
ANTA,0.27831368,0.0,pics/AN8123388811.jpg,0,0,0,0,0,0,0,0,0,0,1,0,0,0,0,0,0,0,0,0,1,0,0,0,0,0,0
NEW BALANCE,0.39264023,0.0,pics/NBGM500DGR.jpg,0,0,0,0,0,0,0,0,0,0,1,0,0,0,1,0,0,0,0,0,0,0,0,0,0,0,0
ANTA,0.17827796,0.0,pics/AN8123377184.jpg,0,0,0,0,0,0,0,0,0,0,0,0,0,1,0,0,0,0,0,0,1,0,0,0,0,0,0
ANTA,0.20836013,0.0,pics/AN8123388812.jpg,0,0,0,0,0,0,0,0,0,0,0,1,0,0,0,0,0,0,0,0,1,0,0,0,0,0,0
NEW BALANCE,0.39264023,0.0,pics/NBGM500BUS.jpg,0,1,0,0,0,0,0,0,0,0,0,0,0,0,1,0,0,0,0,0,0,0,0,0,0,0,0
NEW BALANCE,0.28545909,0.0,pics/NBGM500HA2.jpg,0,0,0,0,0,0,0,0,0,0,1,0,0,0,1,0,0,0,0,0,0,0,0,0,0,0,0
REEBOK,0.24973205,0.14285714,pics/RBID9315R00.jpg,1,0,0,0,0,0,0,0,0,0,0,0,0,0,1,0,0,0,0,0,0,0,0,0,0,0,0
ANTA,0.27831368,0.0,pics/AN8123388813.jpg,0,0,0,0,0,0,0,0,0,0,0,0,0,1,0,0,0,0,0,0,1,0,0,0,0,0,0
NEW BALANCE,0.25341193,0.0,pics/NBGM500BLG.jpg,0,0,0,0,0,0,0,0,0,0,0,1,0,0,1,0,0,0,0,0,0,0,0,0,0,0,0
REEBOK,0.53586995,0.07142857,pics/RB101520134R00.jpg,0,0,0,0,0,0,0,0,0,0,0,0,0,1,1,0,0,0,0,0,0,0,0,0,0,0,0
NEW BALANCE,0.29982136,0.0,pics/NBGM500BKG.jpg,0,0,0,0,0,0,0,0,0,0,0,0,0,1,1,0,0,0,0,0,0,0,0,0,0,0,0
REEBOK,0.37867095,0.07142857,pics/RB101553514R00.jpg,0,0,0,0,0,0,0,0,1,0,0,0,0,0,1,0,0,0,0,0,0,0,0,0,0,0,0
NEW BALANCE,0.28545909,0.0,pics/NBGM500HB2.jpg,0,0,0,0,0,0,0,0,0,0,0,1,0,0,1,0,0,0,0,0,0,0,0,0,0,0,0
REEBOK,0.64305109,0.0,pics/RB101558427R00.jpg,0,0,0,0,0,0,0,0,0,0,0,1,0,0,1,0,0,0,0,0,0,0,0,0,0,0,0
REEBOK,0.10003573,0.21428571,pics/RB101553493R00.jpg,1,0,0,0,0,0,0,0,0,0,0,0,0,0,1,0,0,0,0,0,0,0,0,0,0,0,0
REEBOK,0.22861736,0.0,pics/RB101553541R00.jpg,0,0,0,0,0,0,0,0,0,0,0,0,0,1,1,0,0,0,0,0,0,0,0,0,0,0,0
NEW BALANCE,0.28545909,0.07142857,pics/NBGM500HD2.jpg,0,0,0,0,0,0,0,0,0,0,1,0,0,0,1,0,0,0,0,0,0,0,0,0,0,0,0
REEBOK,0.24973205,0.07142857,pics/RB101553502R00.jpg,0,0,0,0,0,0,0,0,0,0,0,0,0,1,1,0,0,0,0,0,0,0,0,0,0,0,0
REEBOK,0.28545909,0.0,pics/RB101520189R00.jpg,0,0,0,0,0,0,0,0,1,0,0,0,0,0,1,0,0,0,0,0,0,0,0,0,0,0,0
ANTA,0.17827796,0.0,pics/AN8123388815.jpg,0,0,0,0,0,0,0,0,0,0,0,0,0,1,0,0,0,0,0,0,1,0,0,0,0,0,0
PUMA,0.39264023,0.21428571,pics/PM39479001.jpg,0,0,0,0,0,0,0,0,0,0,0,0,0,0,0,0,0,0,0,0,1,0,0,0,0,0,0
PUMA,0.29274741,0.21428571,pics/PM39381404.jpg,0,0,0,0,0,0,0,0,0,0,0,0,0,0,1,0,0,0,0,0,0,0,0,0,0,0,0
PUMA,0.46409432,0.21428571,pics/PM39479101.jpg,0,0,0,0,0,0,0,0,0,0,0,0,0,1,1,0,0,0,0,0,0,0,0,0,0,0,0
PUMA,0.49982136,0.07142857,pics/PM39327201.jpg,0,0,0,0,0,0,0,0,0,0,0,0,0,1,0,0,0,0,0,0,1,0,0,0,0,0,0
PUMA,0.46409432,0.07142857,pics/PM39117411.jpg,0,0,0,0,0,0,0,0,0,0,0,0,0,1,1,0,0,0,0,0,0,0,0,0,0,0,0
NEW BALANCE,0.32118614,0.35714286,pics/NBML373PC2.jpg,0,0,0,0,0,0,0,0,0,0,0,0,0,1,0,0,1,0,0,0,0,0,0,0,0,0,0
ANTA,0.26402287,0.0,pics/AN8123455982.jpg,0,0,0,0,0,1,0,0,0,0,0,0,0,0,0,0,0,0,0,0,1,0,0,0,0,0,0
UNITED 4,0.15326902,0.0,pics/UN001SYH.jpg,0,0,0,0,0,0,0,0,0,0,0,0,0,1,0,0,0,0,0,0,0,0,0,0,0,0,1
NEW BALANCE,0.32118614,0.21428571,pics/NBML373PA2.jpg,1,0,0,0,0,0,0,0,0,0,0,0,0,0,0,0,1,0,0,0,0,0,0,0,0,0,0
PUMA,0.46409432,0.35714286,pics/PM39271801.jpg,0,0,0,0,0,0,0,0,0,0,0,0,0,1,1,0,0,0,0,0,0,0,0,0,0,0,0
REEBOK,0.24973205,0.14285714,pics/RB101520234R00.jpg,0,0,0,0,0,1,0,0,0,0,0,0,0,0,1,0,0,0,0,0,0,0,0,0,0,0,0
PUMA,0.27842086,0.0,pics/PM38675902.jpg,1,0,0,0,0,0,0,0,0,0,0,0,0,0,0,0,0,0,0,0,1,0,0,0,0,0,0
PUMA,0.30346552,0.07142857,pics/PM39326402.jpg,0,0,0,0,0,0,0,0,0,0,1,0,0,0,0,0,0,0,0,0,1,0,0,0,0,0,0
ANTA,0.16337978,0.14285714,pics/AN81234552311.jpg,0,0,0,0,0,0,0,0,0,0,0,0,0,1,0,0,0,0,0,0,1,0,0,0,0,0,0
PUMA,0.29274741,0.07142857,pics/PM39117410.jpg,0,0,0,0,0,0,0,0,1,0,0,0,0,0,1,0,0,0,0,0,0,0,0,0,0,0,0
PUMA,0.22843873,0.07142857,pics/PM39290903.jpg,0,0,0,0,0,0,0,0,0,1,0,0,0,0,0,0,0,0,0,0,1,0,0,0,0,0,0
PUMA,0.24987496,0.21428571,pics/PM39327801.jpg,0,0,0,0,0,0,0,0,0,0,0,0,0,1,1,0,0,0,0,0,0,0,0,0,0,0,0
PUMA,0.23204716,0.28571429,pics/PM39315302.jpg,0,0,0,0,0,1,0,0,0,0,0,0,0,0,1,0,0,0,0,0,0,0,0,0,0,0,0
NEW BALANCE,0.37845659,0.14285714,pics/NBML373OC2.jpg,0,0,0,0,0,0,0,0,0,0,0,1,0,0,0,0,1,0,0,0,0,0,0,0,0,0,0
PUMA,0.24987496,0.0,pics/PM39327802.jpg,0,0,0,0,0,1,0,0,0,0,0,0,0,0,1,0,0,0,0,0,0,0,0,0,0,0,0
PUMA,0.27842086,0.0,pics/PM38675901.jpg,1,0,0,0,0,0,0,0,0,0,0,0,0,0,0,0,0,0,0,0,1,0,0,0,0,0,0
NEW BALANCE,0.32118614,0.21428571,pics/NBML373OA2.jpg,0,0,0,0,0,0,0,0,0,0,1,0,0,0,0,0,1,0,0,0,0,0,0,0,0,0,0
PUMA,0.6070025,0.21428571,pics/PM39271802.jpg,0,0,0,0,0,0,0,0,1,0,0,0,0,0,1,0,0,0,0,0,0,0,0,0,0,0,0
PUMA,0.27842086,0.07142857,pics/PM39290901.jpg,0,0,0,0,0,0,0,0,0,0,0,0,0,1,0,0,0,0,0,0,1,0,0,0,0,0,0
ANTA,0.07109682,0.28571429,pics/AN8123455981.jpg,0,0,0,0,0,0,0,0,0,0,0,0,0,1,0,0,0,0,0,0,1,0,0,0,0,0,0
PUMA,0.35344766,0.35714286,pics/PM39315303.jpg,1,0,0,0,0,0,0,0,0,0,0,0,0,0,1,0,0,0,0,0,0,0,0,0,0,0,0
PUMA,0.42836727,0.0,pics/PM39298102.jpg,0,0,0,0,0,0,0,0,0,0,0,0,0,1,0,0,0,0,0,0,1,0,0,0,0,0,0
PUMA,0.46409432,0.14285714,pics/PM39479103.jpg,0,0,0,0,1,0,0,0,0,0,0,0,0,0,1,0,0,0,0,0,0,0,0,0,0,0,0
NEW BALANCE,0.25341193,0.0,pics/NBGM500VR1.jpg,0,0,0,0,0,0,0,0,0,0,0,1,0,0,1,0,0,0,0,0,0,0,0,0,0,0,0
PUMA,0.46409432,0.0,pics/PM39272101.jpg,0,0,0,0,0,1,0,0,0,0,0,0,0,0,1,0,0,0,0,0,0,0,0,0,0,0,0
REEBOK,0.39296177,0.07142857,pics/RBGZ1436R00.jpg,0,0,0,0,0,0,0,0,0,0,0,0,0,1,0,0,0,0,0,0,1,0,0,0,0,0,0
ADIDAS,0.42836727,0.28571429,pics/ADHP6356R00.jpg,0,0,0,0,0,0,0,0,0,0,0,0,0,0,1,0,0,0,0,0,0,0,0,0,0,0,0
REEBOK,0.41082529,0.0,pics/RBID9272R00.jpg,1,0,0,0,0,0,0,0,0,0,0,0,0,0,1,0,0,0,0,0,0,0,0,0,0,0,0
REEBOK,0.50014291,0.0,pics/RBID1835R00.jpg,0,0,0,0,0,0,0,0,0,0,0,0,0,0,1,0,0,0,0,0,0,0,0,0,0,0,0
REEBOK,0.18574491,0.14285714,pics/RBIE4650R00.jpg,0,0,0,0,0,0,0,0,0,0,0,0,0,1,1,0,0,0,0,0,0,0,0,0,0,0,0
ANTA,0.20328689,0.07142857,pics/AN8123355871.jpg,0,0,0,0,0,0,0,0,0,0,0,0,0,1,0,0,0,0,0,0,1,0,0,0,0,0,0
REEBOK,0.26613076,0.14285714,pics/RBID4908R00.jpg,0,0,0,0,0,0,0,0,0,0,0,0,0,0,1,0,0,0,0,0,0,0,0,0,0,0,0
LACOSTE,0.42115041,0.0,pics/746CMA00202C3.jpg,0,0,0,0,0,1,0,0,0,0,0,0,0,0,1,0,0,0,0,0,0,0,0,0,0,0,0
REEBOK,0.24973205,0.07142857,pics/RBID1522R00.jpg,0,0,0,0,0,0,0,0,0,0,0,0,0,0,1,0,0,0,0,0,0,0,0,0,0,0,0
REEBOK,0.32865309,0.0,pics/RBIG2746R00.jpg,0,0,0,0,0,0,0,0,0,0,0,0,0,0,1,0,0,0,0,0,0,0,0,0,0,0,0
REEBOK,0.38581636,0.0,pics/RBIG2747R00.jpg,0,0,0,0,0,0,0,0,0,0,1,0,0,0,1,0,0,0,0,0,0,0,0,0,0,0,0
LACOSTE,0.28545909,0.07142857,pics/746SMA003112X.jpg,0,0,0,0,1,0,0,0,0,0,0,0,0,0,1,0,0,0,0,0,0,0,0,0,0,0,0
ANTA,0.19692747,0.0,pics/AN8123380712.jpg,1,0,0,0,0,0,0,0,0,0,0,0,0,0,0,0,0,0,0,0,1,0,0,0,0,0,0
ANTA,0.20328689,0.07142857,pics/AN8123355873.jpg,0,0,0,0,0,0,0,0,0,0,0,0,0,1,0,0,0,0,0,0,1,0,0,0,0,0,0
REEBOK,0.53586995,0.0,pics/RBIF4782R00.jpg,0,0,0,0,0,0,0,0,0,0,0,0,0,0,1,0,0,0,0,0,0,0,0,0,0,0,0
LACOSTE,0.50325116,0.0,pics/746SMA0061GG2.jpg,0,0,0,0,1,0,0,0,0,0,0,0,0,0,1,0,0,0,0,0,0,0,0,0,0,0,0
LACOSTE,0.50325116,0.14285714,pics/746SMA006102H.jpg,0,0,0,0,0,0,0,0,0,0,0,0,0,1,1,0,0,0,0,0,0,0,0,0,0,0,0
ANTA,0.20328689,0.0,pics/AN8123355872.jpg,0,0,0,0,0,1,0,0,0,0,0,0,0,0,0,0,0,0,0,0,1,0,0,0,0,0,0
REEBOK,0.26613076,0.0,pics/RBID9223R00.jpg,1,0,0,0,0,0,0,0,0,0,0,0,0,0,1,0,0,0,0,0,0,0,0,0,0,0,0
LACOSTE,0.24973205,0.21428571,pics/746SMA0050257.jpg,0,0,0,0,0,1,0,0,0,0,0,0,0,0,1,0,0,0,0,0,0,0,0,0,0,0,0
REEBOK,0.32865309,0.0,pics/RBIG2748R00.jpg,1,0,0,0,0,0,0,0,0,0,0,0,0,0,1,0,0,0,0,0,0,0,0,0,0,0,0
REEBOK,0.2536263,0.0,pics/RBGZ1438R00.jpg,0,0,0,0,0,0,0,0,0,0,0,1,0,0,0,0,0,0,0,0,1,0,0,0,0,0,0
LACOSTE,0.57827796,0.0,pics/746SMA0004WP2.jpg,0,0,0,0,0,0,0,0,0,0,0,0,0,0,1,0,0,0,0,0,0,0,0,0,0,0,0
REEBOK,0.28545909,0.14285714,pics/RBHR0931R00.jpg,0,0,0,0,0,0,0,0,0,0,0,0,0,1,0,0,1,0,0,0,0,0,0,0,0,0,0
REEBOK,0.15005359,0.28571429,pics/RBID1521R00.jpg,1,0,0,0,0,0,0,0,0,0,0,0,0,0,1,0,0,0,0,0,0,0,0,0,0,0,0
REEBOK,0.24973205,0.14285714,pics/RBFZ6012R00.jpg,1,0,0,0,0,0,0,0,0,0,0,0,0,0,1,0,0,0,0,0,0,0,0,0,0,0,0
ADIDAS,0.25008932,0.07142857,pics/ADHQ7099R00.jpg,0,0,0,0,0,0,0,0,0,0,0,0,0,0,0,0,0,0,0,0,1,0,0,0,0,0,0
REEBOK,0.22861736,0.07142857,pics/RBIF5530R00.jpg,0,0,0,0,0,0,0,0,0,0,0,0,0,1,1,0,0,0,0,0,0,0,0,0,0,0,0
ANTA,0.20328689,0.0,pics/AN8123355874.jpg,0,0,0,0,0,0,0,0,0,0,1,0,0,0,0,0,0,0,0,0,1,0,0,0,0,0,0
PUMA,0.53554841,0.14285714,pics/PM39077602.jpg,0,0,0,0,0,0,0,0,0,0,0,0,0,0,1,0,0,0,0,0,0,0,0,0,0,0,0
LACOSTE,0.35684173,0.14285714,pics/743SMA006421G.jpg,1,0,0,0,0,0,0,0,0,0,0,0,0,0,1,0,0,0,0,0,0,0,0,0,0,0,0
LACOSTE,0.42115041,0.42857143,pics/745SMA0001075.jpg,0,0,0,0,0,0,0,0,0,0,0,0,0,1,1,0,0,0,0,0,0,0,0,0,0,0,0
ECCO,0.30350125,0.07142857,pics/EC82425451052.jpg,0,0,0,0,0,0,0,0,0,0,0,0,0,1,0,0,0,0,0,0,0,0,0,0,1,0,0
LACOSTE,0.42115041,0.28571429,pics/746SMA00881R5.jpg,0,0,0,0,0,0,0,0,1,0,0,0,0,0,0,0,0,0,0,0,0,0,0,0,0,1,0
ECCO,0.22851018,0.14285714,pics/EC52081401007.jpg,1,0,0,0,0,0,0,0,0,0,0,0,0,0,0,0,0,0,0,0,1,0,0,0,0,0,0
DIADORA,0.01632726,0.71428571,pics/DR101177704C0657.jpg,1,0,0,0,0,0,0,0,0,0,0,0,0,0,0,0,0,0,0,0,1,0,0,0,0,0,0
LACOSTE,0.4532333,0.07142857,pics/746SMA0094421.jpg,0,0,0,0,0,0,0,0,0,0,0,0,0,1,0,0,1,0,0,0,0,0,0,0,0,0,0
PUMA,0.35344766,0.07142857,pics/PM39077604.jpg,0,0,0,0,0,0,0,0,1,0,0,0,0,0,1,0,0,0,0,0,0,0,0,0,0,0,0
DIADORA,0.16059307,0.14285714,pics/DR501178301C6180.jpg,0,0,0,0,0,0,0,0,0,0,0,0,0,0,0,0,0,0,0,0,1,0,0,0,0,0,0
LACOSTE,0.28545909,0.28571429,pics/746SMA003221G.jpg,1,0,0,0,0,0,0,0,0,0,0,0,0,0,1,0,0,0,0,0,0,0,0,0,0,0,0
ADIDAS,0.214005,0.85714286,pics/ADFY7755R00.jpg,1,0,0,0,0,0,0,0,0,0,0,0,0,0,0,0,0,0,0,0,1,0,0,0,0,0,0
LACOSTE,0.67809932,0.14285714,pics/745SMA00012G9.jpg,0,0,0,0,0,0,0,0,0,0,0,0,0,0,1,0,0,0,0,0,0,0,0,0,0,0,0
LACOSTE,0.42822437,0.28571429,pics/743SMA006402H.jpg,0,0,0,0,0,0,0,0,0,0,0,0,0,1,1,0,0,0,0,0,0,0,0,0,0,0,0
DIADORA,0.07109682,0.57142857,pics/DR501178301C5147.jpg,0,0,0,0,0,0,0,0,0,0,0,0,0,0,0,0,0,0,0,0,1,0,0,0,0,0,0
ECCO,0.22851018,0.21428571,pics/EC82425451866.jpg,0,0,0,0,0,0,0,0,0,0,0,0,0,1,0,0,0,0,0,0,0,0,0,0,1,0,0
LACOSTE,0.78528046,0.28571429,pics/746SMA005502H.jpg,0,0,0,0,0,0,0,0,0,0,0,0,0,1,1,0,0,0,0,0,0,0,0,0,0,0,0
DIADORA,0.28545909,0.14285714,pics/DR101173744C0657.jpg,1,0,0,0,0,0,0,0,0,0,0,0,0,0,1,0,0,0,0,0,0,0,0,0,0,0,0
LACOSTE,0.55326902,0.0,pics/746SMA0008WP2.jpg,0,0,0,0,0,0,0,0,0,0,0,0,0,0,0,0,1,0,0,0,0,0,0,0,0,0,0
DIADORA,0.07663451,0.07142857,pics/DR101177704C0896.jpg,0,0,0,0,1,0,0,0,0,0,0,0,0,0,0,0,0,0,0,0,1,0,0,0,0,0,0
ADIDAS,0.35691318,0.57142857,pics/ADH04250R00.jpg,0,0,0,0,0,0,0,0,0,0,0,0,0,1,1,0,0,0,0,0,0,0,0,0,0,0,0
LACOSTE,0.8210075,0.14285714,pics/746SMA00081R5.jpg,0,0,0,0,0,0,0,0,0,0,0,0,0,0,0,0,1,0,0,0,0,0,0,0,0,0,0
ADIDAS,0.28545909,0.71428571,pics/ADFY7756R00.jpg,1,0,0,0,0,0,0,0,0,0,0,0,0,0,0,0,0,0,0,0,1,0,0,0,0,0,0
ADIDAS,0.39264023,0.42857143,pics/ADFY7757R00.jpg,1,0,0,0,0,0,0,0,0,0,0,0,0,0,0,0,0,0,0,0,1,0,0,0,0,0,0
DIADORA,0.28545909,0.28571429,pics/DR101173744C0200.jpg,0,0,0,0,0,0,0,0,0,0,0,0,0,1,1,0,0,0,0,0,0,0,0,0,0,0,0
ETONIC,0.20861022,0.28571429,pics/ETM31361001.jpg,0,0,0,0,0,0,0,0,0,0,1,0,0,0,0,0,0,0,0,0,1,0,0,0,0,0,0
ADIDAS,0.64272955,0.57142857,pics/ADEE6999R00.jpg,0,0,0,0,0,0,0,0,0,0,0,0,0,1,1,0,0,0,0,0,0,0,0,0,0,0,0
ADIDAS,0.28545909,0.14285714,pics/ADFX5501R00.jpg,1,0,0,0,0,0,0,0,0,0,0,0,0,0,1,0,0,0,0,0,0,0,0,0,0,0,0
PUMA,0.46409432,0.5,pics/PM39077601.jpg,0,0,0,0,0,0,0,0,0,0,0,0,0,1,1,0,0,0,0,0,0,0,0,0,0,0,0
ECCO,0.21421936,0.21428571,pics/EC82425456665.jpg,0,0,0,0,0,0,0,0,1,0,0,0,0,0,0,0,0,0,0,0,0,0,0,0,1,0,0
PUMA,0.35691318,0.0,pics/PM38877401.jpg,0,0,0,0,0,0,0,0,0,0,1,0,0,0,0,0,0,0,0,0,1,0,0,0,0,0,0
NIKE,0.6070025,0.0,pics/NKDQ8584600.jpg,0,1,0,0,0,0,0,0,0,0,0,0,0,0,0,0,0,0,0,0,1,0,0,0,0,0,0
NIKE,0.71418364,0.14285714,pics/NKDQ0558160.jpg,1,0,0,0,0,0,0,0,0,0,0,0,0,0,1,0,0,0,0,0,0,0,0,0,0,0,0
NIKE,0.89281886,0.0,pics/NKDO9354001.jpg,0,0,0,0,0,0,0,0,0,0,0,0,0,1,1,0,0,0,0,0,0,0,0,0,0,0,0
DIADORA,0.16059307,0.21428571,pics/DR501179775D0405.jpg,0,0,1,0,0,0,0,0,0,0,0,0,0,0,0,0,0,0,0,0,1,0,0,0,0,0,0
ANTA,0.16398714,0.0,pics/AN8123355586.jpg,0,0,0,0,0,0,0,0,0,0,0,0,0,1,0,0,0,0,0,0,1,0,0,0,0,0,0
ANTA,0.13404787,0.0,pics/AN8123388942.jpg,0,0,0,0,0,0,0,0,0,0,0,0,0,1,0,0,0,0,0,0,1,0,0,0,0,0,0
LACOSTE,0.8210075,0.0,pics/746SMA0084237.jpg,0,0,0,0,0,0,0,0,0,0,0,0,0,1,1,0,0,0,0,0,0,0,0,0,0,0,0
DIADORA,0.03558414,0.0,pics/DR101179547C9625.jpg,0,0,0,0,0,0,0,0,0,0,0,1,0,0,0,0,0,0,0,0,1,0,0,0,0,0,0
LACOSTE,0.46409432,0.21428571,pics/746SMA0083BG8.jpg,0,1,0,0,0,0,0,0,0,0,0,0,0,0,1,0,0,0,0,0,0,0,0,0,0,0,0
NIKE,0.50350125,0.14285714,pics/NKDQ4121001.jpg,0,0,0,0,0,0,0,0,0,0,0,0,0,1,0,0,0,0,0,0,1,0,0,0,0,0,0
ANTA,0.23186852,0.0,pics/AN8123377114.jpg,0,0,0,0,0,0,0,0,0,0,0,0,0,1,0,0,0,0,0,0,1,0,0,0,0,0,0
PUMA,0.35691318,0.07142857,pics/PM38892007.jpg,0,0,0,0,0,0,0,0,0,0,0,0,0,1,0,0,0,0,0,0,1,0,0,0,0,0,0
DIADORA,0.35705609,0.0,pics/DR501173073C0331.jpg,0,0,0,0,0,0,0,0,1,0,0,0,0,0,0,0,0,0,0,0,1,0,0,0,0,0,0
LACOSTE,0.8210075,0.14285714,pics/746SMA008418C.jpg,0,0,0,0,0,0,0,0,0,0,0,0,0,0,1,0,0,0,0,0,0,0,0,0,0,0,0
DIADORA,0.33561986,0.07142857,pics/DR501179722C4014.jpg,0,0,0,0,1,0,0,0,0,0,0,0,0,0,0,0,0,0,0,0,1,0,0,0,0,0,0
ANTA,0.19692747,0.0,pics/AN8123380713.jpg,0,0,0,0,0,0,0,0,1,0,0,0,0,0,0,0,0,0,0,0,1,0,0,0,0,0,0
LACOSTE,0.55326902,0.07142857,pics/746SMA0108J18.jpg,0,0,0,0,0,0,0,0,0,0,0,1,0,0,1,0,0,0,0,0,0,0,0,0,0,0,0
LACOSTE,0.50689532,0.0,pics/746SMA00981W7.jpg,0,1,0,0,0,0,0,0,0,0,0,0,0,0,1,0,0,0,0,0,0,0,0,0,0,0,0
ADIDAS,0.06777421,0.0,pics/ADHQ7103R00.jpg,0,0,0,0,0,0,0,0,0,0,0,0,0,1,1,0,0,0,0,0,0,0,0,0,0,0,0
LACOSTE,0.46409432,0.0,pics/746SMA0083042.jpg,0,0,0,0,0,0,0,0,0,0,0,0,0,0,1,0,0,0,0,0,0,0,0,0,0,0,0
NIKE,0.50350125,0.14285714,pics/NKDQ41211KJ.jpg,0,0,0,0,0,0,0,0,0,0,0,0,0,1,0,0,0,0,0,0,1,0,0,0,0,0,0
DIADORA,0.03558414,0.14285714,pics/DR101179547C2763.jpg,0,0,0,0,0,0,0,0,0,0,1,0,0,0,0,0,0,0,0,0,1,0,0,0,0,0,0
NIKE,0.92854591,0.0,pics/NKBQ6472079.jpg,0,0,0,0,0,0,0,0,1,0,0,0,0,0,1,0,0,0,0,0,0,0,0,0,0,0,0
LACOSTE,0.46409432,0.0,pics/746SMA0102PN4.jpg,0,0,0,0,0,1,0,0,0,0,0,0,0,0,1,0,0,0,0,0,0,0,0,0,0,0,0
LACOSTE,0.55326902,0.07142857,pics/746SMA01081Y5.jpg,0,0,0,0,0,0,0,0,0,0,0,0,0,0,1,0,0,0,0,0,0,0,0,0,0,0,0
NIKE,0.6070025,0.14285714,pics/NKDQ7673104.jpg,0,0,0,0,0,0,0,0,0,0,1,0,0,0,1,0,0,0,0,0,0,0,0,0,0,0,0
PUMA,0.12836727,0.21428571,pics/PM38015006.jpg,1,0,0,0,0,0,0,0,0,0,0,0,0,0,0,0,0,0,0,0,1,0,0,0,0,0,0
NIKE,0.6070025,0.07142857,pics/NKDV0833101.jpg,0,0,0,0,1,0,0,0,0,0,0,0,0,0,0,0,1,0,0,0,0,0,0,0,0,0,0
UNITED 4,0.15326902,0.0,pics/UN001BYY.jpg,1,0,0,0,0,0,0,0,0,0,0,0,0,0,0,0,0,0,0,0,0,0,0,0,0,0,1
UNITED 4,0.15326902,0.0,pics/UN001BYL.jpg,1,0,0,0,0,0,0,0,0,0,0,0,0,0,0,0,0,0,0,0,0,0,0,0,0,0,1
PUMA,0.27842086,0.07142857,pics/PM39298101.jpg,0,0,0,0,0,0,0,0,1,0,0,0,0,0,0,0,0,0,0,0,1,0,0,0,0,0,0
EA7,0.62851018,0.07142857,pics/EA7X8X070XK165T578.jpg,0,0,0,0,0,0,0,0,0,0,1,0,0,0,0,0,0,0,0,0,1,0,0,0,0,0,0
DIADORA,0.25709182,0.42857143,pics/DR101179551C6103.jpg,1,0,0,0,0,0,0,0,0,0,0,0,0,0,0,0,0,0,0,0,1,0,0,0,0,0,0
UNITED 4,0.15326902,0.0,pics/UN001BYK.jpg,1,0,0,0,0,0,0,0,0,0,0,0,0,0,0,0,0,0,0,0,0,0,0,0,0,0,1
LACOSTE,0.24973205,0.57142857,pics/745SMA0126147.jpg,1,0,0,0,0,0,0,0,0,0,0,0,0,0,1,0,0,0,0,0,0,0,0,0,0,0,0
UNITED 4,0.05702036,0.0,pics/UN001BYG.jpg,1,0,0,0,0,0,0,0,0,0,0,0,0,0,0,0,0,0,0,0,0,0,0,0,0,0,1
DIADORA,0.18556627,0.0,pics/DR101179546C0787.jpg,0,0,0,0,0,0,0,0,0,0,0,0,0,1,1,0,0,0,0,0,0,0,0,0,0,0,0
DIADORA,0.25709182,0.0,pics/DR101179551D0868.jpg,0,0,0,0,0,0,0,0,0,0,0,0,0,0,0,0,0,0,0,0,1,0,0,0,0,0,0
UNITED 4,0.05702036,0.0,pics/UN001BYR.jpg,1,0,0,0,0,0,0,0,0,0,0,0,0,0,0,0,0,0,0,0,0,0,0,0,0,0,1
UNITED 4,0.15326902,0.0,pics/UN001BYS.jpg,1,0,0,0,0,0,0,0,0,0,0,0,0,0,0,0,0,0,0,0,0,0,0,0,0,0,1
PUMA,0.35344766,0.0,pics/PM39315301.jpg,0,0,0,0,0,0,0,0,0,0,1,0,0,0,1,0,0,0,0,0,0,0,0,0,0,0,0
ADIDAS,0.35691318,0.78571429,pics/ADNC77124R00.jpg,1,0,0,0,0,0,0,0,0,0,0,0,0,0,0,0,1,0,0,0,0,0,0,0,0,0,0
UNITED 4,0.15326902,0.0,pics/UN001BYP.jpg,1,0,0,0,0,0,0,0,0,0,0,0,0,0,0,0,0,0,0,0,0,0,0,0,0,0,1
EA7,0.62854591,0.0,pics/EA7X8Z039XK331M701.jpg,0,0,0,0,0,0,0,0,0,0,0,0,0,1,0,0,1,0,0,0,0,0,0,0,0,0,0
ADIDAS,0.39264023,0.21428571,pics/ADEG4959R00.jpg,0,0,0,0,0,0,0,0,0,0,0,0,0,1,0,0,1,0,0,0,0,0,0,0,0,0,0
NIKE,0.6070025,0.14285714,pics/NKBQ6806100.jpg,1,0,0,0,0,0,0,0,0,0,0,0,0,0,0,1,0,0,0,0,0,0,0,0,0,0,0
ADIDAS,0.23204716,0.21428571,pics/ADNEF2810R00.jpg,0,0,0,0,0,0,0,0,1,0,0,0,0,0,0,0,0,0,0,0,1,0,0,0,0,0,0
PUMA,0.23386924,0.71428571,pics/PM39271805.jpg,0,0,0,0,0,0,0,0,0,0,0,0,0,1,1,0,0,0,0,0,0,0,0,0,0,0,0
UNITED 4,0.15326902,0.0,pics/UN001BYZ.jpg,1,0,0,0,0,0,0,0,0,0,0,0,0,0,0,0,0,0,0,0,0,0,0,0,0,0,1
PUMA,0.28545909,0.42857143,pics/PM39117612.jpg,0,0,0,0,0,1,0,0,0,0,0,0,0,0,1,0,0,0,0,0,0,0,0,0,0,0,0
UNITED 4,0.15326902,0.0,pics/UN001KHV.jpg,0,0,0,0,0,1,0,0,0,0,0,0,0,0,0,0,0,0,0,0,0,0,0,0,0,0,1
DIADORA,0.08181493,0.35714286,pics/DR501178565C1161.jpg,0,0,0,0,0,0,0,0,1,0,0,0,0,0,0,0,0,0,0,0,1,0,0,0,0,0,0
UNITED 4,0.15326902,0.0,pics/UN001BYB.jpg,1,0,0,0,0,0,0,0,0,0,0,0,0,0,0,0,0,0,0,0,0,0,0,0,0,0,1
NEW BALANCE,0.42836727,0.21428571,pics/NBU574BGF.jpg,0,0,0,0,0,0,0,0,0,0,0,0,0,1,1,0,0,0,0,0,0,0,0,0,0,0,0
NIKE,0.37849232,0.0,pics/NKFN5924001.jpg,0,0,0,0,0,0,0,0,0,0,0,0,0,1,1,0,0,0,0,0,0,0,0,0,0,0,0
REEBOK,0.28545909,0.07142857,pics/RB101520211R00.jpg,0,0,0,0,0,0,0,0,0,0,0,0,0,1,1,0,0,0,0,0,0,0,0,0,0,0,0
LACOSTE,0.29253305,0.14285714,pics/746SMA0078J18.jpg,0,0,0,0,0,0,0,0,0,0,0,1,0,0,1,0,0,0,0,0,0,0,0,0,0,0,0
NIKE,0.3392283,0.28571429,pics/NKDB2839001.jpg,0,0,0,0,0,0,0,0,0,0,0,0,0,1,1,0,0,0,0,0,0,0,0,0,0,0,0
EA7,0.57141836,0.5,pics/EA7X8Z043XK362M700.jpg,0,0,0,0,0,0,0,0,0,0,0,0,0,1,0,0,1,0,0,0,0,0,0,0,0,0,0
EA7,0.57141836,0.14285714,pics/EA7X8Z043XK362S834.jpg,0,0,0,0,0,0,0,0,0,0,0,0,0,0,0,0,1,0,0,0,0,0,0,0,0,0,0
NIKE,0.41847088,0.07142857,pics/NKDQ7673001.jpg,0,0,0,0,0,0,0,0,1,0,0,0,0,0,1,0,0,0,0,0,0,0,0,0,0,0,0
NEW BALANCE,0.25341193,0.0,pics/NBGM500SO1.jpg,0,0,0,0,0,0,0,0,0,0,0,0,0,1,1,0,0,0,0,0,0,0,0,0,0,0,0
NIKE,0.52851018,0.14285714,pics/NKCU4833015.jpg,0,0,0,0,0,0,0,0,0,0,0,0,0,1,0,0,1,0,0,0,0,0,0,0,0,0,0
NIKE,0.72854591,0.0,pics/NKDJ7926100.jpg,0,0,0,0,0,0,0,0,1,0,0,0,0,0,0,1,0,0,0,0,0,0,0,0,0,0,0
NIKE,0.34555198,0.0,pics/NKDC8185004.jpg,0,0,0,0,0,0,0,0,0,0,0,0,0,1,1,0,0,0,0,0,0,0,0,0,0,0,0
NIKE,0.214005,0.07142857,pics/NKDJ6258001.jpg,0,0,0,0,0,0,0,0,0,0,0,0,0,1,0,0,0,0,0,0,0,0,0,0,0,0,0
NIKE,0.27842086,0.14285714,pics/NKDD9535003.jpg,0,0,0,0,0,0,0,0,0,0,0,0,0,1,0,0,0,0,0,1,0,0,0,0,0,0,0
NIKE,0.4498035,0.0,pics/NKDD0204006.jpg,0,0,0,0,0,0,0,0,0,0,0,0,0,1,0,1,0,0,0,0,0,0,0,0,0,0,0
NIKE,0.3484816,0.28571429,pics/NKDA7995001.jpg,0,0,0,0,0,0,0,0,0,0,0,0,0,1,0,0,1,0,0,0,0,0,0,0,0,0,0
REEBOK,0.39296177,0.07142857,pics/RB101553592R00.jpg,0,0,0,0,0,1,0,0,0,0,0,0,0,0,1,0,0,0,0,0,0,0,0,0,0,0,0
DIADORA,0.55359057,0.07142857,pics/DR201179033D0333.jpg,0,0,0,0,0,0,0,0,0,0,0,0,0,0,0,0,0,0,1,0,0,0,0,0,0,0,0
CALVIN KLEIN,0.21418364,0.28571429,pics/CKYM0YM00437YAF.jpg,1,0,0,0,0,0,0,0,0,0,0,0,0,0,0,0,0,0,0,0,1,0,0,0,0,0,0
NIKE,0.53554841,0.07142857,pics/NKDJ6158700.jpg,0,0,0,1,0,0,0,0,0,0,0,0,0,0,1,0,0,0,0,0,0,0,0,0,0,0,0
NIKE,0.24973205,0.14285714,pics/NKDR0472001.jpg,0,0,0,0,0,0,0,0,0,0,0,0,0,1,1,0,0,0,0,0,0,0,0,0,0,0,0
DIADORA,0.6785995,0.28571429,pics/DR20117967940040.jpg,0,0,0,0,0,0,0,0,1,0,0,0,0,0,0,0,0,0,1,0,0,0,0,0,0,0,0
REEBOK,0.22865309,0.21428571,pics/RB101520129R00.jpg,0,0,0,0,0,0,0,0,0,0,0,0,0,1,1,0,0,0,0,0,0,0,0,0,0,0,0
NIKE,0.6070025,0.0,pics/NKDQ7673100.jpg,1,0,0,0,0,0,0,0,0,0,0,0,0,0,1,0,0,0,0,0,0,0,0,0,0,0,0
REEBOK,0.24973205,0.0,pics/RB101553617R00.jpg,0,0,0,0,0,0,0,0,0,0,0,0,0,0,1,0,0,0,0,0,0,0,0,0,0,0,0
NIKE,0.214005,0.07142857,pics/NKDJ6258003.jpg,0,0,0,0,0,0,0,0,0,0,0,0,0,1,0,0,0,0,0,0,0,0,0,0,0,0,0
NIKE,0.24973205,0.07142857,pics/NKDR2695003.jpg,0,0,0,0,0,0,0,0,0,0,0,0,0,1,1,0,0,0,0,0,0,0,0,0,0,0,0
NIKE,0.74991068,0.21428571,pics/NKCU4826100.jpg,1,0,0,0,0,0,0,0,0,0,0,0,0,0,1,0,0,0,0,0,0,0,0,0,0,0,0
ADIDAS,0.18578064,0.0,pics/ADFY4976R00.jpg,1,0,0,0,0,0,0,0,0,0,0,0,0,0,0,0,0,0,0,0,1,0,0,0,0,0,0
NIKE,0.42136477,0.42857143,pics/NKDB2839002.jpg,0,0,0,0,0,0,0,0,0,0,0,0,0,1,1,0,0,0,0,0,0,0,0,0,0,0,0
REEBOK,0.32865309,0.0,pics/RB101519975R00.jpg,0,0,0,0,0,0,0,0,0,0,0,0,0,1,1,0,0,0,0,0,0,0,0,0,0,0,0
NIKE,0.214005,0.35714286,pics/NKDD9293001.jpg,0,0,0,0,0,0,0,0,0,0,0,0,0,1,1,0,0,0,0,0,0,0,0,0,0,0,0
PUMA,0.26759557,0.0,pics/PM39232603.jpg,0,0,0,0,0,0,0,0,0,0,0,0,0,1,0,0,0,0,0,0,1,0,0,0,0,0,0
PUMA,0.214005,0.21428571,pics/PM36957330.jpg,0,0,0,0,0,0,0,0,0,0,0,0,0,0,0,0,0,0,0,0,1,0,0,0,0,0,0
DIADORA,0.80360843,0.21428571,pics/DR20117976370312.jpg,0,0,0,0,0,0,0,0,1,0,0,0,0,0,0,0,0,0,1,0,0,0,0,0,0,0,0
LACOSTE,0.42115041,0.35714286,pics/747SMA01112R2.jpg,0,0,0,0,0,0,0,0,0,0,0,0,0,0,0,0,0,0,0,0,0,0,0,0,0,1,0
NIKE,0.24973205,0.07142857,pics/NKDC3728004.jpg,0,0,0,0,1,0,0,0,0,0,0,0,0,0,0,0,0,0,0,0,1,0,0,0,0,0,0
PUMA,0.35344766,0.14285714,pics/PM39002507.jpg,0,0,0,0,0,0,0,0,0,0,0,0,0,1,1,0,0,0,0,0,0,0,0,0,0,0,0
PUMA,0.214005,0.14285714,pics/PM36957337.jpg,0,1,0,0,0,0,0,0,0,0,0,0,0,0,0,0,0,0,0,0,1,0,0,0,0,0,0
NIKE,0.24973205,0.28571429,pics/NKDC3728003.jpg,0,0,0,0,0,0,0,0,0,0,0,0,0,1,0,0,0,0,0,0,1,0,0,0,0,0,0
PUMA,0.46409432,0.07142857,pics/PM39077612.jpg,0,0,0,0,0,0,0,0,0,0,0,0,0,0,1,0,0,0,0,0,0,0,0,0,0,0,0
LACOSTE,0.44258664,0.5,pics/747SMA007502H.jpg,0,0,0,0,0,0,0,0,0,0,0,0,0,1,1,0,0,0,0,0,0,0,0,0,0,0,0
PUMA,0.26759557,0.07142857,pics/PM39232604.jpg,0,0,0,0,0,0,0,0,1,0,0,0,0,0,0,0,0,0,0,0,1,0,0,0,0,0,0
EA7,0.42847446,0.21428571,pics/EA7X8X001XCC5100002.jpg,0,0,0,0,0,0,0,0,0,0,0,0,0,1,0,0,1,0,0,0,0,0,0,0,0,0,0
PUMA,0.14087174,0.0,pics/PM39229007.jpg,0,0,0,0,0,0,0,0,1,0,0,0,0,0,0,0,0,0,0,0,1,0,0,0,0,0,0
PUMA,0.214005,0.21428571,pics/PM36957336.jpg,0,0,0,0,0,0,0,0,0,0,0,1,0,0,0,0,0,0,0,0,1,0,0,0,0,0,0
LACOSTE,0.28545909,0.07142857,pics/747SMA003618C.jpg,0,0,0,0,0,0,0,0,0,0,0,0,0,0,0,0,0,0,0,0,0,0,0,0,0,1,0
PUMA,0.46409432,0.0,pics/PM39077609.jpg,0,0,0,0,0,1,0,0,0,0,0,0,0,0,1,0,0,0,0,0,0,0,0,0,0,0,0
PUMA,0.46409432,0.0,pics/PM39018605.jpg,0,0,0,0,0,0,0,0,0,0,0,0,0,1,1,0,0,0,0,0,0,0,0,0,0,0,0
PUMA,0.46409432,0.35714286,pics/PM39077610.jpg,0,0,0,0,0,0,0,0,1,0,0,0,0,0,1,0,0,0,0,0,0,0,0,0,0,0,0
EA7,0.42847446,0.07142857,pics/EA7X8X001XCC5100001.jpg,1,0,0,0,0,0,0,0,0,0,0,0,0,0,0,0,1,0,0,0,0,0,0,0,0,0,0
KARL KANI,0.6070025,0.07142857,pics/KKKKFWM000263R00.jpg,1,0,0,0,0,0,0,0,0,0,0,0,0,0,0,0,0,0,0,0,1,0,0,0,0,0,0
EA7,0.57852805,0.0,pics/EA7X8X027XK05000175.jpg,1,0,0,0,0,0,0,0,0,0,0,0,0,0,0,0,1,0,0,0,0,0,0,0,0,0,0
PUMA,0.14255091,0.21428571,pics/PM39229004.jpg,0,0,0,0,0,0,0,0,0,0,0,0,0,1,0,0,0,0,0,0,1,0,0,0,0,0,0
PUMA,0.14255091,0.0,pics/PM39229005.jpg,0,0,0,0,0,0,0,0,1,0,0,0,0,0,0,0,0,0,0,0,1,0,0,0,0,0,0
PUMA,0.46409432,0.14285714,pics/PM39018604.jpg,0,0,0,0,0,0,0,0,0,0,0,0,0,0,1,0,0,0,0,0,0,0,0,0,0,0,0
EA7,0.57852805,0.0,pics/EA7X8X027XK050B003.jpg,0,0,0,0,0,0,0,0,0,0,1,0,0,0,0,0,1,0,0,0,0,0,0,0,0,0,0
PUMA,0.15337621,0.07142857,pics/PM36957329.jpg,0,0,0,0,0,0,0,0,1,0,0,0,0,0,0,0,0,0,0,0,1,0,0,0,0,0,0
LACOSTE,0.60664523,0.0,pics/747SMA00542B7.jpg,0,0,0,0,0,0,0,0,0,0,0,0,0,0,1,0,0,0,0,0,0,0,0,0,0,0,0
PUMA,0.14255091,0.35714286,pics/PM39229002.jpg,1,0,0,0,0,0,0,0,0,0,0,0,0,0,0,0,0,0,0,0,1,0,0,0,0,0,0
EA7,0.57852805,0.21428571,pics/EA7X8X027XK050A120.jpg,0,0,0,0,0,0,0,0,0,0,0,0,0,1,0,0,1,0,0,0,0,0,0,0,0,0,0
PUMA,0.14255091,0.21428571,pics/PM39229003.jpg,1,0,0,0,0,0,0,0,0,0,0,0,0,0,0,0,0,0,0,0,1,0,0,0,0,0,0
ADIDAS,0.35712755,0.07142857,pics/ADGX9266R00.jpg,0,0,0,0,0,0,0,0,0,0,0,0,0,1,1,0,0,0,0,0,0,0,0,0,0,0,0
LACOSTE,0.50325116,0.0,pics/746SMA0103421.jpg,0,0,0,0,0,0,0,0,0,0,1,0,0,0,1,0,0,0,0,0,0,0,0,0,0,0,0
ADIDAS,0.214005,0.21428571,pics/ADGY2565R00.jpg,1,0,0,0,0,0,0,0,0,0,0,0,0,0,0,0,1,0,0,0,0,0,0,0,0,0,0
NEW BALANCE,0.39264023,0.14285714,pics/NBU574SV2.jpg,0,0,0,0,0,0,0,0,1,0,0,0,0,0,1,0,0,0,0,0,0,0,0,0,0,0,0
NEW BALANCE,0.28545909,0.07142857,pics/NBMT410HP7.jpg,0,0,0,0,0,0,0,0,0,0,0,0,0,1,0,0,1,0,0,0,0,0,0,0,0,0,0
ADIDAS,0.35712755,0.0,pics/ADGX9249R00.jpg,0,0,0,0,0,0,0,0,0,0,0,0,0,1,1,0,0,0,0,0,0,0,0,0,0,0,0
NEW BALANCE,0.28545909,0.07142857,pics/NBM520LR8.jpg,0,0,0,0,0,0,0,0,0,0,0,0,0,1,0,0,1,0,0,0,0,0,0,0,0,0,0
ADIDAS,0.35712755,0.0,pics/ADGX9806R00.jpg,0,0,0,0,0,0,0,0,0,0,0,0,1,0,1,0,0,0,0,0,0,0,0,0,0,0,0
LACOSTE,0.35319757,0.0,pics/746SMA0043257.jpg,0,0,0,0,0,1,0,0,0,0,0,0,0,0,0,0,0,0,0,0,0,0,0,0,0,1,0
NEW BALANCE,0.28545909,0.07142857,pics/NBM411LK3.jpg,0,0,0,0,0,0,0,0,0,0,0,0,0,1,1,0,0,0,0,0,0,0,0,0,0,0,0
NEW BALANCE,0.52847446,0.07142857,pics/NBU574RA2.jpg,0,0,0,0,0,0,0,0,0,0,0,1,0,0,1,0,0,0,0,0,0,0,0,0,0,0,0
LACOSTE,0.3782065,0.0,pics/746SMA0005WN1.jpg,0,0,0,0,0,0,0,0,0,0,0,0,0,0,1,0,0,0,0,0,0,0,0,0,0,0,0
NEW BALANCE,0.28545909,0.07142857,pics/NBMT410TO7.jpg,0,0,0,0,0,0,0,0,0,0,1,0,0,0,0,0,1,0,0,0,0,0,0,0,0,0,0
LACOSTE,0.31396927,0.0,pics/745SMA00031R5.jpg,0,0,0,0,0,0,0,0,0,0,0,0,0,0,1,0,0,0,0,0,0,0,0,0,0,0,0
NEW BALANCE,0.28545909,0.14285714,pics/NBMARISFK4.jpg,0,0,0,0,0,0,0,0,0,0,0,0,0,1,0,0,1,0,0,0,0,0,0,0,0,0,0
NEW BALANCE,0.39264023,0.0,pics/NBGM500WG2.jpg,0,0,0,0,0,0,0,0,0,0,1,0,0,0,1,0,0,0,0,0,0,0,0,0,0,0,0
ADIDAS,0.24991068,0.14285714,pics/ADHP2857R00.jpg,0,0,0,0,0,0,0,0,1,0,0,0,0,0,1,0,0,0,0,0,0,0,0,0,0,0,0
ADIDAS,0.35712755,0.21428571,pics/ADGX9247R00.jpg,1,0,0,0,0,0,0,0,0,0,0,0,0,0,1,0,0,0,0,0,0,0,0,0,0,0,0
NEW BALANCE,0.57127546,0.0,pics/NBML373RT2.jpg,0,0,0,0,0,0,0,0,0,0,0,1,0,0,0,0,1,0,0,0,0,0,0,0,0,0,0
ADIDAS,0.21421936,0.21428571,pics/ADGZ9260R00.jpg,1,0,0,0,0,0,0,0,0,0,0,0,0,0,1,0,0,0,0,0,0,0,0,0,0,0,0
ADIDAS,0.27138264,0.0,pics/ADHP3144R00.jpg,0,0,0,0,0,0,0,0,0,0,1,0,0,0,0,0,1,0,0,0,0,0,0,0,0,0,0
NEW BALANCE,0.57127546,0.0,pics/NBML373BU2.jpg,0,0,0,0,0,0,0,0,0,0,1,0,0,0,0,0,1,0,0,0,0,0,0,0,0,0,0
ADIDAS,0.27138264,0.0,pics/ADHP3132R00.jpg,0,0,0,0,0,0,0,0,1,0,0,0,0,0,0,0,1,0,0,0,0,0,0,0,0,0,0
NEW BALANCE,0.28545909,0.0,pics/NBM520LB8.jpg,0,0,0,0,0,0,0,0,0,0,0,0,0,1,0,0,1,0,0,0,0,0,0,0,0,0,0
NEW BALANCE,0.28545909,0.07142857,pics/NBM411LB3.jpg,0,0,0,0,0,0,0,0,0,0,0,0,0,1,1,0,0,0,0,0,0,0,0,0,0,0,0
NEW BALANCE,0.39264023,0.07142857,pics/NBGM500WL2.jpg,0,0,0,0,0,0,0,0,0,0,0,0,0,1,1,0,0,0,0,0,0,0,0,0,0,0,0
ADIDAS,0.15705609,0.14285714,pics/ADGW5473R00.jpg,0,0,0,0,0,0,0,0,0,0,0,0,0,0,0,0,1,0,0,0,0,0,0,0,0,0,0
ERKE,0.10360843,0.0,pics/ER11123414202502.jpg,0,0,0,0,0,1,0,0,0,0,0,0,0,0,0,0,0,0,0,0,1,0,0,0,0,0,0
DIADORA,0.31425509,0.14285714,pics/DR101179081C2609.jpg,0,0,0,0,0,0,0,0,0,0,0,0,0,1,1,0,0,0,0,0,0,0,0,0,0,0,0
ERKE,0.02858164,0.14285714,pics/ER11124101034105.jpg,1,0,0,0,0,0,0,0,0,0,0,0,0,0,0,0,0,0,0,0,1,0,0,0,0,0,0
PUMA,0.46409432,0.42857143,pics/PM39077622.jpg,1,0,0,0,0,0,0,0,0,0,0,0,0,0,1,0,0,0,0,0,0,0,0,0,0,0,0
ERKE,0.02858164,0.14285714,pics/ER11123402341405.jpg,0,0,0,0,0,0,0,0,0,0,1,0,0,0,0,0,0,0,0,0,1,0,0,0,0,0,0
PALLADIUM,0.20507324,0.28571429,pics/PL79112001.jpg,0,0,0,0,0,0,0,0,0,0,0,0,0,1,1,0,0,0,0,0,0,0,0,0,0,0,0
PALLADIUM,0.15148267,0.21428571,pics/PL77330255.jpg,0,0,0,0,0,1,0,0,0,0,0,0,0,0,1,0,0,0,0,0,0,0,0,0,0,0,0
ANTA,0.17827796,0.07142857,pics/AN8124177187.jpg,0,0,0,0,0,0,0,0,0,0,1,0,0,0,0,0,0,0,0,0,1,0,0,0,0,0,0
LACOSTE,0.52826009,0.07142857,pics/747SMA00361Y5.jpg,0,0,0,0,0,0,0,0,0,0,0,0,0,0,0,0,0,0,0,0,0,0,0,0,0,1,0
ERKE,0.04573062,0.28571429,pics/ER11124102062107.jpg,0,0,0,0,0,0,0,0,0,0,0,0,0,1,0,0,0,0,0,0,1,0,0,0,0,0,0
ERKE,0.02858164,0.21428571,pics/ER11124102113105.jpg,0,0,0,0,0,1,0,0,0,0,0,0,0,0,0,0,0,0,0,0,1,0,0,0,0,0,0
LACOSTE,0.52826009,0.07142857,pics/747SMA0036WN1.jpg,0,0,0,0,0,0,0,0,0,0,0,0,0,0,0,0,0,0,0,0,0,0,0,0,0,1,0
ERKE,0.02858164,0.28571429,pics/ER11123402166807.jpg,0,0,0,0,0,1,0,0,0,0,0,0,0,0,0,0,0,0,0,0,1,0,0,0,0,0,0
ANTA,0.07109682,0.28571429,pics/AN8124180162.jpg,0,0,0,0,0,0,0,0,0,0,0,0,0,0,0,0,0,0,0,0,1,0,0,0,0,0,0
ERKE,0.08574491,0.21428571,pics/ER11124104110402.jpg,0,0,0,1,0,0,0,0,0,0,0,0,0,0,0,0,0,0,0,0,1,0,0,0,0,0,0
PUMA,0.46409432,0.14285714,pics/PM39077629.jpg,0,0,0,0,0,0,0,0,1,0,0,0,0,0,1,0,0,0,0,0,0,0,0,0,0,0,0
LACOSTE,0.31396927,0.28571429,pics/747SMA00061R5.jpg,0,0,0,0,0,0,0,0,0,0,0,0,0,0,0,0,0,0,0,0,0,0,0,0,0,1,0
ERKE,0.04823151,0.0,pics/ER11124101195602.jpg,0,0,1,0,0,0,0,0,0,0,0,0,0,0,0,0,0,0,0,0,1,0,0,0,0,0,0
PALLADIUM,0.15148267,0.21428571,pics/PL77330463.jpg,0,0,0,0,0,0,0,0,0,0,0,1,0,0,1,0,0,0,0,0,0,0,0,0,0,0,0
ERKE,0.02858164,0.14285714,pics/ER11123402166408.jpg,0,0,0,0,0,0,0,0,0,0,0,0,0,0,0,0,0,0,0,0,1,0,0,0,0,0,0
LACOSTE,0.31396927,0.0,pics/747SMA000718C.jpg,0,0,0,0,0,0,0,0,0,0,0,0,0,0,0,0,0,0,0,0,0,0,0,0,0,1,0
PALLADIUM,0.20507324,0.21428571,pics/PL79112308.jpg,0,0,0,0,0,1,0,0,0,0,0,0,0,0,1,0,0,0,0,0,0,0,0,0,0,0,0
DIADORA,0.31425509,0.07142857,pics/DR101179081C7055.jpg,0,0,0,0,0,0,0,0,0,0,1,0,0,0,1,0,0,0,0,0,0,0,0,0,0,0,0
ERKE,0.04287245,0.07142857,pics/ER11123402011806.jpg,0,0,0,0,0,0,0,0,0,0,0,0,0,0,0,0,0,0,0,0,1,0,0,0,0,0,0
ERKE,0.04287245,0.21428571,pics/ER11123402011104.jpg,0,0,0,0,0,0,0,0,0,0,1,0,0,0,0,0,0,0,0,0,1,0,0,0,0,0,0
ERKE,0.02143623,0.28571429,pics/ER11124102056105.jpg,0,0,0,0,0,0,0,0,0,0,1,0,0,0,0,0,0,0,0,0,1,0,0,0,0,0,0
ERKE,0.10360843,0.0,pics/ER11123414202106.jpg,0,0,0,0,0,1,0,0,0,0,0,0,0,0,0,0,0,0,0,0,1,0,0,0,0,0,0
LACOSTE,0.57091819,0.28571429,pics/747SMA0007454.jpg,0,0,0,0,0,0,0,0,0,0,0,0,0,1,0,0,0,0,0,0,0,0,0,0,0,1,0
ERKE,0.04823151,0.07142857,pics/ER11123401241405.jpg,0,0,0,0,0,0,0,0,0,0,0,0,0,0,0,0,0,0,0,0,1,0,0,0,0,0,0
ERKE,0.02858164,0.14285714,pics/ER11124101034106.jpg,0,0,0,0,0,0,0,0,1,0,0,0,0,0,0,0,0,0,0,0,1,0,0,0,0,0,0
EA7,0.58563773,0.07142857,pics/EA7X8X152XK378T662.jpg,0,0,0,0,0,0,0,0,0,0,0,0,0,1,1,0,0,0,0,0,0,0,0,0,0,0,0
NEW BALANCE,0.85709182,0.14285714,pics/NBM2002REM.jpg,0,0,0,0,1,0,0,0,0,0,0,0,0,0,0,0,0,0,0,0,1,0,0,0,0,0,0
PUMA,0.49982136,0.0,pics/PM39647301.jpg,0,0,0,0,0,0,0,0,1,0,0,0,0,0,1,0,0,0,0,0,0,0,0,0,0,0,0
NEW BALANCE,0.85709182,0.28571429,pics/NBM2002RIB.jpg,0,0,0,0,0,0,0,0,0,0,0,0,0,1,0,0,0,0,0,0,1,0,0,0,0,0,0
NEW BALANCE,0.64272955,0.14285714,pics/NBMR530RA.jpg,1,0,0,0,0,0,0,0,0,0,0,0,0,0,1,0,0,0,0,0,0,0,0,0,0,0,0
NEW BALANCE,0.85709182,0.07142857,pics/NBM2002RCA.jpg,0,0,0,0,0,0,0,0,0,0,0,1,0,0,0,0,0,0,0,0,1,0,0,0,0,0,0
NEW BALANCE,0.85709182,0.21428571,pics/NBM2002REL.jpg,0,0,0,0,0,0,0,0,0,0,1,0,0,0,0,0,0,0,0,0,1,0,0,0,0,0,0
EA7,0.58563773,0.07142857,pics/EA7X8X152XK378T663.jpg,0,0,0,0,0,0,0,0,0,0,0,0,0,0,1,0,0,0,0,0,0,0,0,0,0,0,0
PUMA,0.214005,0.14285714,pics/PM37997406.jpg,0,0,0,0,0,0,0,0,0,0,0,1,0,0,1,0,0,0,0,0,0,0,0,0,0,0,0
PUMA,0.26777421,0.14285714,pics/PM30829502.jpg,0,0,0,0,0,0,0,0,1,0,0,0,0,0,1,0,0,0,0,0,0,0,0,0,0,0,0
NEW BALANCE,0.85709182,0.0,pics/NBM2002REK.jpg,0,0,0,0,0,0,0,0,0,0,0,0,0,0,0,0,0,0,0,0,1,0,0,0,0,0,0
EA7,0.47849232,0.0,pics/EA7X8X173XK374T821.jpg,0,0,0,0,0,0,0,0,0,0,0,0,0,0,0,0,1,0,0,0,0,0,0,0,0,0,0
NEW BALANCE,0.85709182,0.35714286,pics/NBM2002REJ.jpg,0,0,0,0,0,1,0,0,0,0,0,0,0,0,0,0,0,0,0,0,1,0,0,0,0,0,0
PUMA,0.14272955,0.21428571,pics/PM30969101.jpg,0,0,0,0,0,0,0,0,1,0,0,0,0,0,1,0,0,0,0,0,0,0,0,0,0,0,0
PUMA,0.214005,0.14285714,pics/PM37990501.jpg,0,0,0,0,0,0,0,0,0,0,0,0,0,1,1,0,0,0,0,0,0,0,0,0,0,0,0
PUMA,0.214005,0.14285714,pics/PM30969102.jpg,0,0,0,0,0,0,0,0,1,0,0,0,0,0,1,0,0,0,0,0,0,0,0,0,0,0,0
PUMA,0.214005,0.0,pics/PM37990502.jpg,0,0,0,0,0,0,0,0,1,0,0,0,0,0,1,0,0,0,0,0,0,0,0,0,0,0,0
PUMA,0.35691318,0.14285714,pics/PM30802602.jpg,1,0,0,0,0,0,0,0,0,0,0,0,0,0,1,0,0,0,0,0,0,0,0,0,0,0,0
EA7,0.47849232,0.07142857,pics/EA7X8X173XK374T655.jpg,1,0,0,0,0,0,0,0,0,0,0,0,0,0,0,0,1,0,0,0,0,0,0,0,0,0,0
NEW BALANCE,0.91068239,0.21428571,pics/NBM1906REH.jpg,0,0,0,0,0,0,0,0,0,0,1,0,0,0,1,0,0,0,0,0,0,0,0,0,0,0,0
NEW BALANCE,0.91068239,0.28571429,pics/NBM1906REE.jpg,0,0,0,0,0,0,0,0,0,0,1,0,0,0,1,0,0,0,0,0,0,0,0,0,0,0,0
NEW BALANCE,0.85709182,0.42857143,pics/NBM2002RFB.jpg,0,0,0,0,0,0,0,0,0,0,1,0,0,0,0,0,0,0,0,0,1,0,0,0,0,0,0
PUMA,0.214005,0.14285714,pics/PM30969103.jpg,0,0,0,0,0,0,0,0,0,0,0,0,0,1,1,0,0,0,0,0,0,0,0,0,0,0,0
PUMA,0.49982136,0.0,pics/PM30829501.jpg,0,0,1,0,0,0,0,0,0,0,0,0,0,0,1,0,0,0,0,0,0,0,0,0,0,0,0
NEW BALANCE,0.91068239,0.21428571,pics/NBM1906REB.jpg,0,0,0,0,0,0,0,0,0,0,1,0,0,0,1,0,0,0,0,0,0,0,0,0,0,0,0
PUMA,0.214005,0.07142857,pics/PM30969104.jpg,0,0,0,0,0,0,1,0,0,0,0,0,0,0,1,0,0,0,0,0,0,0,0,0,0,0,0
UNDER ARMOUR,0.228403,0.0,pics/UA3026135301.jpg,0,0,0,0,1,0,0,0,0,0,0,0,0,0,1,0,0,0,0,0,0,0,0,0,0,0,0
PUMA,0.49982136,0.14285714,pics/PM39647303.jpg,0,0,0,0,0,0,0,0,0,0,0,0,0,0,1,0,0,0,0,0,0,0,0,0,0,0,0
ADIDAS,0.51768489,0.71428571,pics/ADCQ2809R00.jpg,0,0,0,0,0,0,0,0,0,0,0,0,0,1,1,0,0,0,0,0,0,0,0,0,0,0,0
NEW BALANCE,0.85709182,0.14285714,pics/NBM2002RIA.jpg,1,0,0,0,0,0,0,0,0,0,0,0,0,0,0,0,0,0,0,0,1,0,0,0,0,0,0
PUMA,0.53554841,0.07142857,pics/PM39590802.jpg,0,0,0,0,0,0,0,0,0,0,0,0,0,1,1,0,0,0,0,0,0,0,0,0,0,0,0
PUMA,0.53554841,0.21428571,pics/PM39192802.jpg,1,0,0,0,0,0,0,0,0,0,0,0,0,0,1,0,0,0,0,0,0,0,0,0,0,0,0
LACOSTE,0.60664523,0.21428571,pics/748SMA009702H.jpg,0,0,0,0,0,0,0,0,0,0,0,0,0,1,1,0,0,0,0,0,0,0,0,0,0,0,0
NIKE,0.6070025,0.0,pics/NKFZ4042716.jpg,0,0,0,0,0,1,0,0,0,0,0,0,0,0,1,0,0,0,0,0,0,0,0,0,0,0,0
PUMA,0.53554841,0.07142857,pics/PM39590803.jpg,0,0,0,0,0,0,0,0,0,0,1,0,0,0,1,0,0,0,0,0,0,0,0,0,0,0,0
PUMA,0.53554841,0.0,pics/PM39590808.jpg,1,0,0,0,0,0,0,0,0,0,0,0,0,0,1,0,0,0,0,0,0,0,0,0,0,0,0
PUMA,0.35344766,0.35714286,pics/PM39590804.jpg,0,0,0,0,0,0,0,0,0,0,0,0,0,0,1,0,0,0,0,0,0,0,0,0,0,0,0
PUMA,0.35691318,0.28571429,pics/PM39298201.jpg,1,0,0,0,0,0,0,0,0,0,0,0,0,0,0,0,0,0,0,0,1,0,0,0,0,0,0
NEW BALANCE,0.64272955,0.21428571,pics/NBBB550PB1.jpg,1,0,0,0,0,0,0,0,0,0,0,0,0,0,1,0,0,0,0,0,0,0,0,0,0,0,0
LACOSTE,0.64237228,0.0,pics/748SMA0025312.jpg,0,0,0,0,0,0,0,0,0,0,0,0,0,1,0,0,0,0,0,0,0,0,0,0,0,1,0
NIKE,0.64272955,0.0,pics/NKFV1320100.jpg,1,0,0,0,0,0,0,0,0,0,0,0,0,0,0,1,0,0,0,0,0,0,0,0,0,0,0
NEW BALANCE,0.64272955,0.28571429,pics/NBBB550PRA.jpg,0,0,0,0,0,0,0,0,0,0,0,0,0,1,1,0,0,0,0,0,0,0,0,0,0,0,0
LACOSTE,0.60664523,0.0,pics/748SMA001821G.jpg,1,0,0,0,0,0,0,0,0,0,0,0,0,0,1,0,0,0,0,0,0,0,0,0,0,0,0
PUMA,0.42836727,0.5,pics/PM39298202.jpg,0,0,0,0,0,0,0,0,0,0,1,0,0,0,0,0,0,0,0,0,1,0,0,0,0,0,0
DIADORA,0.214005,0.07142857,pics/DR101177704D1087.jpg,0,0,0,0,0,0,0,0,0,0,0,0,0,0,0,0,0,0,0,0,1,0,0,0,0,0,0
LACOSTE,0.53519114,0.0,pics/746SMA0065312.jpg,0,0,0,0,0,0,0,0,0,0,0,0,0,1,1,0,0,0,0,0,0,0,0,0,0,0,0
NIKE,0.6070025,0.28571429,pics/NKDZ2794700.jpg,0,0,0,1,0,0,0,0,0,0,0,0,0,0,0,0,1,0,0,0,0,0,0,0,0,0,0
PUMA,0.53554841,0.0,pics/PM39077646.jpg,0,0,0,0,0,0,0,0,0,0,0,0,0,0,1,0,0,0,0,0,0,0,0,0,0,0,0
NEW BALANCE,0.64272955,0.21428571,pics/NBBB550PWG.jpg,1,0,0,0,0,0,0,0,0,0,0,0,0,0,1,0,0,0,0,0,0,0,0,0,0,0,0
NIKE,0.64272955,0.21428571,pics/NKFV0951100.jpg,0,0,0,0,0,0,0,0,0,0,0,0,0,1,1,0,0,0,0,0,0,0,0,0,0,0,0
NIKE,0.6070025,0.07142857,pics/NKFQ8826100.jpg,0,0,0,0,0,0,0,0,0,0,0,0,0,1,1,0,0,0,0,0,0,0,0,0,0,0,0
LACOSTE,0.60664523,0.07142857,pics/748SMA0018312.jpg,0,0,0,0,0,0,0,0,0,0,0,0,0,1,1,0,0,0,0,0,0,0,0,0,0,0,0
LACOSTE,0.35319757,0.21428571,pics/746SMA0065092.jpg,0,0,0,0,0,0,0,0,0,0,0,1,0,0,1,0,0,0,0,0,0,0,0,0,0,0,0
NIKE,0.64272955,0.5,pics/NKFZ4350001.jpg,0,0,0,0,0,0,0,0,0,0,0,0,0,1,1,0,0,0,0,0,0,0,0,0,0,0,0
LACOSTE,0.53519114,0.0,pics/746SMA00652D2.jpg,0,0,0,0,1,0,0,0,0,0,0,0,0,0,1,0,0,0,0,0,0,0,0,0,0,0,0
PUMA,0.24973205,0.0,pics/PM39232804.jpg,0,0,0,0,0,0,0,0,1,0,0,0,0,0,0,0,0,0,0,0,1,0,0,0,0,0,0
LACOSTE,0.60664523,0.0,pics/748SMA00181R5.jpg,1,0,0,0,0,0,0,0,0,0,0,0,0,0,1,0,0,0,0,0,0,0,0,0,0,0,0
PUMA,0.53554841,0.14285714,pics/PM39590801.jpg,0,0,0,0,0,0,0,0,0,0,1,0,0,0,1,0,0,0,0,0,0,0,0,0,0,0,0
NEW BALANCE,0.89281886,1.0,pics/NBU9060GRY.jpg,0,0,0,0,0,0,0,0,0,0,0,0,0,1,1,0,0,0,0,0,0,0,0,0,0,0,0
NIKE,0.46423723,0.28571429,pics/NKFB9658003.jpg,0,0,0,0,0,0,0,0,1,0,0,0,0,0,1,0,0,0,0,0,0,0,0,0,0,0,0
NEW BALANCE,0.78563773,1.0,pics/NBMR530SG.jpg,1,0,0,0,0,0,0,0,0,0,0,0,0,0,1,0,0,0,0,0,0,0,0,0,0,0,0
LACOSTE,0.71382637,0.0,pics/748SMA0096AOM.jpg,0,0,0,1,0,0,0,0,0,0,0,0,0,0,1,0,0,0,0,0,0,0,0,0,0,0,0
KARL KANI,0.34269382,0.42857143,pics/KKKKFWM000356R00.jpg,1,0,0,0,0,0,0,0,0,0,0,0,0,0,0,0,0,0,0,0,1,0,0,0,0,0,0
KARL KANI,0.2659164,0.35714286,pics/KKKKFWM000362R00.jpg,0,0,0,0,0,1,0,0,0,0,0,0,0,0,0,0,0,0,0,0,1,0,0,0,0,0,0
NIKE,0.49982136,0.57142857,pics/NKFQ2443001.jpg,0,0,0,0,0,0,0,0,0,0,1,0,0,0,0,0,0,0,0,0,1,0,0,0,0,0,0
KARL KANI,0.39446231,0.07142857,pics/KKKKFWM000350R00.jpg,1,0,0,0,0,0,0,0,0,0,0,0,0,0,0,0,0,0,0,0,1,0,0,0,0,0,0
LACOSTE,0.71382637,0.14285714,pics/748SMA0071G1N.jpg,0,0,0,0,0,0,0,0,0,0,1,0,0,0,1,0,0,0,0,0,0,0,0,0,0,0,0
LACOSTE,0.71382637,0.0,pics/748SMA00701R5.jpg,1,0,0,0,0,0,0,0,0,0,0,0,0,0,1,0,0,0,0,0,0,0,0,0,0,0,0
NIKE,0.64272955,0.42857143,pics/NKFQ2755200.jpg,0,0,0,0,0,1,0,0,0,0,0,0,0,0,1,0,0,0,0,0,0,0,0,0,0,0,0
KARL KANI,0.29982136,0.35714286,pics/KKKKFWM000361R00.jpg,1,0,0,0,0,0,0,0,0,0,0,0,0,0,0,0,0,0,0,0,1,0,0,0,0,0,0
KARL KANI,0.31407646,0.42857143,pics/KKKKFWM000360R00.jpg,1,0,0,0,0,0,0,0,0,0,0,0,0,0,0,0,0,0,0,0,1,0,0,0,0,0,0
NIKE,0.64272955,0.21428571,pics/NKFD2592001.jpg,0,0,0,0,0,0,0,0,0,0,0,0,0,0,1,0,0,0,0,0,0,0,0,0,0,0,0
PUMA,0.42836727,0.21428571,pics/PM39592003.jpg,0,0,0,0,0,0,0,0,0,0,0,0,0,1,0,0,0,0,0,0,1,0,0,0,0,0,0
KARL KANI,0.35698464,0.5,pics/KKKKFWM000348R00.jpg,0,0,0,0,0,0,0,0,0,0,1,0,0,0,0,0,0,0,0,0,1,0,0,0,0,0,0
KARL KANI,0.39446231,0.35714286,pics/KKKKFWM000349R00.jpg,1,0,0,0,0,0,0,0,0,0,0,0,0,0,0,0,0,0,0,0,1,0,0,0,0,0,0
LACOSTE,0.8210075,0.21428571,pics/748SMA0058081.jpg,1,0,0,0,0,0,0,0,0,0,0,0,0,0,1,0,0,0,0,0,0,0,0,0,0,0,0
LACOSTE,0.71382637,0.0,pics/748SMA0070080.jpg,1,0,0,0,0,0,0,0,0,0,0,0,0,0,1,0,0,0,0,0,0,0,0,0,0,0,0
PUMA,0.42836727,0.21428571,pics/PM39592004.jpg,0,0,0,0,0,0,0,0,0,0,0,0,0,0,0,0,0,0,0,0,1,0,0,0,0,0,0
NIKE,0.64272955,0.14285714,pics/NKFN0321100.jpg,0,0,0,1,0,0,0,0,0,0,0,0,0,0,1,0,0,0,0,0,0,0,0,0,0,0,0
DIADORA,0.214005,0.0,pics/DR101177704C1161.jpg,0,0,0,0,1,0,0,0,0,0,0,0,0,0,0,0,0,0,0,0,1,0,0,0,0,0,0
NIKE,0.6070025,0.42857143,pics/NKDX5800101.jpg,1,0,0,0,0,0,0,0,0,0,0,0,0,0,1,0,0,0,0,0,0,0,0,0,0,0,0
LACOSTE,0.8210075,0.28571429,pics/748SMA006012X.jpg,0,0,0,0,0,0,0,0,0,0,0,0,0,1,1,0,0,0,0,0,0,0,0,0,0,0,0
NIKE,0.6070025,0.57142857,pics/NKFQ8173104.jpg,0,0,0,0,0,0,0,0,0,0,0,0,0,0,1,0,0,0,0,0,0,0,0,0,0,0,0
NIKE,0.64272955,0.57142857,pics/NKFB3355200.jpg,0,0,0,0,0,0,0,0,0,0,0,0,0,1,1,0,0,0,0,0,0,0,0,0,0,0,0
LACOSTE,0.71382637,0.07142857,pics/748SMA00711Y5.jpg,0,0,0,0,0,0,0,0,0,0,0,0,0,0,1,0,0,0,0,0,0,0,0,0,0,0,0
KARL KANI,0.39446231,0.28571429,pics/KKKKFWM000352R00.jpg,0,0,0,0,0,0,0,0,0,0,1,0,0,0,0,0,0,0,0,0,1,0,0,0,0,0,0
LACOSTE,0.67809932,0.21428571,pics/748SMA005512X.jpg,0,0,0,0,0,0,0,0,0,0,0,0,0,1,1,0,0,0,0,0,0,0,0,0,0,0,0
NIKE,0.64272955,0.35714286,pics/NKFQ2204100.jpg,1,0,0,0,0,0,0,0,0,0,0,0,0,0,0,1,0,0,0,0,0,0,0,0,0,0,0
ADIDAS,0.49982136,0.07142857,pics/ADIG1634R00.jpg,0,0,0,0,1,0,0,0,0,0,0,0,0,0,1,0,0,0,0,0,0,0,0,0,0,0,0
ADIDAS,0.42836727,0.71428571,pics/ADID0671R00.jpg,0,0,0,0,0,0,0,0,0,0,0,0,0,0,0,0,0,0,0,1,0,0,0,0,0,0,0
NIKE,0.64272955,0.0,pics/NKDV7223800.jpg,0,0,0,0,0,1,0,0,0,0,0,0,0,0,1,0,0,0,0,0,0,0,0,0,0,0,0
ADIDAS,0.42836727,0.21428571,pics/ADID5719R00.jpg,0,0,0,0,0,1,0,0,0,0,0,0,0,0,1,0,0,0,0,0,0,0,0,0,0,0,0
DIADORA,0.2070025,0.28571429,pics/DR10117972960062.jpg,0,0,0,0,0,0,0,0,0,0,1,0,0,0,1,0,0,0,0,0,0,0,0,0,0,0,0
DIADORA,0.48567345,0.07142857,pics/DR101179089C2609.jpg,0,0,0,0,0,0,0,0,0,0,0,0,0,1,1,0,0,0,0,0,0,0,0,0,0,0,0
ADIDAS,0.51768489,0.5,pics/ADIF3817R00.jpg,0,0,0,0,0,0,0,0,0,0,0,0,0,0,1,0,0,0,0,0,0,0,0,0,0,0,0
ADIDAS,0.39264023,0.21428571,pics/ADID2895R00.jpg,0,0,0,0,0,0,0,0,0,0,0,0,0,1,1,0,0,0,0,0,0,0,0,0,0,0,0
ADIDAS,0.42836727,0.28571429,pics/ADFZ6381R00.jpg,0,0,0,0,0,0,0,0,0,0,0,0,0,1,1,0,0,0,0,0,0,0,0,0,0,0,0
NIKE,0.64272955,0.14285714,pics/NKDV7216001.jpg,0,0,0,0,0,0,0,0,0,0,0,0,0,1,1,0,0,0,0,0,0,0,0,0,0,0,0
ADIDAS,0.32118614,0.28571429,pics/ADFX5499R00.jpg,0,0,0,0,0,0,0,0,0,0,0,0,0,1,1,0,0,0,0,0,0,0,0,0,0,0,0
ADIDAS,0.39117542,0.35714286,pics/ADIF6248R00.jpg,0,0,0,0,0,0,0,0,0,0,0,1,0,0,1,0,0,0,0,0,0,0,0,0,0,0,0
NIKE,0.71418364,0.14285714,pics/NKAT3375100.jpg,0,0,0,0,1,0,0,0,0,0,0,0,0,0,0,0,0,0,0,0,1,0,0,0,0,0,0
ADIDAS,0.49982136,0.28571429,pics/ADGZ1561R00.jpg,0,0,0,0,0,0,0,0,0,0,1,0,0,0,0,0,0,0,0,0,1,0,0,0,0,0,0
NEW BALANCE,0.89281886,0.28571429,pics/NBU9060SFB.jpg,0,0,0,0,0,0,0,0,0,0,1,0,0,0,1,0,0,0,0,0,0,0,0,0,0,0,0
ADIDAS,0.46409432,0.57142857,pics/ADIF3447R00.jpg,1,0,0,0,0,0,0,0,0,0,0,0,0,0,1,0,0,0,0,0,0,0,0,0,0,0,0
ADIDAS,0.34262237,0.35714286,pics/ADGW4652R00.jpg,1,0,0,0,0,0,0,0,0,0,0,0,0,0,1,0,0,0,0,0,0,0,0,0,0,0,0
ADIDAS,0.39264023,0.57142857,pics/ADIG1473R00.jpg,1,0,0,0,0,0,0,0,0,0,0,0,0,0,1,0,0,0,0,0,0,0,0,0,0,0,0
ADIDAS,0.42836727,0.28571429,pics/ADID5829R00.jpg,0,0,0,0,0,0,0,0,0,0,0,0,0,0,1,0,0,0,0,0,0,0,0,0,0,0,0
DIADORA,0.52854591,0.14285714,pics/DR101179087D0273.jpg,0,0,0,1,0,0,0,0,0,0,0,0,0,0,1,0,0,0,0,0,0,0,0,0,0,0,0
NEW BALANCE,0.49982136,0.35714286,pics/NBBB650RSE.jpg,0,0,0,0,0,0,0,0,0,0,0,0,0,0,0,0,0,0,0,0,1,0,0,0,0,0,0
ANTA,0.03558414,0.28571429,pics/AN8124288544.jpg,1,0,0,0,0,0,0,0,0,0,0,0,0,0,0,0,0,0,0,0,1,0,0,0,0,0,0
PUMA,0.214005,0.21428571,pics/PM36957344.jpg,0,0,0,0,0,0,0,0,0,0,1,0,0,0,0,0,0,0,0,0,1,0,0,0,0,0,0
ANTA,0.10682387,0.28571429,pics/AN8124288543.jpg,1,0,0,0,0,0,0,0,0,0,0,0,0,0,0,0,0,0,0,0,1,0,0,0,0,0,0
ADIDAS,0.46409432,0.28571429,pics/ADIG6183R00.jpg,0,0,0,0,0,1,0,0,0,0,0,0,0,0,0,0,1,0,0,0,0,0,0,0,0,0,0
ADIDAS,0.57127546,0.21428571,pics/ADIE8483R00.jpg,0,0,0,0,0,0,0,0,0,0,0,0,0,1,1,0,0,0,0,0,0,0,0,0,0,0,0
ADIDAS,0.39264023,0.5,pics/ADIG1474R00.jpg,1,0,0,0,0,0,0,0,0,0,0,0,0,0,1,0,0,0,0,0,0,0,0,0,0,0,0
ADIDAS,0.46409432,0.14285714,pics/ADIG6194R00.jpg,0,0,1,0,0,0,0,0,0,0,0,0,0,0,1,0,0,0,0,0,0,0,0,0,0,0,0
ADIDAS,0.39264023,0.64285714,pics/ADIG3756R00.jpg,1,0,0,0,0,0,0,0,0,0,0,0,0,0,1,0,0,0,0,0,0,0,0,0,0,0,0
ECCO,0.58563773,0.14285714,pics/EC82380460441.jpg,0,0,0,0,1,0,0,0,0,0,0,0,0,0,0,0,0,0,0,0,0,0,0,0,0,1,0
DIADORA,0.24973205,0.0,pics/DR101177703C0200.jpg,0,0,0,0,0,0,0,0,0,0,0,0,0,1,0,0,0,0,0,0,1,0,0,0,0,0,0
DIADORA,0.1070025,0.14285714,pics/DR101177703D0616.jpg,1,0,0,0,0,0,0,0,0,0,0,0,0,0,0,0,0,0,0,0,1,0,0,0,0,0,0
DIADORA,0.12486602,0.0,pics/DR10117769960031.jpg,0,0,0,0,0,0,0,0,0,0,0,1,0,0,0,0,0,0,0,0,1,0,0,0,0,0,0
DIADORA,0.24973205,0.21428571,pics/DR101177703C0657.jpg,1,0,0,0,0,0,0,0,0,0,0,0,0,0,0,0,0,0,0,0,1,0,0,0,0,0,0
JACK WOLFSKIN,0.6070025,0.0,pics/JW40553814788.jpg,0,0,0,0,0,1,0,0,0,0,0,0,0,0,1,0,0,0,0,0,0,0,0,0,0,0,0
JACK WOLFSKIN,0.6070025,0.0,pics/JW40537616048.jpg,0,0,0,0,0,0,0,0,0,0,0,0,0,1,0,0,0,0,0,0,1,0,0,0,0,0,0
REEBOK,0.67877814,0.07142857,pics/RB101431326R00.jpg,0,0,0,0,0,1,0,0,0,0,0,0,0,0,1,0,0,0,0,0,0,0,0,0,0,0,0
REEBOK,0.78563773,0.71428571,pics/RB101620309R00.jpg,0,0,0,0,0,0,0,0,0,0,0,0,0,1,1,0,0,0,0,0,0,0,0,0,0,0,0
DIADORA,0.32118614,0.5,pics/DR501159886C0200.jpg,0,0,0,0,0,0,0,0,0,0,0,0,0,1,1,0,0,0,0,0,0,0,0,0,0,0,0
NEW BALANCE,0.64272955,0.64285714,pics/NBML574DBH.jpg,0,0,0,0,0,0,0,0,0,0,0,0,0,1,1,0,0,0,0,0,0,0,0,0,0,0,0
DIADORA,0.14269382,0.0,pics/DR501177231C6180.jpg,1,0,0,0,0,0,0,0,0,0,0,0,0,0,1,0,0,0,0,0,0,0,0,0,0,0,0
REEBOK,0.78563773,0.28571429,pics/RB101620311R00.jpg,0,0,0,0,0,0,0,0,0,0,0,0,0,0,1,0,0,0,0,0,0,0,0,0,0,0,0
REEBOK,0.78563773,0.5,pics/RB101620310R00.jpg,0,0,0,0,0,0,0,0,0,0,0,0,0,1,1,0,0,0,0,0,0,0,0,0,0,0,0
ANTA,0.32833155,0.07142857,pics/AN8123489014.jpg,0,0,0,0,0,0,0,0,1,0,0,0,0,0,0,0,0,0,0,0,1,0,0,0,0,0,0
BRANDBLACK,0.51589854,0.0,pics/BBM486BBGYWH.jpg,0,0,0,0,0,0,0,0,0,0,0,0,0,0,1,0,0,0,0,0,0,0,0,0,0,0,0
DIADORA,0.24973205,0.0,pics/DR101177703C1161.jpg,0,0,0,0,1,0,0,0,0,0,0,0,0,0,0,0,0,0,0,0,1,0,0,0,0,0,0
BRANDBLACK,0.48374419,0.0,pics/BBM778BBOGWH.jpg,1,0,0,0,0,0,0,0,0,0,0,0,0,0,1,0,0,0,0,0,0,0,0,0,0,0,0
DIADORA,0.28567345,0.14285714,pics/DR201176281C3754.jpg,0,0,0,0,0,1,0,0,0,0,0,0,0,0,1,0,0,0,0,0,0,0,0,0,0,0,0
NEW BALANCE,0.39264023,0.21428571,pics/NBML574DSG.jpg,0,0,0,0,0,0,0,0,0,0,0,0,0,1,1,0,0,0,0,0,0,0,0,0,0,0,0
BRANDBLACK,0.48374419,0.0,pics/BBM777BBSAFS.jpg,0,0,0,0,0,0,0,0,1,0,0,0,0,0,1,0,0,0,0,0,0,0,0,0,0,0,0
JACK WOLFSKIN,0.6070025,0.0,pics/JW40553816000.jpg,0,0,0,0,0,0,0,0,0,0,0,0,0,1,1,0,0,0,0,0,0,0,0,0,0,0,0
ANTA,0.32833155,0.0,pics/AN8123489012.jpg,0,0,0,0,0,0,0,0,1,0,0,0,0,0,0,0,0,0,0,0,1,0,0,0,0,0,0
TIMBERLAND,0.25709182,0.28571429,pics/TB0A2DW80151R00.jpg,0,0,0,0,0,0,0,0,0,0,0,0,0,1,0,0,0,0,0,1,0,0,0,0,0,0,0
DIADORA,0.28567345,0.21428571,pics/DR201176281D0334.jpg,0,0,0,0,0,0,0,0,1,0,0,0,0,0,1,0,0,0,0,0,0,0,0,0,0,0,0
DIADORA,0.32118614,0.57142857,pics/DR501159886C6307.jpg,0,0,0,0,1,0,0,0,0,0,0,0,0,0,1,0,0,0,0,0,0,0,0,0,0,0,0
DIADORA,0.32118614,0.21428571,pics/DR501159886C5603.jpg,0,0,0,0,0,1,0,0,0,0,0,0,0,0,1,0,0,0,0,0,0,0,0,0,0,0,0
DIADORA,0.24973205,0.0,pics/DR101177703D1087.jpg,0,0,0,0,0,0,0,0,0,0,0,0,0,0,0,0,0,0,0,0,1,0,0,0,0,0,0
ANTA,0.32833155,0.0,pics/AN8123489013.jpg,0,0,0,0,0,0,0,0,1,0,0,0,0,0,0,0,0,0,0,0,1,0,0,0,0,0,0
NEW BALANCE,0.39264023,0.35714286,pics/NBML574EVB.jpg,0,0,0,0,0,0,0,0,0,0,0,0,0,1,1,0,0,0,0,0,0,0,0,0,0,0,0
ADIDAS,0.35691318,0.14285714,pics/ADNFW6385R00.jpg,0,0,0,0,0,0,0,0,0,0,0,0,0,1,1,0,0,0,0,0,0,0,0,0,0,0,0
ADIDAS,0.19649875,0.35714286,pics/ADNGX2990R00.jpg,1,0,0,0,0,0,0,0,0,0,0,0,0,0,0,0,0,0,0,0,1,0,0,0,0,0,0
ADIDAS,0.17827796,0.14285714,pics/ADNCQ2332R00.jpg,0,0,0,0,0,0,0,0,0,0,0,0,0,1,1,0,0,0,0,0,0,0,0,0,0,0,0
ADIDAS,0.35691318,0.78571429,pics/ADEE6464R00.jpg,1,0,0,0,0,0,0,0,0,0,0,0,0,0,1,0,0,0,0,0,0,0,0,0,0,0,0
DIADORA,0.23204716,0.0,pics/DR501178563C6646.jpg,0,0,0,0,1,0,0,0,0,0,0,0,0,0,0,0,0,0,0,0,1,0,0,0,0,0,0
LACOSTE,0.42822437,0.0,pics/746SMA0075042.jpg,0,0,0,0,0,0,0,0,0,0,0,1,0,0,0,0,0,0,0,0,0,0,0,0,0,1,0
ADIDAS,0.19649875,0.14285714,pics/ADNGX8412R00.jpg,0,0,0,0,0,0,0,0,0,0,0,0,0,1,0,0,0,0,0,0,1,0,0,0,0,0,0
DIADORA,0.28545909,0.0,pics/DR10117832525159.jpg,0,0,0,0,0,0,0,0,1,0,0,0,0,0,0,0,0,0,0,0,1,0,0,0,0,0,0
ADIDAS,0.214005,0.07142857,pics/ADNGX7991R00.jpg,1,0,0,0,0,0,0,0,0,0,0,0,0,0,0,0,0,0,0,0,1,0,0,0,0,0,0
ADIDAS,0.24973205,0.28571429,pics/ADFX5502R00.jpg,1,0,0,0,0,0,0,0,0,0,0,0,0,0,1,0,0,0,0,0,0,0,0,0,0,0,0
ADIDAS,0.21418364,0.07142857,pics/ADNFX7821R00.jpg,1,0,0,0,0,0,0,0,0,0,0,0,0,0,1,0,0,0,0,0,0,0,0,0,0,0,0
LACOSTE,0.4532333,0.0,pics/745SMA0123082.jpg,0,0,0,0,1,0,0,0,0,0,0,0,0,0,1,0,0,0,0,0,0,0,0,0,0,0,0
ADIDAS,0.24973205,0.0,pics/ADNEF6990R00.jpg,1,0,0,0,0,0,0,0,0,0,0,0,0,0,0,0,0,0,0,0,1,0,0,0,0,0,0
ADIDAS,0.14219364,0.64285714,pics/ADFY4975R00.jpg,1,0,0,0,0,0,0,0,0,0,0,0,0,0,0,0,0,0,0,0,1,0,0,0,0,0,0
REEBOK,0.24973205,0.5,pics/RBAR0454R00.jpg,0,0,0,0,0,0,0,0,0,0,0,0,0,1,1,0,0,0,0,0,0,0,0,0,0,0,0
ADIDAS,0.07131118,0.0,pics/ADNH02212R00.jpg,0,0,0,0,0,0,0,0,0,0,0,0,0,1,1,0,0,0,0,0,0,0,0,0,0,0,0
REEBOK,0.50014291,0.21428571,pics/RBID1817R00.jpg,0,0,0,0,0,0,0,0,0,0,1,0,0,0,1,0,0,0,0,0,0,0,0,0,0,0,0
ADIDAS,0.42836727,0.71428571,pics/ADEE6462R00.jpg,0,0,0,0,0,0,0,0,0,0,0,0,0,1,1,0,0,0,0,0,0,0,0,0,0,0,0
LACOSTE,0.50325116,0.14285714,pics/744SMA0110312.jpg,0,0,0,0,0,0,0,0,0,0,0,0,0,1,1,0,0,0,0,0,0,0,0,0,0,0,0
DIADORA,0.41050375,0.0,pics/DR501178559C4963.jpg,0,0,0,0,0,0,0,0,0,0,1,0,0,0,0,0,0,0,0,0,1,0,0,0,0,0,0
LACOSTE,0.37827796,0.0,pics/745SMA0020147.jpg,0,0,0,0,0,0,0,0,0,0,0,0,0,0,1,0,0,0,0,0,0,0,0,0,0,0,0
ADIDAS,0.214005,0.14285714,pics/ADNGV7186R00.jpg,1,0,0,0,0,0,0,0,0,0,0,0,0,0,0,0,1,0,0,0,0,0,0,0,0,0,0
DIADORA,0.1070025,0.35714286,pics/DR101172354C7565.jpg,0,0,0,0,0,0,0,0,0,0,0,0,0,1,0,0,0,0,0,0,1,0,0,0,0,0,0
ECCO,0.47131118,0.0,pics/EC82280460266.jpg,0,0,0,0,0,0,0,0,0,0,0,1,0,0,0,0,1,0,0,0,0,0,0,0,0,0,0
ADIDAS,0.35691318,0.07142857,pics/ADNFW6387R00.jpg,1,0,0,0,0,0,0,0,0,0,0,0,0,0,1,0,0,0,0,0,0,0,0,0,0,0,0
ADIDAS,0.18578064,0.07142857,pics/ADFY7939R00.jpg,1,0,0,0,0,0,0,0,0,0,0,0,0,0,0,0,0,0,0,0,1,0,0,0,0,0,0
REEBOK,0.24973205,0.21428571,pics/RBAR0456R00.jpg,1,0,0,0,0,0,0,0,0,0,0,0,0,0,1,0,0,0,0,0,0,0,0,0,0,0,0
DIADORA,0.55359057,0.35714286,pics/DR20117782425096.jpg,0,0,0,0,0,0,0,0,1,0,0,0,0,0,0,0,0,0,1,0,0,0,0,0,0,0,0
REEBOK,0.19632011,0.35714286,pics/RBGY0955R00.jpg,0,0,0,0,0,0,0,0,0,0,0,0,0,1,1,0,0,0,0,0,0,0,0,0,0,0,0
LACOSTE,0.50325116,0.07142857,pics/746SMA00971W7.jpg,0,0,0,0,0,1,0,0,0,0,0,0,0,0,0,0,0,0,0,0,0,0,0,0,0,1,0
TIMBERLAND,0.50350125,0.0,pics/TB0A677R0331R00.jpg,0,0,0,0,0,0,0,0,0,0,1,0,0,0,0,0,0,0,0,1,0,0,0,0,0,0,0
TIMBERLAND,0.46423723,0.0,pics/TB0A63WG3271R00.jpg,0,0,0,0,0,1,0,0,0,0,0,0,0,0,0,0,0,0,0,1,0,0,0,0,0,0,0
ECCO,0.55351911,0.0,pics/EC82431451094.jpg,0,0,0,0,0,0,0,0,0,0,0,0,0,1,0,0,0,0,0,0,0,0,0,0,0,1,0
ECCO,0.49989282,0.28571429,pics/EC52494402308.jpg,0,0,0,0,0,0,0,0,0,0,1,0,0,0,0,0,0,0,0,0,0,0,0,0,1,0,0
TIMBERLAND,0.53554841,0.07142857,pics/TB0A5NFK3271R00.jpg,0,0,0,0,0,1,0,0,0,0,0,0,0,0,0,0,0,0,0,1,0,0,0,0,0,0,0
TIMBERLAND,1.0,0.0,pics/TB0A67BG0331R00.jpg,0,0,0,0,0,0,0,0,0,0,1,0,0,0,0,0,0,0,0,1,0,0,0,0,0,0,0
ECCO,0.49989282,0.14285714,pics/EC52494402001.jpg,0,0,0,0,0,0,0,0,0,0,0,0,0,1,0,0,0,0,0,0,0,0,0,0,1,0,0
ECCO,0.55705609,0.0,pics/EC82427456091.jpg,0,0,0,0,0,1,0,0,0,0,0,0,0,0,0,0,0,0,0,0,0,0,0,0,1,0,0
ECCO,0.41414791,0.14285714,pics/EC82426451052.jpg,0,0,0,0,0,0,0,0,0,0,0,0,0,1,0,0,0,0,0,0,0,0,0,0,0,1,0
ECCO,0.55705609,0.0,pics/EC82427451094.jpg,0,0,0,0,0,0,0,0,0,0,0,0,0,1,0,0,0,0,0,0,0,0,0,0,1,0,0
LACOSTE,0.28545909,0.07142857,pics/746SMA0111042.jpg,1,0,0,0,0,0,0,0,0,0,0,0,0,0,1,0,0,0,0,0,0,0,0,0,0,0,0
TIMBERLAND,0.50350125,0.0,pics/TB0A61AC0151R00.jpg,0,0,0,0,0,0,0,0,0,0,0,0,0,1,0,0,0,0,0,1,0,0,0,0,0,0,0
TIMBERLAND,0.57852805,0.0,pics/TB0A65HC0151R00.jpg,0,0,0,0,0,0,0,0,0,0,0,0,0,1,0,0,0,0,0,1,0,0,0,0,0,0,0
JEEP,0.2261522,0.0,pics/JPJM32120A062.jpg,0,0,0,0,0,0,0,0,0,0,0,0,0,1,0,0,0,0,0,0,1,0,0,0,0,0,0
ECCO,0.47131118,0.07142857,pics/EC80079451052.jpg,0,0,0,0,0,0,0,0,0,0,0,0,0,1,0,0,0,0,0,0,0,0,1,0,0,0,0
TIMBERLAND,0.7785995,0.0,pics/TB0A61HV0151R00.jpg,0,0,0,0,0,0,0,0,1,0,0,0,0,0,1,0,0,0,0,0,0,0,0,0,0,0,0
TIMBERLAND,0.7785995,0.0,pics/TB0A61NM0151R00.jpg,0,0,0,0,0,0,0,0,0,0,0,0,0,1,1,0,0,0,0,0,0,0,0,0,0,0,0
TIMBERLAND,0.82136477,0.0,pics/TB0A266B0151R00.jpg,0,0,0,0,0,0,0,0,0,0,0,0,0,1,0,0,0,0,0,1,0,0,0,0,0,0,0
TIMBERLAND,0.60353698,0.0,pics/TB0A61QG0151R00.jpg,0,0,0,0,0,0,0,0,0,0,0,0,0,1,0,0,0,0,0,1,0,0,0,0,0,0,0
TIMBERLAND,0.60353698,0.0,pics/TB0A65EV0151R00.jpg,0,0,0,0,0,0,0,0,0,0,0,0,0,1,0,0,0,0,0,1,0,0,0,0,0,0,0
TIMBERLAND,0.60353698,0.0,pics/TB0A61SC3271R00.jpg,0,0,0,0,0,1,0,0,0,0,0,0,0,0,0,0,0,0,0,1,0,0,0,0,0,0,0
TIMBERLAND,1.0,0.0,pics/TB0A44KK0151R00.jpg,0,0,0,0,0,0,0,0,0,0,0,0,0,1,1,0,0,0,0,0,0,0,0,0,0,0,0
TIMBERLAND,0.74991068,0.0,pics/TB0A61942311R00.jpg,0,0,0,0,0,1,0,0,0,0,0,0,0,0,0,0,0,0,0,1,0,0,0,0,0,0,0
TIMBERLAND,0.55351911,0.0,pics/TB0A2FXT0191R00.jpg,0,0,0,0,0,0,0,0,0,0,0,1,0,0,0,0,0,0,0,1,0,0,0,0,0,0,0
NEW BALANCE,0.57877814,0.0,pics/NBLMT580RTB.jpg,0,0,0,0,0,1,0,0,0,0,0,0,0,0,0,0,1,0,0,0,0,0,0,0,0,0,0
JEEP,0.2261522,0.28571429,pics/JPJM32112A306.jpg,0,0,0,0,0,1,0,0,0,0,0,0,0,0,0,0,0,0,0,0,1,0,0,0,0,0,0
ECCO,0.47131118,0.35714286,pics/EC82022451052.jpg,0,0,0,0,0,0,0,0,0,0,0,0,0,1,0,0,1,0,0,0,0,0,0,0,0,0,0
JEEP,0.2261522,0.14285714,pics/JPJM32112A062.jpg,0,0,0,0,0,0,0,0,0,0,0,0,0,1,0,0,0,0,0,0,1,0,0,0,0,0,0
LACOSTE,0.75334048,0.28571429,pics/742CMA000302H.jpg,0,0,0,0,0,0,0,0,0,0,0,0,0,1,1,0,0,0,0,0,0,0,0,0,0,0,0
ERKE,0.08574491,0.14285714,pics/ER11124104110003.jpg,0,0,0,0,1,0,0,0,0,0,0,0,0,0,0,0,0,0,0,0,1,0,0,0,0,0,0
THE NORTH FACE,0.32843873,0.28571429,pics/NF0A5JCYNY71.jpg,0,0,0,0,0,0,0,0,0,0,0,0,0,1,1,0,0,0,0,0,0,0,0,0,0,0,0
NEW BALANCE,0.82136477,0.0,pics/NBMH574GX1.jpg,0,0,0,0,0,0,0,0,0,0,0,0,0,1,1,0,0,0,0,0,0,0,0,0,0,0,0
ERKE,0.02858164,0.28571429,pics/ER11124102113001.jpg,0,0,0,0,0,0,0,0,0,0,0,0,0,0,0,0,0,0,0,0,1,0,0,0,0,0,0
LACOSTE,0.63551268,0.0,pics/742SMA008802H.jpg,0,0,0,0,0,0,0,0,0,0,0,0,0,1,1,0,0,0,0,0,0,0,0,0,0,0,0
LACOSTE,0.8210075,0.07142857,pics/744SMA0065237.jpg,0,0,0,0,0,0,0,0,0,0,0,0,0,1,0,0,0,0,0,0,0,0,0,0,0,1,0
THE NORTH FACE,0.35344766,0.0,pics/NF0A5LVKKOM1.jpg,0,0,0,0,0,1,0,0,0,0,0,0,0,0,1,0,0,0,0,0,0,0,0,0,0,0,0
ERKE,0.04823151,0.0,pics/ER11124101195005.jpg,0,0,0,0,0,0,0,0,0,0,0,0,0,1,0,0,0,0,0,0,1,0,0,0,0,0,0
DIADORA,0.14276527,0.35714286,pics/DR50117841980013.jpg,0,0,0,0,0,0,0,0,0,0,0,0,0,1,0,0,0,0,0,0,1,0,0,0,0,0,0
THE NORTH FACE,0.29092533,0.35714286,pics/NF0A7W5UIH61.jpg,0,0,0,0,0,0,0,0,0,0,1,0,0,0,1,0,0,0,0,0,0,0,0,0,0,0,0
LUMBERJACK,0.08913898,0.0,pics/LJMF7011002X53CD003.jpg,0,0,0,0,0,0,0,0,0,0,1,0,0,0,0,0,0,0,0,0,1,0,0,0,0,0,0
LACOSTE,0.8210075,0.14285714,pics/742CMA000402H.jpg,0,0,0,0,0,0,0,0,0,0,0,0,0,1,1,0,0,0,0,0,0,0,0,0,0,0,0
ERKE,0.04823151,0.07142857,pics/ER11124101195004.jpg,0,0,0,0,0,0,0,0,0,0,0,0,0,1,0,0,0,0,0,0,1,0,0,0,0,0,0
LACOSTE,0.63551268,0.0,pics/742SMA0090144.jpg,0,0,0,0,0,0,0,0,0,0,0,1,0,0,1,0,0,0,0,0,0,0,0,0,0,0,0
ANTA,0.24973205,0.14285714,pics/AN8123389351.jpg,0,0,0,0,0,0,0,0,0,0,1,0,0,0,0,0,0,0,0,0,1,0,0,0,0,0,0
ERKE,0.02143623,0.07142857,pics/ER11124102056006.jpg,0,0,0,0,0,0,0,0,0,0,0,0,0,1,0,0,0,0,0,0,1,0,0,0,0,0,0
ANTA,0.27474098,0.07142857,pics/AN8123389352.jpg,0,0,0,0,0,0,0,0,0,0,0,0,0,1,0,0,0,0,0,0,1,0,0,0,0,0,0
ERKE,0.02858164,0.28571429,pics/ER11124102113004.jpg,0,0,0,0,0,0,0,0,0,0,0,0,0,1,0,0,0,0,0,0,1,0,0,0,0,0,0
ERKE,0.04573062,0.07142857,pics/ER11124102062006.jpg,0,0,0,0,0,0,0,0,0,0,0,0,0,0,0,0,0,0,0,0,1,0,0,0,0,0,0
LUMBERJACK,0.04448017,0.07142857,pics/LJM70401002S01CA001.jpg,1,0,0,0,0,0,0,0,0,0,0,0,0,0,0,0,0,0,0,0,1,0,0,0,0,0,0
ERKE,0.08574491,0.0,pics/ER11124104110006.jpg,0,0,0,0,0,0,0,0,0,0,0,0,0,1,0,0,0,0,0,0,1,0,0,0,0,0,0
DIADORA,0.16059307,0.07142857,pics/DR501179775C0641.jpg,0,0,0,0,0,0,0,0,0,0,0,0,0,1,0,0,0,0,0,0,1,0,0,0,0,0,0
LUMBERJACK,0.04448017,0.28571429,pics/LJM70401002S01CB001.jpg,0,0,0,0,0,0,0,0,0,0,0,0,0,1,0,0,0,0,0,0,1,0,0,0,0,0,0
THE NORTH FACE,0.11053948,0.07142857,pics/NF0A7W4KZU31.jpg,0,0,0,1,0,0,0,0,0,0,0,0,0,0,1,0,0,0,0,0,0,0,0,0,0,0,0
LACOSTE,0.50325116,0.21428571,pics/744SMA0033237.jpg,0,0,0,0,0,0,0,0,0,0,0,0,0,1,0,0,0,0,0,0,0,0,0,0,0,1,0
DIADORA,0.33561986,0.0,pics/DR501179722C9288.jpg,0,0,0,0,0,0,0,0,1,0,0,0,0,0,0,0,0,0,0,0,1,0,0,0,0,0,0
THE NORTH FACE,0.31418364,0.0,pics/NF0A5JCWNY71.jpg,0,0,0,0,0,0,0,0,0,0,0,0,0,1,1,0,0,0,0,0,0,0,0,0,0,0,0
DIADORA,0.16413005,0.21428571,pics/DR50117841880013.jpg,0,0,0,0,0,0,0,0,0,0,0,0,0,1,0,0,0,0,0,0,1,0,0,0,0,0,0
ERKE,0.09106824,0.0,pics/ER11123302170102.jpg,0,0,0,0,0,0,0,0,0,0,1,0,0,0,0,0,0,0,0,0,1,0,0,0,0,0,0
ADIDAS,0.14276527,0.64285714,pics/ADNFY5468R00.jpg,1,0,0,0,0,0,0,0,0,0,0,0,0,0,0,0,1,0,0,0,0,0,0,0,0,0,0
LACOSTE,0.47824223,0.14285714,pics/746SMA0057042.jpg,1,0,0,0,0,0,0,0,0,0,0,0,0,0,1,0,0,0,0,0,0,0,0,0,0,0,0
LACOSTE,0.4532333,0.0,pics/745SMA0020WN8.jpg,0,0,0,0,0,0,0,0,0,0,0,0,0,0,1,0,0,0,0,0,0,0,0,0,0,0,0
REEBOK,0.15005359,0.21428571,pics/RB101520043R00.jpg,0,0,0,0,0,0,0,0,1,0,0,0,0,0,1,0,0,0,0,0,0,0,0,0,0,0,0
LACOSTE,0.24973205,0.07142857,pics/746SMA00482G9.jpg,0,0,0,0,0,0,0,0,0,0,0,0,0,0,1,0,0,0,0,0,0,0,0,0,0,0,0
LACOSTE,0.50325116,0.0,pics/746SMA0077092.jpg,0,0,0,0,0,0,0,0,0,0,0,1,0,0,1,0,0,0,0,0,0,0,0,0,0,0,0
ERKE,0.11429082,0.0,pics/ER11123302170007.jpg,0,0,0,0,0,0,0,0,0,0,0,0,0,1,0,0,0,0,0,0,1,0,0,0,0,0,0
LACOSTE,0.28545909,0.21428571,pics/746SMA0030042.jpg,0,0,0,0,0,0,0,0,1,0,0,0,0,0,1,0,0,0,0,0,0,0,0,0,0,0,0
LACOSTE,0.39264023,0.0,pics/746SMA0118WP2.jpg,0,0,0,0,0,0,0,0,0,0,0,0,0,0,1,0,0,0,0,0,0,0,0,0,0,0,0
ECCO,0.34269382,0.28571429,pics/EC82018402001.jpg,0,0,0,0,0,0,0,0,0,0,0,0,0,1,0,0,0,0,0,0,0,0,1,0,0,0,0
ADIDAS,0.24973205,0.14285714,pics/ADNGY0638R00.jpg,1,0,0,0,0,0,0,0,0,0,0,0,0,0,1,0,0,0,0,0,0,0,0,0,0,0,0
REEBOK,0.31436227,0.07142857,pics/RB101520071R00.jpg,0,0,0,0,0,0,0,0,0,0,1,0,0,0,1,0,0,0,0,0,0,0,0,0,0,0,0
LACOSTE,0.24973205,0.0,pics/746SMA0051082.jpg,0,0,0,0,1,0,0,0,0,0,0,0,0,0,1,0,0,0,0,0,0,0,0,0,0,0,0
ERKE,0.12500893,0.0,pics/ER11123320265004.jpg,0,0,0,0,0,0,0,0,1,0,0,0,0,0,0,0,0,0,0,0,1,0,0,0,0,0,0
REEBOK,0.28292247,0.07142857,pics/RB101520087R00.jpg,0,0,0,0,0,0,0,0,0,0,0,0,0,0,1,0,0,0,0,0,0,0,0,0,0,0,0
LACOSTE,0.39264023,0.0,pics/746SMA01182H3.jpg,0,0,0,0,0,0,0,0,1,0,0,0,0,0,1,0,0,0,0,0,0,0,0,0,0,0,0
LACOSTE,0.4532333,0.0,pics/746SMA0003WP2.jpg,0,0,0,0,0,0,0,0,0,0,0,0,0,0,1,0,0,0,0,0,0,0,0,0,0,0,0
ADIDAS,0.19649875,0.5,pics/ADNH00193R00.jpg,1,0,0,0,0,0,0,0,0,0,0,0,0,0,1,0,0,0,0,0,0,0,0,0,0,0,0
LACOSTE,0.50325116,0.0,pics/746SMA00771R7.jpg,0,0,0,0,1,0,0,0,0,0,0,0,0,0,1,0,0,0,0,0,0,0,0,0,0,0,0
REEBOK,0.26613076,0.07142857,pics/RB101519918R00.jpg,0,0,0,0,0,0,0,0,0,0,0,0,0,0,1,0,0,0,0,0,0,0,0,0,0,0,0
LACOSTE,0.24973205,0.07142857,pics/745SMA0126312.jpg,0,0,0,0,0,0,0,0,0,0,0,0,0,1,1,0,0,0,0,0,0,0,0,0,0,0,0
ADIDAS,0.15705609,0.0,pics/ADNFZ0902R00.jpg,0,0,0,0,0,0,1,0,0,0,0,0,0,0,1,0,0,0,0,0,0,0,0,0,0,0,0
LACOSTE,0.4532333,0.0,pics/746SMA000311I.jpg,0,0,0,0,0,1,0,0,0,0,0,0,0,0,1,0,0,0,0,0,0,0,0,0,0,0,0
LACOSTE,0.4532333,0.14285714,pics/746SMA00031U2.jpg,0,0,0,0,0,0,0,0,1,0,0,0,0,0,1,0,0,0,0,0,0,0,0,0,0,0,0
ERKE,0.09106824,0.0,pics/ER11123302170008.jpg,0,0,0,0,0,0,0,0,0,0,0,0,0,0,0,0,0,0,0,0,1,0,0,0,0,0,0
LACOSTE,0.24987496,0.0,pics/746SMA0120AMR.jpg,0,1,0,0,0,0,0,0,0,0,0,0,0,0,1,0,0,0,0,0,0,0,0,0,0,0,0
ECCO,0.49989282,0.07142857,pics/EC82283451052.jpg,0,0,0,0,0,0,0,0,0,0,0,0,0,1,0,0,1,0,0,0,0,0,0,0,0,0,0
BRANDBLACK,0.57627724,0.0,pics/BBM772BBJETW.jpg,0,0,0,0,0,0,0,0,0,0,0,0,0,0,1,0,0,0,0,0,0,0,0,0,0,0,0
REEBOK,0.41082529,0.0,pics/RBID9221R00.jpg,1,0,0,0,0,0,0,0,0,0,0,0,0,0,1,0,0,0,0,0,0,0,0,0,0,0,0
REEBOK,0.24973205,0.07142857,pics/RBIE2318R00.jpg,1,0,0,0,0,0,0,0,0,0,0,0,0,0,1,0,0,0,0,0,0,0,0,0,0,0,0
TIMBERLAND,0.52851018,0.0,pics/TB0A67X80151R00.jpg,0,0,0,0,0,0,0,0,0,0,0,0,0,1,1,0,0,0,0,0,0,0,0,0,0,0,0
REEBOK,0.2536263,0.21428571,pics/RBIE4656R00.jpg,0,0,0,0,1,0,0,0,0,0,0,0,0,0,1,0,0,0,0,0,0,0,0,0,0,0,0
PUMA,0.46409432,0.14285714,pics/PM39077702.jpg,1,0,0,0,0,0,0,0,0,0,0,0,0,0,1,0,0,0,0,0,0,0,0,0,0,0,0
ANTA,0.2655234,0.0,pics/AN8123388991.jpg,0,0,0,0,0,0,0,0,0,0,0,0,0,1,0,0,0,0,0,0,1,0,0,0,0,0,0
REEBOK,0.24973205,0.07142857,pics/RBID9273R00.jpg,1,0,0,0,0,0,0,0,0,0,0,0,0,0,1,0,0,0,0,0,0,0,0,0,0,0,0
REEBOK,0.29024652,0.0,pics/RBID1834R00.jpg,0,0,0,0,0,0,0,0,0,0,0,0,0,1,1,0,0,0,0,0,0,0,0,0,0,0,0
ANTA,0.28545909,0.14285714,pics/AN8121489333.jpg,0,0,0,0,0,0,0,0,0,0,0,0,0,0,0,0,0,0,0,0,1,0,0,0,0,0,0
BRANDBLACK,0.50518042,0.0,pics/BBM285BBOFWT.jpg,0,0,0,0,0,0,0,0,0,0,0,0,0,0,1,0,0,0,0,0,0,0,0,0,0,0,0
REEBOK,0.24991068,0.07142857,pics/RBIF4775R00.jpg,1,0,0,0,0,0,0,0,0,0,0,0,0,0,1,0,0,0,0,0,0,0,0,0,0,0,0
ANTA,0.28545909,0.14285714,pics/AN8121489332.jpg,0,0,0,0,0,0,0,0,0,0,0,0,0,1,0,0,0,0,0,0,1,0,0,0,0,0,0
REEBOK,0.22865309,0.14285714,pics/RB101407499R00.jpg,0,0,0,0,0,0,0,0,0,0,0,0,0,1,1,0,0,0,0,0,0,0,0,0,0,0,0
REEBOK,0.41082529,0.0,pics/RB101519916R00.jpg,0,0,0,0,0,0,0,0,0,0,0,0,0,1,1,0,0,0,0,0,0,0,0,0,0,0,0
REEBOK,0.26613076,0.0,pics/RBIF0235R00.jpg,1,0,0,0,0,0,0,0,0,0,0,0,0,0,1,0,0,0,0,0,0,0,0,0,0,0,0
REEBOK,0.30007145,0.07142857,pics/RBIE4655R00.jpg,0,0,0,0,0,1,0,0,0,0,0,0,0,0,1,0,0,0,0,0,0,0,0,0,0,0,0
ANTA,0.28545909,0.0,pics/AN8121489331.jpg,0,0,0,0,0,0,0,0,1,0,0,0,0,0,0,0,0,0,0,0,1,0,0,0,0,0,0
REEBOK,0.26613076,0.0,pics/RB101519913R00.jpg,1,0,0,0,0,0,0,0,0,0,0,0,0,0,1,0,0,0,0,0,0,0,0,0,0,0,0
BRANDBLACK,0.52661665,0.0,pics/BBM609BBIVBK.jpg,0,0,0,0,0,0,0,0,1,0,0,0,0,0,1,0,0,0,0,0,0,0,0,0,0,0,0
PUMA,0.35344766,0.0,pics/PM39077701.jpg,0,0,0,0,0,0,0,0,0,0,0,0,0,1,1,0,0,0,0,0,0,0,0,0,0,0,0
ANTA,0.24265809,0.0,pics/AN8123388992.jpg,0,0,0,0,0,0,0,0,0,0,0,0,0,0,0,0,0,0,0,0,1,0,0,0,0,0,0
REEBOK,0.12468739,0.21428571,pics/RBIF0236R00.jpg,1,0,0,0,0,0,0,0,0,0,0,0,0,0,1,0,0,0,0,0,0,0,0,0,0,0,0
REEBOK,0.24973205,0.07142857,pics/RBID9259R00.jpg,0,0,0,1,0,0,0,0,0,0,0,0,0,0,1,0,0,0,0,0,0,0,0,0,0,0,0
REEBOK,0.24973205,0.07142857,pics/RBID9258R00.jpg,0,0,0,0,0,1,0,0,0,0,0,0,0,0,1,0,0,0,0,0,0,0,0,0,0,0,0
DIADORA,0.61429082,0.0,pics/DR20117968570167.jpg,0,0,0,0,0,1,0,0,0,0,0,0,0,0,0,0,0,0,0,0,0,0,0,1,0,0,0
REEBOK,0.41082529,0.0,pics/RB101519920R00.jpg,0,0,0,0,0,0,0,0,0,0,0,0,0,0,1,0,0,0,0,0,0,0,0,0,0,0,0
REEBOK,0.30007145,0.21428571,pics/RBIF0081R00.jpg,0,0,0,0,0,0,0,0,0,0,0,0,0,1,1,0,0,0,0,0,0,0,0,0,0,0,0
TIMBERLAND,1.0,0.0,pics/TB0A67M8F131R00.jpg,0,0,0,0,0,1,0,0,0,0,0,0,0,0,0,0,0,0,0,1,0,0,0,0,0,0,0
ANTA,0.2655234,0.07142857,pics/AN8123388993.jpg,0,0,0,0,0,0,0,0,0,0,1,0,0,0,0,0,0,0,0,0,1,0,0,0,0,0,0
ASICS,0.47849232,0.35714286,pics/AS1201A631001.jpg,0,0,0,0,0,0,0,0,0,0,0,0,0,1,0,1,0,0,0,0,0,0,0,0,0,0,0
MIZUNO,0.20339407,0.0,pics/MZD1GA221207.jpg,0,0,0,0,0,0,0,0,0,0,0,0,0,0,1,0,0,0,0,0,0,0,0,0,0,0,0
MIZUNO,0.328403,0.0,pics/MZD1GA330903.jpg,0,0,0,0,0,0,0,0,0,0,1,0,0,0,1,0,0,0,0,0,0,0,0,0,0,0,0
HOKA,0.85709182,0.0,pics/HKAHK1123202CBIF.jpg,0,0,0,0,1,0,0,0,0,0,0,0,0,0,1,0,0,0,0,0,0,0,0,0,0,0,0
HOKA,0.78563773,0.0,pics/HKAHK1122017DOTN.jpg,0,0,0,0,0,1,0,0,0,0,0,0,0,0,0,0,0,0,0,0,1,0,0,0,0,0,0
MIZUNO,0.20339407,0.07142857,pics/MZD1GA225501.jpg,0,0,0,0,0,0,0,0,0,0,0,0,0,0,1,0,0,0,0,0,0,0,0,0,0,0,0
HOKA,0.49982136,0.0,pics/HKAHK1119395BDGB.jpg,0,0,0,0,0,0,0,0,0,0,0,0,0,1,1,0,0,0,0,0,0,0,0,0,0,0,0
HOKA,0.78563773,0.07142857,pics/HKAHK1122017BRYL.jpg,0,0,0,0,1,0,0,0,0,0,0,0,0,0,0,0,0,0,0,0,1,0,0,0,0,0,0
HOKA,0.71418364,0.07142857,pics/HKAHK1127893IVOR.jpg,0,0,0,0,0,0,0,1,0,0,0,0,0,0,1,0,0,0,0,0,0,0,0,0,0,0,0
ASICS,0.57127546,0.28571429,pics/AS1011B593002.jpg,0,0,0,0,0,0,0,0,0,0,0,0,0,1,1,0,0,0,0,0,0,0,0,0,0,0,0
MIZUNO,0.20339407,0.0,pics/MZD1GA216203.jpg,0,1,0,0,0,0,0,0,0,0,0,0,0,0,1,0,0,0,0,0,0,0,0,0,0,0,0
MIZUNO,0.24265809,0.0,pics/MZD1GA213210.jpg,0,0,0,0,0,0,0,0,0,0,0,0,0,0,1,0,0,0,0,0,0,0,0,0,0,0,0
MIZUNO,0.17838514,0.0,pics/MZD1GA332801.jpg,0,0,0,0,1,0,0,0,0,0,0,0,0,0,1,0,0,0,0,0,0,0,0,0,0,0,0
HOKA,0.49982136,0.14285714,pics/HKAHK1119395SSNG.jpg,0,0,0,0,0,0,0,0,1,0,0,0,0,0,1,0,0,0,0,0,0,0,0,0,0,0,0
MIZUNO,0.328403,0.0,pics/MZD1GA330904.jpg,0,0,0,0,0,0,0,0,0,0,0,1,0,0,1,0,0,0,0,0,0,0,0,0,0,0,0
HOKA,0.85709182,0.14285714,pics/HKAHK1123202CSVO.jpg,0,0,0,0,0,0,0,0,0,0,0,1,0,0,1,0,0,0,0,0,0,0,0,0,0,0,0
ASICS,0.14272955,0.35714286,pics/AS1202A024109.jpg,1,0,0,0,0,0,0,0,0,0,0,0,0,0,0,0,0,0,0,1,0,0,0,0,0,0,0
ASICS,0.19589139,0.14285714,pics/AS1011B492002.jpg,0,0,0,0,0,0,0,0,0,0,0,0,0,1,0,0,0,0,0,1,0,0,0,0,0,0,0
MIZUNO,0.24265809,0.0,pics/MZD1GA227401.jpg,0,0,0,0,0,0,0,0,0,0,0,0,0,0,1,0,0,0,0,0,0,0,0,0,0,0,0
HOKA,0.78563773,0.0,pics/HKAHK1123190TRYL.jpg,0,0,0,0,1,0,0,0,0,0,0,0,0,0,1,0,0,0,0,0,0,0,0,0,0,0,0
MIZUNO,0.17838514,0.0,pics/MZD1GA332802.jpg,0,0,0,0,0,0,0,0,0,0,0,0,0,0,1,0,0,0,0,0,0,0,0,0,0,0,0
ASICS,0.27842086,0.0,pics/AS1203A289103.jpg,1,0,0,0,0,0,0,0,0,0,0,0,0,0,0,0,0,0,0,1,0,0,0,0,0,0,0
HOKA,0.74991068,0.0,pics/HKAHK1134497PFGY.jpg,0,0,0,1,0,0,0,0,0,0,0,0,0,0,1,0,0,0,0,0,0,0,0,0,0,0,0
MIZUNO,0.328403,0.0,pics/MZD1GA330901.jpg,0,0,0,0,1,0,0,0,0,0,0,0,0,0,1,0,0,0,0,0,0,0,0,0,0,0,0
HOKA,0.6070025,0.07142857,pics/HKAHK1123159BCEP.jpg,0,0,0,0,0,0,0,0,1,0,0,0,0,0,1,0,0,0,0,0,0,0,0,0,0,0,0
HOKA,0.74991068,0.0,pics/HKAHK1134501OSDC.jpg,0,0,0,0,0,0,0,0,0,0,0,1,0,0,1,0,0,0,0,0,0,0,0,0,0,0,0
HOKA,0.74991068,0.0,pics/HKAHK1119393GBMS.jpg,0,0,0,0,0,0,0,0,0,0,0,1,0,0,1,0,0,0,0,0,0,0,0,0,0,0,0
MIZUNO,0.20339407,0.0,pics/MZD1GA221208.jpg,0,0,0,0,0,0,0,0,0,0,0,0,0,0,1,0,0,0,0,0,0,0,0,0,0,0,0
MIZUNO,0.20339407,0.0,pics/MZD1GA218601.jpg,0,0,0,1,0,0,0,0,0,0,0,0,0,0,1,0,0,0,0,0,0,0,0,0,0,0,0
ANTA,0.17827796,0.21428571,pics/AN8124180514.jpg,0,0,0,0,0,0,0,0,0,0,1,0,0,0,0,0,0,0,0,0,1,0,0,0,0,0,0
NIKE,0.71418364,0.35714286,pics/NKDZ5485105.jpg,0,0,0,0,0,0,0,0,0,0,0,0,1,0,0,0,0,0,0,0,1,0,0,0,0,0,0
NIKE,0.64272955,0.5,pics/NKDX5931001.jpg,0,0,0,0,0,0,1,0,0,0,0,0,0,0,0,0,1,0,0,0,0,0,0,0,0,0,0
NIKE,0.78563773,0.0,pics/NKDX5505100.jpg,0,0,0,0,0,0,0,0,0,0,0,0,0,0,1,0,0,0,0,0,0,0,0,0,0,0,0
NIKE,0.64272955,0.21428571,pics/NKDX3452700.jpg,0,0,0,0,0,0,0,0,0,0,0,0,0,0,0,0,1,0,0,0,0,0,0,0,0,0,0
LACOSTE,0.4532333,0.14285714,pics/747SMA0114082.jpg,0,0,0,0,0,0,0,0,0,0,0,0,0,0,0,0,1,0,0,0,0,0,0,0,0,0,0
ANTA,0.214005,0.28571429,pics/AN8124180515.jpg,0,0,0,0,0,0,0,0,0,0,0,0,0,0,0,0,0,0,0,0,1,0,0,0,0,0,0
ANTA,0.14255091,0.0,pics/AN8124155226.jpg,0,0,0,0,0,0,0,0,0,0,0,0,0,1,0,0,0,0,0,0,1,0,0,0,0,0,0
LACOSTE,0.57091819,0.07142857,pics/747SMA01121R5.jpg,0,0,0,0,0,0,0,0,0,0,0,0,0,0,0,0,1,0,0,0,0,0,0,0,0,0,0
LACOSTE,0.42115041,0.35714286,pics/747SMA0105312.jpg,0,0,0,0,0,0,0,0,0,0,0,0,0,1,1,0,0,0,0,0,0,0,0,0,0,0,0
ANTA,0.14255091,0.07142857,pics/AN8124188402.jpg,0,0,0,0,0,0,0,0,0,0,1,0,0,0,0,0,0,0,0,0,1,0,0,0,0,0,0
NIKE,0.64272955,0.21428571,pics/NKDV0822100.jpg,0,0,0,0,0,0,0,0,0,0,0,0,0,0,1,0,0,0,0,0,0,0,0,0,0,0,0
NIKE,0.64272955,0.35714286,pics/NKDD1391104.jpg,0,0,0,0,0,0,0,0,0,0,0,0,1,0,0,0,1,0,0,0,0,0,0,0,0,0,0
ANTA,0.214005,0.07142857,pics/AN8124180513.jpg,0,0,0,0,0,0,0,0,0,0,0,0,0,0,0,0,0,0,0,0,1,0,0,0,0,0,0
NIKE,0.53554841,0.14285714,pics/NKDN2158101.jpg,1,0,0,0,0,0,0,0,0,0,0,0,0,0,1,0,0,0,0,0,0,0,0,0,0,0,0
UNITED 4,0.12826009,0.0,pics/UN004PTR.jpg,0,0,0,0,0,0,0,0,0,0,0,0,0,1,0,0,0,0,0,0,0,0,0,0,0,0,1
LACOSTE,0.37827796,0.0,pics/747SMA0113147.jpg,0,0,0,0,0,0,0,0,0,0,0,0,0,0,0,0,1,0,0,0,0,0,0,0,0,0,0
ANTA,0.14255091,0.0,pics/AN8124180405.jpg,0,0,0,0,0,0,0,1,0,0,0,0,0,0,0,0,0,0,0,0,1,0,0,0,0,0,0
NIKE,0.64272955,0.21428571,pics/NKDV0787100.jpg,0,0,0,0,0,0,0,0,0,0,0,0,0,0,1,0,0,0,0,0,0,0,0,0,0,0,0
LACOSTE,0.33904966,0.35714286,pics/747SMA0105YB2.jpg,0,0,0,1,0,0,0,0,0,0,0,0,0,0,1,0,0,0,0,0,0,0,0,0,0,0,0
ANTA,0.17827796,0.14285714,pics/AN8124180511.jpg,0,0,0,0,0,0,0,0,0,0,0,0,0,1,0,0,0,0,0,0,1,0,0,0,0,0,0
NIKE,0.53554841,0.21428571,pics/NKDV7201100.jpg,0,0,0,0,0,1,0,0,0,0,0,0,0,0,0,0,1,0,0,0,0,0,0,0,0,0,0
ANTA,0.214005,0.21428571,pics/AN8124180516.jpg,0,0,0,0,0,0,0,0,0,0,1,0,0,0,0,0,0,0,0,0,1,0,0,0,0,0,0
NIKE,0.39264023,0.28571429,pics/NKDM8019300.jpg,0,0,0,0,0,0,0,0,0,0,0,0,0,1,0,0,0,0,0,0,1,0,0,0,0,0,0
UNITED 4,0.12826009,0.0,pics/UN003KRM.jpg,0,0,0,0,0,1,0,0,0,0,0,0,0,0,0,0,0,0,0,0,0,0,0,0,0,0,1
LACOSTE,0.55326902,0.5,pics/747SMA010495K.jpg,0,0,0,0,0,0,0,0,0,0,0,1,0,0,1,0,0,0,0,0,0,0,0,0,0,0,0
ANTA,0.07109682,0.0,pics/AN8124155774.jpg,0,0,0,0,0,0,0,0,0,0,0,0,0,1,0,0,0,0,0,0,1,0,0,0,0,0,0
NIKE,0.45348339,0.0,pics/NKDV0833300.jpg,0,0,0,0,0,0,0,0,1,0,0,0,0,0,0,0,1,0,0,0,0,0,0,0,0,0,0
ANTA,0.14255091,0.0,pics/AN8123416044.jpg,0,0,0,0,0,0,0,0,0,0,1,0,0,0,0,0,0,0,0,0,1,0,0,0,0,0,0
NIKE,0.64272955,0.0,pics/NKDJ6189100.jpg,1,0,0,0,0,0,0,0,0,0,0,0,0,0,0,0,0,0,0,0,1,0,0,0,0,0,0
ANTA,0.14262237,0.07142857,pics/AN8123480608.jpg,0,0,0,0,0,0,0,0,0,0,0,0,0,0,0,0,0,0,0,0,1,0,0,0,0,0,0
NIKE,0.6070025,0.07142857,pics/NKBQ6806124.jpg,1,0,0,0,0,0,0,0,0,0,0,0,0,0,0,1,0,0,0,0,0,0,0,0,0,0,0
TOMMY JEANS,0.42847446,0.0,pics/TMEM0EM012140GY.jpg,0,0,0,0,0,0,0,0,1,0,0,0,0,0,0,0,0,0,0,0,1,0,0,0,0,0,0
TOMMY JEANS,0.28545909,0.14285714,pics/TMEM0EM01215C9B.jpg,0,0,0,0,0,0,0,0,0,0,0,1,0,0,0,0,1,0,0,0,0,0,0,0,0,0,0
DIADORA,0.42854591,0.0,pics/DR101178056C7406.jpg,0,0,0,0,0,0,0,0,0,0,0,0,0,1,1,0,0,0,0,0,0,0,0,0,0,0,0
TOMMY JEANS,0.42836727,0.14285714,pics/TMEM0EM01212YBI.jpg,0,0,0,0,0,0,0,0,0,0,0,0,0,0,0,0,1,0,0,0,0,0,0,0,0,0,0
TOMMY JEANS,0.33904966,0.21428571,pics/TMEM0EM01216MBG.jpg,0,0,0,0,1,0,0,0,0,0,0,0,0,0,0,0,1,0,0,0,0,0,0,0,0,0,0
REEBOK,0.24973205,0.07142857,pics/RB101520232R00.jpg,0,0,0,0,0,0,0,0,0,0,0,0,0,1,1,0,0,0,0,0,0,0,0,0,0,0,0
TOMMY JEANS,0.36595213,0.14285714,pics/TMEM0EM01082C87.jpg,0,0,0,0,0,0,0,0,0,0,0,1,0,0,0,0,0,0,0,0,1,0,0,0,0,0,0
TOMMY JEANS,0.42847446,0.0,pics/TMEM0EM01214TCR.jpg,0,0,0,0,0,0,0,0,0,0,0,0,0,0,0,0,0,0,0,0,1,0,0,0,0,0,0
ERKE,0.12858164,0.0,pics/ER11123304060005.jpg,0,0,0,0,0,0,0,0,0,0,1,0,0,0,0,0,0,0,0,0,1,0,0,0,0,0,0
TOMMY JEANS,0.40346552,0.0,pics/TMEM0EM012190GY.jpg,0,0,0,0,0,0,0,0,0,0,0,0,0,0,0,0,0,0,0,0,1,0,0,0,0,0,0
NIKE,0.74991068,0.0,pics/NKFN5924100.jpg,1,0,0,0,0,0,0,0,0,0,0,0,0,0,1,0,0,0,0,0,0,0,0,0,0,0,0
ANTA,0.33190425,0.14285714,pics/AN8123455863.jpg,0,0,0,0,0,1,0,0,0,0,0,0,0,0,0,0,0,0,0,0,1,0,0,0,0,0,0
ANTA,0.16548767,0.0,pics/AN8123416043.jpg,0,0,0,0,0,0,0,0,0,0,0,0,0,1,0,0,0,0,0,0,1,0,0,0,0,0,0
PUMA,0.17827796,0.07142857,pics/PM39098401.jpg,0,0,0,0,0,0,0,0,0,0,0,0,0,1,0,0,0,0,0,0,1,0,0,0,0,0,0
TOMMY JEANS,0.35691318,0.14285714,pics/TMEM0EM012170GY.jpg,0,0,0,0,0,0,0,0,0,0,0,0,0,0,0,0,1,0,0,0,0,0,0,0,0,0,0
TOMMY JEANS,0.33904966,0.07142857,pics/TMEM0EM012160GY.jpg,0,0,0,0,0,0,0,0,0,0,0,0,0,0,0,0,1,0,0,0,0,0,0,0,0,0,0
ERKE,0.08570918,0.28571429,pics/ER11123320265005.jpg,0,0,0,0,0,0,0,0,0,0,0,0,0,1,0,0,0,0,0,0,1,0,0,0,0,0,0
ERKE,0.15716327,0.07142857,pics/ER11123304248607.jpg,0,0,1,0,0,0,0,0,0,0,0,0,0,0,0,0,0,0,0,0,1,0,0,0,0,0,0
NIKE,0.53554841,0.0,pics/NKFN3413100.jpg,1,0,0,0,0,0,0,0,0,0,0,0,0,0,1,0,0,0,0,0,0,0,0,0,0,0,0
ERKE,0.15716327,0.0,pics/ER11123304060708.jpg,0,0,0,0,0,0,0,0,0,0,0,0,0,1,0,0,0,0,0,0,1,0,0,0,0,0,0
ANTA,0.33190425,0.0,pics/AN8123455861.jpg,0,0,0,0,0,0,0,0,0,0,0,0,0,1,0,0,0,0,0,0,1,0,0,0,0,0,0
DIADORA,0.29996427,0.0,pics/DR101178066C0200.jpg,0,0,0,0,0,0,0,0,0,0,0,0,0,1,1,0,0,0,0,0,0,0,0,0,0,0,0
PUMA,0.46409432,0.14285714,pics/PM39117604.jpg,0,0,0,0,0,0,0,0,0,0,0,0,0,1,1,0,0,0,0,0,0,0,0,0,0,0,0
REEBOK,0.18574491,0.14285714,pics/RB101520188R00.jpg,0,0,0,0,0,0,0,0,0,0,1,0,0,0,1,0,0,0,0,0,0,0,0,0,0,0,0
ANTA,0.26402287,0.0,pics/AN8123455232.jpg,0,0,0,0,0,0,0,1,0,0,0,0,0,0,0,0,0,0,0,0,1,0,0,0,0,0,0
TOMMY JEANS,0.12486602,0.14285714,pics/TMEM0EM01299MBG.jpg,0,0,0,0,1,0,0,0,0,0,0,0,0,0,0,0,0,0,0,0,1,0,0,0,0,0,0
TOMMY HILFIGER,0.35691318,0.0,pics/TMFM0FM04700YBS.jpg,1,0,0,0,0,0,0,0,0,0,0,0,0,0,0,0,0,0,0,0,1,0,0,0,0,0,0
PUMA,0.46409432,0.0,pics/PM39278707.jpg,0,0,0,0,0,0,0,0,0,0,0,0,0,1,1,0,0,0,0,0,0,0,0,0,0,0,0
PUMA,0.46409432,0.0,pics/PM39004808.jpg,0,0,0,0,0,0,0,0,0,0,0,0,0,1,1,0,0,0,0,0,0,0,0,0,0,0,0
TOMMY HILFIGER,0.21418364,0.21428571,pics/TMFM0FM04589YBS.jpg,1,0,0,0,0,0,0,0,0,0,0,0,0,0,1,0,0,0,0,0,0,0,0,0,0,0,0
TOMMY JEANS,0.214005,0.0,pics/TMEM0EM01299C87.jpg,0,0,0,0,0,0,0,0,0,0,0,1,0,0,0,0,0,0,0,0,1,0,0,0,0,0,0
ANTA,0.14255091,0.0,pics/AN8123416045.jpg,0,0,0,0,0,0,0,0,1,0,0,0,0,0,0,0,0,0,0,0,1,0,0,0,0,0,0
PUMA,0.17827796,0.07142857,pics/PM39098408.jpg,0,0,0,0,0,0,0,0,0,0,1,0,0,0,0,0,0,0,0,0,1,0,0,0,0,0,0
TOMMY JEANS,0.45348339,0.0,pics/TMEM0EM012210GY.jpg,0,0,0,0,0,0,0,0,0,0,0,0,0,0,0,0,0,0,0,0,1,0,0,0,0,0,0
TOMMY HILFIGER,0.37477671,0.14285714,pics/TMFM0FM04047BDS.jpg,0,0,0,0,0,0,0,0,0,0,0,0,0,1,0,0,0,0,0,0,1,0,0,0,0,0,0
TOMMY HILFIGER,0.18738835,0.14285714,pics/TMFM0FM03431DW5.jpg,0,0,0,0,0,0,0,0,0,0,0,1,0,0,1,0,0,0,0,0,0,0,0,0,0,0,0
TOMMY HILFIGER,0.29092533,0.0,pics/TMFM0FM03431BDS.jpg,0,0,0,0,0,0,0,0,0,0,0,0,0,1,1,0,0,0,0,0,0,0,0,0,0,0,0
PUMA,0.15691318,0.07142857,pics/PM38015001.jpg,1,0,0,0,0,0,0,0,0,0,0,0,0,0,0,0,0,0,0,0,1,0,0,0,0,0,0
TOMMY HILFIGER,0.27842086,0.14285714,pics/TMFM0FM04921YBS.jpg,1,0,0,0,0,0,0,0,0,0,0,0,0,0,0,0,0,0,0,0,1,0,0,0,0,0,0
TOMMY HILFIGER,0.37477671,0.14285714,pics/TMFM0FM049210GK.jpg,0,0,0,0,0,0,0,0,0,0,0,0,0,1,0,0,0,0,0,0,1,0,0,0,0,0,0
TOMMY HILFIGER,0.35691318,0.14285714,pics/TMFM0FM04589DW5.jpg,0,0,0,0,0,0,0,0,0,0,0,1,0,0,1,0,0,0,0,0,0,0,0,0,0,0,0
TOMMY HILFIGER,0.37477671,0.0,pics/TMFM0FM04047YBR.jpg,1,0,0,0,0,0,0,0,0,0,0,0,0,0,0,0,0,0,0,0,1,0,0,0,0,0,0
PUMA,0.14255091,0.21428571,pics/PM36986303.jpg,1,0,0,0,0,0,0,0,0,0,0,0,0,0,0,0,0,0,0,0,1,0,0,0,0,0,0
PUMA,0.35344766,0.07142857,pics/PM39278703.jpg,0,0,0,0,0,0,0,0,0,0,0,0,0,1,1,0,0,0,0,0,0,0,0,0,0,0,0
TOMMY HILFIGER,0.32843873,0.0,pics/TMFM0FM04589BDS.jpg,0,0,0,0,0,0,0,0,0,0,0,0,0,1,1,0,0,0,0,0,0,0,0,0,0,0,0
TOMMY HILFIGER,0.21418364,0.0,pics/TMFM0FM04700DW5.jpg,0,0,0,0,0,0,0,0,0,0,0,1,0,0,0,0,0,0,0,0,1,0,0,0,0,0,0
TOMMY JEANS,0.20339407,0.0,pics/TMEM0EM01299XM4.jpg,0,0,0,0,0,0,1,0,0,0,0,0,0,0,0,0,0,0,0,0,1,0,0,0,0,0,0
TOMMY JEANS,0.24097892,0.14285714,pics/TMEM0EM01300MBG.jpg,0,0,0,0,0,0,0,0,0,0,0,0,0,0,0,0,0,0,0,0,1,0,0,0,0,0,0
PUMA,0.19614148,0.07142857,pics/PM39098407.jpg,0,0,0,0,0,0,0,0,0,0,0,0,0,0,0,0,0,0,0,0,1,0,0,0,0,0,0
PUMA,0.35344766,0.0,pics/PM39278705.jpg,0,0,0,0,0,0,0,0,0,0,1,0,0,0,1,0,0,0,0,0,0,0,0,0,0,0,0
PUMA,0.35344766,0.07142857,pics/PM39278704.jpg,0,0,0,0,0,0,0,0,0,0,0,0,0,0,1,0,0,0,0,0,0,0,0,0,0,0,0
TOMMY JEANS,0.52851018,0.0,pics/TMEM0EM012240GY.jpg,0,0,0,0,0,0,0,0,0,0,0,0,0,0,0,0,0,0,0,0,1,0,0,0,0,0,0
PUMA,0.46409432,0.0,pics/PM39117605.jpg,0,0,0,0,0,0,0,0,0,0,0,0,0,0,1,0,0,0,0,0,0,0,0,0,0,0,0
PUMA,0.35344766,0.07142857,pics/PM39278708.jpg,1,0,0,0,0,0,0,0,0,0,0,0,0,0,1,0,0,0,0,0,0,0,0,0,0,0,0
TOMMY HILFIGER,0.35344766,0.21428571,pics/TMFM0FM04922YBR.jpg,1,0,0,0,0,0,0,0,0,0,0,0,0,0,1,0,0,0,0,0,0,0,0,0,0,0,0
EA7,0.65355484,0.14285714,pics/EA7X8Z042XK351S967.jpg,0,0,0,0,0,0,0,0,0,0,1,0,0,0,0,0,1,0,0,0,0,0,0,0,0,0,0
EA7,0.55351911,0.21428571,pics/EA7X8Z037XK294A120.jpg,0,0,0,0,0,0,0,0,0,0,0,0,0,1,0,0,1,0,0,0,0,0,0,0,0,0,0
PUMA,0.39264023,0.0,pics/PM39478901.jpg,0,0,0,0,0,0,0,0,0,0,0,0,0,1,0,0,0,0,0,0,1,0,0,0,0,0,0
EA7,0.62854591,0.0,pics/EA7X8Z039XK331S915.jpg,0,0,0,0,0,0,0,0,1,0,0,0,0,0,0,0,1,0,0,0,0,0,0,0,0,0,0
EA7,0.57852805,0.07142857,pics/EA7X8X159XK364S988.jpg,0,0,0,0,0,0,0,0,0,0,0,1,0,0,0,0,0,0,0,0,1,0,0,0,0,0,0
VEGTUS,0.31225438,0.0,pics/VG321428021010.jpg,0,0,0,0,0,0,0,0,0,0,0,0,0,0,0,0,0,1,0,0,0,0,0,0,0,0,0
VEGTUS,0.30367989,0.0,pics/VG312428021005.jpg,0,0,0,0,1,0,0,0,0,0,0,0,0,0,0,0,0,1,0,0,0,0,0,0,0,0,0
VEGTUS,0.29296177,0.0,pics/VG352428001002.jpg,0,0,0,0,0,0,0,0,0,0,0,0,0,1,0,0,0,1,0,0,0,0,0,0,0,0,0
EA7,0.62854591,0.21428571,pics/EA7X8X129XK307R653.jpg,0,0,0,0,0,0,0,0,0,0,0,0,0,1,0,0,0,0,0,0,1,0,0,0,0,0,0
EA7,0.62854591,0.07142857,pics/EA7X8Z039XK331S964.jpg,0,0,0,0,0,0,0,0,0,0,0,1,0,0,0,0,1,0,0,0,0,0,0,0,0,0,0
VEGTUS,0.30367989,0.0,pics/VG312428021002.jpg,0,0,0,0,0,0,0,0,0,0,0,0,0,1,0,0,0,1,0,0,0,0,0,0,0,0,0
EA7,0.55351911,0.0,pics/EA7X8Z037XK294D611.jpg,1,0,0,0,0,0,0,0,0,0,0,0,0,0,0,0,1,0,0,0,0,0,0,0,0,0,0
EA7,0.66605931,0.07142857,pics/EA7X8X070XK165S916.jpg,0,0,0,0,1,0,0,0,0,0,0,0,0,0,0,0,0,0,0,0,1,0,0,0,0,0,0
EA7,0.56070025,0.07142857,pics/EA7X8X070XK165N629.jpg,0,0,0,0,0,0,0,0,0,0,0,0,0,1,0,0,0,0,0,0,1,0,0,0,0,0,0
EA7,0.66605931,0.14285714,pics/EA7X8X070XK165S918.jpg,0,0,0,0,0,0,0,1,0,0,0,0,0,0,0,0,0,0,0,0,1,0,0,0,0,0,0
PUMA,0.35344766,0.07142857,pics/PM39381401.jpg,0,0,0,0,0,0,0,0,0,0,0,0,0,1,1,0,0,0,0,0,0,0,0,0,0,0,0
EA7,0.62854591,0.14285714,pics/EA7X8X129XK307S888.jpg,0,0,0,0,0,0,0,0,1,0,0,0,0,0,0,0,0,0,0,0,1,0,0,0,0,0,0
VEGTUS,0.31225438,0.0,pics/VG202284021005.jpg,0,0,0,0,1,0,0,0,0,0,0,0,0,0,0,0,0,1,0,0,0,0,0,0,0,0,0
EA7,0.65355484,0.0,pics/EA7X8Z042XK351R236.jpg,0,0,0,0,0,0,0,0,0,0,0,1,0,0,0,0,1,0,0,0,0,0,0,0,0,0,0
EA7,0.65355484,0.0,pics/EA7X8Z042XK351A120.jpg,0,0,0,0,0,0,0,0,0,0,0,0,0,1,0,0,1,0,0,0,0,0,0,0,0,0,0
VEGTUS,0.30367989,0.0,pics/VG312428023047.jpg,0,0,0,0,0,0,0,0,0,0,0,0,0,0,0,0,0,1,0,0,0,0,0,0,0,0,0
EA7,0.57852805,0.14285714,pics/EA7X8X159XK364N763.jpg,0,0,0,0,0,0,0,0,0,0,0,0,0,1,0,0,0,0,0,0,1,0,0,0,0,0,0
EA7,0.56070025,0.0,pics/EA7X8X070XK165S919.jpg,0,0,0,0,0,1,0,0,0,0,0,0,0,0,0,0,0,0,0,0,1,0,0,0,0,0,0
VEGTUS,0.31225438,0.0,pics/VG2022840218500.jpg,0,0,0,0,0,0,0,0,0,0,1,0,0,0,0,0,0,1,0,0,0,0,0,0,0,0,0
EA7,0.57852805,0.0,pics/EA7X8X159XK364S860.jpg,0,0,0,0,1,0,0,0,0,0,0,0,0,0,0,0,0,0,0,0,1,0,0,0,0,0,0
VEGTUS,0.29081815,0.0,pics/VG3524280229312.jpg,0,0,0,0,0,0,0,0,0,0,0,1,0,0,0,0,0,1,0,0,0,0,0,0,0,0,0
EA7,0.65355484,0.0,pics/EA7X8Z042XK351S968.jpg,1,0,0,0,0,0,0,0,0,0,0,0,0,0,0,0,1,0,0,0,0,0,0,0,0,0,0
EA7,0.62854591,0.0,pics/EA7X8Z039XK331S900.jpg,0,0,0,0,0,0,0,0,0,0,0,0,0,1,0,0,1,0,0,0,0,0,0,0,0,0,0
VEGTUS,0.31225438,0.0,pics/VG2022272328402.jpg,0,0,0,0,0,0,0,0,0,0,0,1,0,0,0,0,0,1,0,0,0,0,0,0,0,0,0
VEGTUS,0.31225438,0.0,pics/VG322428021002.jpg,0,0,0,0,0,0,0,0,0,0,0,0,0,1,0,0,0,1,0,0,0,0,0,0,0,0,0
DIADORA,0.26777421,0.0,pics/DR101179544C2763.jpg,0,0,0,0,0,0,0,0,0,0,1,0,0,0,1,0,0,0,0,0,0,0,0,0,0,0,0
K-SWISS,0.2261522,0.0,pics/KS07263918M.jpg,1,0,0,0,0,0,0,0,0,0,0,0,0,0,1,0,0,0,0,0,0,0,0,0,0,0,0
ANTA,0.30553769,0.0,pics/AN8123411082.jpg,0,0,1,0,0,0,0,0,0,0,0,0,0,0,0,0,0,0,0,0,1,0,0,0,0,0,0
K-SWISS,0.29724902,0.0,pics/KS08907027M.jpg,0,0,0,0,0,0,0,0,0,0,0,0,0,1,1,0,0,0,0,0,0,0,0,0,0,0,0
K-SWISS,0.29724902,0.0,pics/KS08531110M.jpg,1,0,0,0,0,0,0,0,0,0,0,0,0,0,0,0,0,0,0,0,1,0,0,0,0,0,0
K-SWISS,0.2261522,0.0,pics/KS07943997M.jpg,1,0,0,0,0,0,0,0,0,0,0,0,0,0,1,0,0,0,0,0,0,0,0,0,0,0,0
K-SWISS,0.26866738,0.0,pics/KS07145379M.jpg,0,0,0,0,1,0,0,0,0,0,0,0,0,0,1,0,0,0,0,0,0,0,0,0,0,0,0
K-SWISS,0.09860665,0.0,pics/KS08905130M.jpg,1,0,0,0,0,0,0,0,0,0,0,0,0,0,0,0,0,0,0,0,1,0,0,0,0,0,0
DIADORA,0.23204716,0.14285714,pics/DR501179045C0445.jpg,0,0,0,0,0,0,0,0,0,0,0,0,0,0,0,0,0,0,0,0,1,0,0,0,0,0,0
DIADORA,0.61429082,0.14285714,pics/DR20117968475037.jpg,0,0,0,0,0,1,0,0,0,0,0,0,0,0,0,0,0,0,0,0,0,0,0,1,0,0,0
DIADORA,0.23204716,0.21428571,pics/DR501179005C2217.jpg,0,0,0,0,0,0,0,0,0,0,0,1,0,0,0,0,0,0,0,0,1,0,0,0,0,0,0
ANTA,0.30553769,0.0,pics/AN8123411084.jpg,0,0,0,0,0,0,0,0,1,0,0,0,0,0,0,0,0,0,0,0,1,0,0,0,0,0,0
K-SWISS,0.35119686,0.0,pics/KS08526117M.jpg,1,0,0,0,0,0,0,0,0,0,0,0,0,0,1,0,0,0,0,0,0,0,0,0,0,0,0
DIADORA,0.27774205,0.0,pics/DR501180124C0823.jpg,1,0,0,0,0,0,0,0,0,0,0,0,0,0,0,0,0,0,0,0,1,0,0,0,0,0,0
ANTA,0.07109682,0.0,pics/AN8123388127.jpg,0,0,0,0,0,0,0,0,0,0,0,0,0,1,0,0,0,0,0,0,1,0,0,0,0,0,0
DIADORA,0.61429082,0.07142857,pics/DR101179551D0493.jpg,0,0,0,0,0,0,0,0,0,0,0,0,0,0,0,0,0,0,0,0,1,0,0,0,0,0,0
K-SWISS,0.26866738,0.0,pics/KS08905144M.jpg,1,0,0,0,0,0,0,0,0,0,0,0,0,0,0,0,0,0,0,0,1,0,0,0,0,0,0
K-SWISS,0.26866738,0.0,pics/KS07145229M.jpg,0,0,0,0,0,1,0,0,0,0,0,0,0,0,1,0,0,0,0,0,0,0,0,0,0,0,0
K-SWISS,0.09860665,0.07142857,pics/KS07263192M.jpg,1,0,0,0,0,0,0,0,0,0,0,0,0,0,1,0,0,0,0,0,0,0,0,0,0,0,0
DIADORA,0.18556627,0.07142857,pics/DR101179546C7406.jpg,0,0,0,0,0,0,0,0,0,0,0,0,0,1,1,0,0,0,0,0,0,0,0,0,0,0,0
DIADORA,0.18556627,0.0,pics/DR101179546C9609.jpg,0,0,0,0,0,0,0,0,0,0,1,0,0,0,1,0,0,0,0,0,0,0,0,0,0,0,0
K-SWISS,0.29724902,0.0,pics/KS08531182M.jpg,1,0,0,0,0,0,0,0,0,0,0,0,0,0,0,0,0,0,0,0,1,0,0,0,0,0,0
K-SWISS,0.2261522,0.0,pics/KS07145097M.jpg,0,0,0,0,0,0,0,0,0,0,0,0,0,1,1,0,0,0,0,0,0,0,0,0,0,0,0
ECCO,0.39985709,0.14285714,pics/EC47036401001.jpg,0,0,0,0,0,0,0,0,0,0,0,0,0,1,0,0,1,0,0,0,0,0,0,0,0,0,0
DIADORA,0.38570918,0.21428571,pics/DR20117968460067.jpg,0,0,0,0,0,0,0,0,0,0,0,1,0,0,0,0,0,0,0,0,0,0,0,1,0,0,0
ANTA,0.3598428,0.0,pics/AN8123411061.jpg,0,0,1,0,0,0,0,0,0,0,0,0,0,0,0,0,0,0,0,0,1,0,0,0,0,0,0
K-SWISS,0.25116113,0.0,pics/KS08907148M.jpg,1,0,0,0,0,0,0,0,0,0,0,0,0,0,1,0,0,0,0,0,0,0,0,0,0,0,0
K-SWISS,0.26866738,0.0,pics/KS07943904M.jpg,0,0,0,0,0,0,0,0,0,0,0,0,0,1,1,0,0,0,0,0,0,0,0,0,0,0,0
DIADORA,0.29274741,0.0,pics/DR501178565C6313.jpg,0,0,0,0,0,0,0,0,0,0,0,0,0,0,0,0,0,0,0,0,1,0,0,0,0,0,0
ANTA,0.14255091,0.07142857,pics/AN8124155227.jpg,0,0,0,0,0,0,0,0,0,0,0,0,0,1,0,0,0,0,0,0,1,0,0,0,0,0,0
ANTA,0.17827796,0.14285714,pics/AN8124155015.jpg,0,0,0,0,0,0,0,0,0,0,0,0,0,1,0,0,0,0,0,0,1,0,0,0,0,0,0
LACOSTE,0.60664523,0.07142857,pics/747SMA0055312.jpg,0,0,0,0,0,0,0,0,0,0,0,0,0,1,1,0,0,0,0,0,0,0,0,0,0,0,0
LACOSTE,0.42115041,0.07142857,pics/747SMA0097080.jpg,0,0,0,0,0,0,0,0,0,0,0,0,0,0,1,0,0,0,0,0,0,0,0,0,0,0,0
LACOSTE,0.28545909,0.57142857,pics/747SMA0010GS2.jpg,0,0,0,0,0,0,0,0,0,0,1,0,0,0,1,0,0,0,0,0,0,0,0,0,0,0,0
LACOSTE,0.75334048,0.0,pics/747SMA0028407.jpg,0,0,0,0,0,0,0,0,1,0,0,0,0,0,1,0,0,0,0,0,0,0,0,0,0,0,0
LACOSTE,0.35691318,0.42857143,pics/747SMA00955T9.jpg,0,0,0,0,0,0,0,0,1,0,0,0,0,0,1,0,0,0,0,0,0,0,0,0,0,0,0
ANTA,0.07109682,0.0,pics/AN8124155776.jpg,0,0,0,0,0,0,0,0,0,0,0,0,0,1,0,0,0,0,0,0,1,0,0,0,0,0,0
LACOSTE,0.78528046,0.21428571,pics/747SMA009602H.jpg,0,0,0,0,0,0,0,0,0,0,0,0,0,1,1,0,0,0,0,0,0,0,0,0,0,0,0
ANTA,0.17827796,0.0,pics/AN8124155014.jpg,0,0,0,0,0,0,0,0,0,0,0,0,0,1,0,0,0,0,0,0,1,0,0,0,0,0,0
LACOSTE,0.28545909,0.0,pics/745SMA120021G.jpg,1,0,0,0,0,0,0,0,0,0,0,0,0,0,1,0,0,0,0,0,0,0,0,0,0,0,0
LACOSTE,0.55326902,0.14285714,pics/747SMA0098GS2.jpg,0,0,0,0,0,0,0,0,0,0,1,0,0,0,0,0,1,0,0,0,0,0,0,0,0,0,0
LACOSTE,0.42822437,0.14285714,pics/747SMA0014ANS.jpg,0,0,0,0,0,0,0,0,0,0,0,0,0,0,0,0,1,0,0,0,0,0,0,0,0,0,0
LACOSTE,0.33904966,0.35714286,pics/747SMA0008ABQ.jpg,0,0,0,0,0,0,0,1,0,0,0,0,0,0,1,0,0,0,0,0,0,0,0,0,0,0,0
ANTA,0.02304394,0.28571429,pics/AN8124155771.jpg,0,0,0,0,0,0,0,0,0,0,1,0,0,0,0,0,0,0,0,0,1,0,0,0,0,0,0
ANTA,0.10682387,0.0,pics/AN8124155201.jpg,0,0,0,0,0,0,0,0,0,0,0,0,0,0,0,0,0,0,0,0,1,0,0,0,0,0,0
LACOSTE,0.47824223,0.0,pics/747SMA0056WN1.jpg,0,0,0,0,0,0,0,0,0,0,0,0,0,0,1,0,0,0,0,0,0,0,0,0,0,0,0
LACOSTE,0.42115041,0.21428571,pics/747SMA0097286.jpg,0,0,0,0,0,0,0,0,0,0,0,0,0,0,1,0,0,0,0,0,0,0,0,0,0,0,0
LACOSTE,0.28545909,0.0,pics/747SMA0017J18.jpg,0,0,0,0,0,0,0,0,0,0,0,1,0,0,1,0,0,0,0,0,0,0,0,0,0,0,0
LACOSTE,0.33904966,0.14285714,pics/747SMA0008BG3.jpg,0,0,0,0,0,0,0,0,0,0,0,1,0,0,1,0,0,0,0,0,0,0,0,0,0,0,0
LACOSTE,0.35684173,0.07142857,pics/747SMA00532J8.jpg,0,0,0,0,0,0,0,0,0,0,0,0,0,0,1,0,0,0,0,0,0,0,0,0,0,0,0
ANTA,0.17827796,0.07142857,pics/AN8124155011.jpg,0,0,0,0,0,0,0,0,0,0,0,0,0,0,0,0,0,0,0,0,1,0,0,0,0,0,0
LACOSTE,0.33904966,0.07142857,pics/747SMA000521G.jpg,1,0,0,0,0,0,0,0,0,0,0,0,0,0,1,0,0,0,0,0,0,0,0,0,0,0,0
LACOSTE,0.80335834,0.0,pics/747SMA0032WO1.jpg,0,0,0,0,0,0,0,0,0,0,0,0,0,0,1,0,0,0,0,0,0,0,0,0,0,0,0
LACOSTE,0.42115041,0.14285714,pics/747SMA0103LT3.jpg,0,0,0,0,0,1,0,0,0,0,0,0,0,0,1,0,0,0,0,0,0,0,0,0,0,0,0
ANTA,0.14262237,0.14285714,pics/AN8124155225.jpg,0,0,0,0,0,0,0,0,0,0,1,0,0,0,0,0,0,0,0,0,1,0,0,0,0,0,0
LACOSTE,0.33904966,0.14285714,pics/747SMA0020GS2.jpg,0,0,0,0,0,0,0,0,0,0,1,0,0,0,1,0,0,0,0,0,0,0,0,0,0,0,0
LACOSTE,0.42115041,0.21428571,pics/747SMA0061147.jpg,1,0,0,0,0,0,0,0,0,0,0,0,0,0,0,0,0,0,0,0,0,0,0,0,0,1,0
LACOSTE,0.42115041,0.07142857,pics/746SMA011021G.jpg,1,0,0,0,0,0,0,0,0,0,0,0,0,0,0,0,0,0,0,0,0,0,0,0,0,1,0
LACOSTE,0.47824223,0.0,pics/747SMA0056WG1.jpg,0,0,0,0,0,0,0,0,0,0,0,0,0,0,1,0,0,0,0,0,0,0,0,0,0,0,0
ANTA,0.17827796,0.14285714,pics/AN8124155313.jpg,0,0,0,0,0,0,0,0,0,0,1,0,0,0,0,0,0,0,0,0,1,0,0,0,0,0,0
ANTA,0.07109682,0.21428571,pics/AN8124180123.jpg,0,0,0,0,0,0,0,0,0,0,0,0,0,0,0,0,0,0,0,0,1,0,0,0,0,0,0
ASICS,0.17838514,0.0,pics/AS1011B492026.jpg,0,0,0,0,0,0,0,0,0,0,1,0,0,0,0,0,0,0,0,1,0,0,0,0,0,0,0
NEW BALANCE,0.46409432,0.0,pics/NBBB480COC.jpg,1,0,0,0,0,0,0,0,0,0,0,0,0,0,0,0,1,0,0,0,0,0,0,0,0,0,0
LACOSTE,0.44258664,0.14285714,pics/747SMA00751Y5.jpg,0,0,0,0,0,0,0,0,0,0,1,0,0,0,1,0,0,0,0,0,0,0,0,0,0,0,0
NEW BALANCE,0.46409432,0.28571429,pics/NBBB480COB.jpg,0,0,0,0,0,0,0,0,0,0,0,0,0,1,0,0,1,0,0,0,0,0,0,0,0,0,0
ANTA,0.07109682,0.14285714,pics/AN8124180122.jpg,0,0,0,0,0,0,0,0,0,0,0,0,0,1,0,0,0,0,0,0,1,0,0,0,0,0,0
ASICS,0.32854591,0.07142857,pics/AS1011B332400.jpg,0,0,0,0,0,0,0,0,0,0,0,1,0,0,1,0,0,0,0,0,0,0,0,0,0,0,0
NEW BALANCE,0.39264023,0.07142857,pics/NBBB480LWA.jpg,0,0,0,1,0,0,0,0,0,0,0,0,0,0,0,0,1,0,0,0,0,0,0,0,0,0,0
ASICS,0.32136477,0.14285714,pics/AS1201A631007.jpg,0,0,0,0,0,0,0,0,0,0,0,0,0,1,0,1,0,0,0,0,0,0,0,0,0,0,0
ANTA,0.07702751,0.07142857,pics/AN8124155013.jpg,0,0,0,0,0,0,0,0,0,0,0,0,0,1,0,0,0,0,0,0,1,0,0,0,0,0,0
ANTA,0.16337978,0.0,pics/AN8124177113.jpg,0,0,0,0,0,0,0,0,0,0,0,0,0,1,0,0,0,0,0,0,1,0,0,0,0,0,0
ANTA,0.07109682,0.07142857,pics/AN8124180124.jpg,0,0,0,0,0,0,0,0,0,0,0,0,0,0,0,0,0,0,0,0,1,0,0,0,0,0,0
ANTA,0.14255091,0.0,pics/AN8124180406.jpg,0,0,0,0,0,0,0,0,0,0,0,0,0,0,0,0,0,0,0,0,1,0,0,0,0,0,0
LACOSTE,0.42822437,0.07142857,pics/743SMA0064407.jpg,0,0,0,0,0,0,0,0,1,0,0,0,0,0,1,0,0,0,0,0,0,0,0,0,0,0,0
ANTA,0.14255091,0.07142857,pics/AN8124177881.jpg,0,0,0,0,0,0,0,0,0,0,0,0,0,1,0,0,0,0,0,0,1,0,0,0,0,0,0
NEW BALANCE,0.39264023,0.0,pics/NBBB480LHJ.jpg,0,0,0,0,0,0,0,0,0,0,0,0,0,1,0,0,1,0,0,0,0,0,0,0,0,0,0
ASICS,0.442801,0.14285714,pics/AS1201A779020.jpg,0,0,0,0,0,0,0,0,0,0,1,0,0,0,1,0,0,0,0,0,0,0,0,0,0,0,0
ASICS,0.55705609,0.07142857,pics/AS1201A435001.jpg,0,0,0,0,0,0,0,0,0,0,0,0,0,1,0,1,0,0,0,0,0,0,0,0,0,0,0
ANTA,0.14255091,0.21428571,pics/AN8124180404.jpg,0,0,0,0,0,0,0,0,0,0,0,0,0,0,0,0,0,0,0,0,1,0,0,0,0,0,0
ANTA,0.19692747,0.07142857,pics/AN8124177883.jpg,0,0,0,0,0,0,0,0,0,0,0,0,0,0,0,0,0,0,0,0,1,0,0,0,0,0,0
ANTA,0.14255091,0.0,pics/AN8124180408.jpg,0,0,0,0,0,0,0,0,0,0,0,0,0,0,0,0,0,0,0,0,1,0,0,0,0,0,0
ASICS,0.21293319,0.0,pics/AS1201A860100.jpg,1,0,0,0,0,0,0,0,0,0,0,0,0,0,1,0,0,0,0,0,0,0,0,0,0,0,0
ANTA,0.17827796,0.0,pics/AN8124177117.jpg,0,0,0,0,0,0,0,0,0,0,1,0,0,0,0,0,0,0,0,0,1,0,0,0,0,0,0
NEW BALANCE,0.46409432,0.07142857,pics/NBBB480COA.jpg,1,0,0,0,0,0,0,0,0,0,0,0,0,0,0,0,1,0,0,0,0,0,0,0,0,0,0
NEW BALANCE,0.39264023,0.07142857,pics/NBBB480LBA.jpg,0,0,0,0,0,0,0,0,0,0,0,0,0,1,0,0,1,0,0,0,0,0,0,0,0,0,0
DIADORA,0.25709182,0.0,pics/DR101180252C7406.jpg,0,0,0,0,0,0,0,0,0,0,0,0,0,1,1,0,0,0,0,0,0,0,0,0,0,0,0
ANTA,0.17827796,0.21428571,pics/AN8124155016.jpg,0,0,0,0,0,0,0,0,0,0,0,0,0,1,0,0,0,0,0,0,1,0,0,0,0,0,0
ASICS,0.62854591,0.07142857,pics/AS1011B203002.jpg,0,0,0,0,0,0,0,0,0,0,0,0,0,1,1,0,0,0,0,0,0,0,0,0,0,0,0
ERKE,0.02858164,0.14285714,pics/ER11124101034001.jpg,0,0,0,0,0,0,0,0,0,0,0,0,0,0,0,0,0,0,0,0,1,0,0,0,0,0,0
ERKE,0.01000357,0.21428571,pics/ER11124101123005.jpg,0,0,0,0,0,0,0,0,1,0,0,0,0,0,0,0,0,0,0,0,1,0,0,0,0,0,0
ERKE,0.01000357,0.07142857,pics/ER11124101123004.jpg,1,0,0,0,0,0,0,0,0,0,0,0,0,0,0,0,0,0,0,0,1,0,0,0,0,0,0
ERKE,0.04287245,0.07142857,pics/ER11123402011002.jpg,0,0,0,0,0,0,0,0,0,0,0,0,0,0,0,0,0,0,0,0,1,0,0,0,0,0,0
ERKE,0.07145409,0.0,pics/ER11123401094003.jpg,0,0,0,0,0,0,0,0,0,0,0,0,0,1,0,0,0,0,0,0,1,0,0,0,0,0,0
ERKE,0.02000715,0.0,pics/ER11124101050004.jpg,0,0,0,0,0,0,0,0,0,0,0,0,0,0,0,0,0,0,0,0,1,0,0,0,0,0,0
ERKE,0.01714898,0.07142857,pics/ER11124101133004.jpg,1,0,0,0,0,0,0,0,0,0,0,0,0,0,0,0,0,0,0,0,1,0,0,0,0,0,0
ERKE,0.02000715,0.14285714,pics/ER11124101050005.jpg,0,0,0,0,0,0,0,0,0,0,0,0,0,0,0,0,0,0,0,0,1,0,0,0,0,0,0
ERKE,0.02858164,0.21428571,pics/ER11123401332001.jpg,0,0,0,0,0,0,0,0,0,0,0,0,0,1,0,0,0,0,0,0,1,0,0,0,0,0,0
ERKE,0.07145409,0.07142857,pics/ER11123401094001.jpg,1,0,0,0,0,0,0,0,0,0,0,0,0,0,0,0,0,0,0,0,1,0,0,0,0,0,0
ERKE,0.03858521,0.14285714,pics/ER11123401217001.jpg,0,0,0,0,0,0,0,0,0,0,0,0,0,1,0,0,0,0,0,0,1,0,0,0,0,0,0
ERKE,0.02858164,0.07142857,pics/ER11123401338002.jpg,0,0,0,0,0,0,0,0,0,0,0,0,0,1,0,0,0,0,0,0,1,0,0,0,0,0,0
ERKE,0.07145409,0.0,pics/ER11124101042005.jpg,0,0,0,0,0,0,0,0,0,0,0,0,0,1,0,0,0,0,0,0,1,0,0,0,0,0,0
ERKE,0.02858164,0.14285714,pics/ER11123401160003.jpg,0,0,0,0,0,0,0,0,1,0,0,0,0,0,0,0,0,0,0,0,1,0,0,0,0,0,0
ERKE,0.02858164,0.21428571,pics/ER11123401338003.jpg,0,0,0,0,0,0,0,0,0,0,0,0,0,0,0,0,0,0,0,0,1,0,0,0,0,0,0
ERKE,0.02858164,0.28571429,pics/ER11123402166005.jpg,0,0,0,0,0,0,0,0,0,0,0,0,0,1,0,0,0,0,0,0,1,0,0,0,0,0,0
ERKE,0.12861736,0.0,pics/ER11124101042002.jpg,0,0,0,0,0,0,0,0,0,0,0,0,0,0,0,0,0,0,0,0,1,0,0,0,0,0,0
TOMMY JEANS,0.28545909,0.28571429,pics/TMEM0EM01081BDS.jpg,0,0,0,0,0,0,0,0,0,0,0,0,0,1,0,0,0,0,0,0,1,0,0,0,0,0,0
TOMMY JEANS,0.39264023,0.14285714,pics/TMEM0EM01332YBI.jpg,0,0,0,0,0,0,0,0,0,0,0,0,0,0,0,0,1,0,0,0,0,0,0,0,0,0,0
TOMMY JEANS,0.46409432,0.14285714,pics/TMEM0EM01287BDS.jpg,0,0,0,0,0,0,0,0,0,0,0,0,0,1,0,0,1,0,0,0,0,0,0,0,0,0,0
ADIDAS,0.46409432,0.28571429,pics/ADHQ8708R00.jpg,0,0,0,0,0,0,0,0,0,0,0,0,0,1,1,0,0,0,0,0,0,0,0,0,0,0,0
UNDER ARMOUR,0.05702036,0.28571429,pics/UA3026999001.jpg,0,0,0,0,0,0,0,0,0,0,0,0,0,1,1,0,0,0,0,0,0,0,0,0,0,0,0
TOMMY JEANS,0.33904966,0.07142857,pics/TMEM0EM00955YBR.jpg,1,0,0,0,0,0,0,0,0,0,0,0,0,0,1,0,0,0,0,0,0,0,0,0,0,0,0
UNDER ARMOUR,0.05702036,0.28571429,pics/UA3026999105.jpg,0,0,0,0,0,0,0,0,0,0,1,0,0,0,1,0,0,0,0,0,0,0,0,0,0,0,0
ADIDAS,0.51768489,0.5,pics/ADBB5478R00.jpg,0,0,0,0,0,0,0,0,0,0,0,1,0,0,1,0,0,0,0,0,0,0,0,0,0,0,0
TOMMY HILFIGER,0.33904966,0.14285714,pics/TMFM0FM04727BDS.jpg,0,0,0,0,0,0,0,0,0,0,0,0,0,1,1,0,0,0,0,0,0,0,0,0,0,0,0
UNDER ARMOUR,0.15705609,0.21428571,pics/UA3027177100.jpg,1,0,0,0,0,0,0,0,0,0,0,0,0,0,1,0,0,0,0,0,0,0,0,0,0,0,0
UNDER ARMOUR,0.07131118,0.28571429,pics/UA3026175004.jpg,0,0,0,0,0,0,0,0,0,0,0,0,0,1,1,0,0,0,0,0,0,0,0,0,0,0,0
UNDER ARMOUR,0.09989282,0.0,pics/UA3026135001.jpg,0,0,0,0,0,0,0,0,0,0,0,0,0,1,1,0,0,0,0,0,0,0,0,0,0,0,0
ADIDAS,0.42836727,0.64285714,pics/ADIG6143R00.jpg,0,0,0,0,0,0,0,0,0,0,1,0,0,0,0,0,0,0,0,0,1,0,0,0,0,0,0
ADIDAS,0.34655234,0.71428571,pics/ADIG6142R00.jpg,0,0,0,0,0,0,0,0,0,0,0,0,0,0,0,0,0,0,0,0,1,0,0,0,0,0,0
ADIDAS,0.46409432,0.57142857,pics/ADHQ8707R00.jpg,0,0,0,0,0,0,0,0,0,0,1,0,0,0,1,0,0,0,0,0,0,0,0,0,0,0,0
TOMMY JEANS,0.28545909,0.14285714,pics/TMEM0EM01081C87.jpg,0,0,0,0,0,0,0,0,0,0,0,1,0,0,0,0,0,0,0,0,1,0,0,0,0,0,0
TOMMY JEANS,0.33904966,0.28571429,pics/TMEM0EM012550K4.jpg,0,0,0,0,0,0,0,0,0,0,0,0,0,0,0,0,1,0,0,0,0,0,0,0,0,0,0
TOMMY JEANS,0.42836727,0.07142857,pics/TMEM0EM01265XJS.jpg,0,0,0,0,0,0,0,0,0,0,0,0,0,1,0,0,0,0,0,0,1,0,0,0,0,0,0
TOMMY JEANS,0.49982136,0.0,pics/TMEM0EM01288TCR.jpg,1,0,0,0,0,0,0,0,0,0,0,0,0,0,0,0,1,0,0,0,0,0,0,0,0,0,0
UNDER ARMOUR,0.05702036,0.21428571,pics/UA3026999003.jpg,0,0,0,0,0,0,0,0,0,0,0,0,0,1,1,0,0,0,0,0,0,0,0,0,0,0,0
TOMMY JEANS,0.42836727,0.07142857,pics/TMEM0EM01265YBL.jpg,0,0,0,0,0,0,0,0,1,0,0,0,0,0,0,0,0,0,0,0,1,0,0,0,0,0,0
TOMMY JEANS,0.33904966,0.28571429,pics/TMEM0EM009550GK.jpg,0,0,0,0,0,0,0,0,0,0,0,0,0,1,1,0,0,0,0,0,0,0,0,0,0,0,0
UNDER ARMOUR,0.05702036,0.21428571,pics/UA3026999106.jpg,1,0,0,0,0,0,0,0,0,0,0,0,0,0,1,0,0,0,0,0,0,0,0,0,0,0,0
TOMMY HILFIGER,0.33904966,0.14285714,pics/TMFM0FM04827YBS.jpg,1,0,0,0,0,0,0,0,0,0,0,0,0,0,0,0,0,0,0,0,1,0,0,0,0,0,0
UNDER ARMOUR,0.15705609,0.07142857,pics/UA3027177600.jpg,0,0,0,0,0,0,1,0,0,0,0,0,0,0,1,0,0,0,0,0,0,0,0,0,0,0,0
TOMMY JEANS,0.33904966,0.21428571,pics/TMEM0EM01068YBR.jpg,1,0,0,0,0,0,0,0,0,0,0,0,0,0,0,0,0,0,0,0,1,0,0,0,0,0,0
UNDER ARMOUR,0.15705609,0.21428571,pics/UA3027177001.jpg,0,0,0,0,0,0,0,0,0,0,0,0,0,1,1,0,0,0,0,0,0,0,0,0,0,0,0
UNDER ARMOUR,0.07131118,0.14285714,pics/UA3026175001.jpg,0,0,0,0,0,0,0,0,0,0,0,0,0,1,1,0,0,0,0,0,0,0,0,0,0,0,0
UNDER ARMOUR,0.07131118,0.28571429,pics/UA3026175104.jpg,1,0,0,0,0,0,0,0,0,0,0,0,0,0,1,0,0,0,0,0,0,0,0,0,0,0,0
TOMMY HILFIGER,0.35691318,0.21428571,pics/TMFM0FM04727YBS.jpg,1,0,0,0,0,0,0,0,0,0,0,0,0,0,1,0,0,0,0,0,0,0,0,0,0,0,0
PUMA,0.53554841,0.07142857,pics/PM39821002.jpg,0,0,0,0,0,0,0,0,0,0,0,0,0,1,1,0,0,0,0,0,0,0,0,0,0,0,0
LACOSTE,0.67809932,0.42857143,pics/747SMA0115312.jpg,0,0,0,0,0,0,0,0,0,0,0,0,0,1,0,0,1,0,0,0,0,0,0,0,0,0,0
ADIDAS,0.64272955,0.35714286,pics/ADJI2060R00.jpg,0,0,0,0,0,0,0,0,0,0,0,0,0,1,0,0,1,0,0,0,0,0,0,0,0,0,0
ADIDAS,0.64272955,0.35714286,pics/ADIH2626R00.jpg,0,0,0,0,1,0,0,0,0,0,0,0,0,0,1,0,0,0,0,0,0,0,0,0,0,0,0
ADIDAS,0.64272955,0.57142857,pics/ADJI2061R00.jpg,0,0,1,0,0,0,0,0,0,0,0,0,0,0,0,0,1,0,0,0,0,0,0,0,0,0,0
ADIDAS,0.64272955,0.64285714,pics/ADIH0203R00.jpg,0,0,0,0,0,0,0,0,0,0,0,0,0,0,1,0,0,0,0,0,0,0,0,0,0,0,0
DIADORA,0.32118614,0.21428571,pics/DR50118144175100.jpg,0,0,0,0,1,0,0,0,0,0,0,0,0,0,1,0,0,0,0,0,0,0,0,0,0,0,0
ADIDAS,0.46409432,0.28571429,pics/ADJI1918R00.jpg,1,0,0,0,0,0,0,0,0,0,0,0,0,0,0,0,1,0,0,0,0,0,0,0,0,0,0
LACOSTE,0.8210075,0.42857143,pics/746SMA0123075.jpg,0,0,0,0,0,0,0,0,0,0,0,0,0,1,0,0,1,0,0,0,0,0,0,0,0,0,0
ADIDAS,0.6070025,0.07142857,pics/ADIF1959R00.jpg,0,0,0,0,0,0,0,0,0,0,0,0,0,0,1,0,0,0,0,0,0,0,0,0,0,0,0
PUMA,0.39264023,0.21428571,pics/PM39684104.jpg,0,0,0,0,0,0,0,0,0,0,0,0,0,1,1,0,0,0,0,0,0,0,0,0,0,0,0
ADIDAS,0.46409432,0.0,pics/ADID1372R00.jpg,0,0,0,0,0,0,0,0,0,0,0,0,0,1,0,0,1,0,0,0,0,0,0,0,0,0,0
NIKE,0.6070025,0.28571429,pics/NKFQ8899100.jpg,0,0,0,0,0,0,0,0,0,0,0,0,0,1,0,0,1,0,0,0,0,0,0,0,0,0,0
ADIDAS,0.6070025,0.57142857,pics/ADIG4644R00.jpg,0,0,0,0,0,0,0,0,1,0,0,0,0,0,0,0,1,0,0,0,0,0,0,0,0,0,0
PUMA,0.53554841,0.21428571,pics/PM39821601.jpg,0,0,0,0,0,0,0,0,1,0,0,0,0,0,1,0,0,0,0,0,0,0,0,0,0,0,0
NIKE,0.71418364,0.35714286,pics/NKFB8825111.jpg,0,0,0,0,0,0,0,0,0,0,0,0,0,0,0,0,0,0,0,0,1,0,0,0,0,0,0
PUMA,0.53554841,0.28571429,pics/PM39590812.jpg,0,0,0,0,0,0,0,0,0,0,1,0,0,0,1,0,0,0,0,0,0,0,0,0,0,0,0
PUMA,0.53554841,0.07142857,pics/PM39590813.jpg,0,0,0,0,0,0,0,0,0,0,1,0,0,0,1,0,0,0,0,0,0,0,0,0,0,0,0
PUMA,0.53554841,0.07142857,pics/PM39820202.jpg,0,0,0,0,0,0,0,0,0,0,0,0,0,1,1,0,0,0,0,0,0,0,0,0,0,0,0
LACOSTE,0.60664523,0.07142857,pics/748SMA0064454.jpg,0,0,0,0,0,0,0,0,1,0,0,0,0,0,0,0,1,0,0,0,0,0,0,0,0,0,0
ADIDAS,0.53554841,0.21428571,pics/ADBB5497R00.jpg,0,0,0,0,0,0,0,0,0,0,0,0,0,1,0,0,1,0,0,0,0,0,0,0,0,0,0
NIKE,0.6070025,0.92857143,pics/NKFZ4621001.jpg,0,0,0,0,0,0,0,0,0,0,1,0,0,0,0,0,1,0,0,0,0,0,0,0,0,0,0
NIKE,0.6070025,0.71428571,pics/NKHF5384300.jpg,0,0,0,0,1,0,0,0,0,0,0,0,0,0,0,0,1,0,0,0,0,0,0,0,0,0,0
NIKE,0.6070025,0.64285714,pics/NKFZ4349100.jpg,0,0,0,0,0,0,0,0,0,0,0,0,1,0,0,0,1,0,0,0,0,0,0,0,0,0,0
PUMA,0.53554841,0.07142857,pics/PM39820201.jpg,1,0,0,0,0,0,0,0,0,0,0,0,0,0,1,0,0,0,0,0,0,0,0,0,0,0,0
PUMA,0.53554841,0.14285714,pics/PM39821006.jpg,0,0,0,0,0,0,0,0,0,0,0,0,0,1,1,0,0,0,0,0,0,0,0,0,0,0,0
PUMA,0.53554841,0.07142857,pics/PM39821602.jpg,0,0,0,0,0,0,0,0,1,0,0,0,0,0,1,0,0,0,0,0,0,0,0,0,0,0,0
ADIDAS,0.49374777,0.64285714,pics/ADEE6461R00.jpg,0,0,0,0,0,0,0,0,0,0,0,0,0,1,1,0,0,0,0,0,0,0,0,0,0,0,0
ADIDAS,0.57127546,0.28571429,pics/ADB75806R00.jpg,1,0,0,0,0,0,0,0,0,0,0,0,0,0,0,1,0,0,0,0,0,0,0,0,0,0,0
ADIDAS,0.35691318,0.0,pics/ADIH7970R00.jpg,0,0,0,0,0,0,0,0,0,0,0,1,0,0,1,0,0,0,0,0,0,0,0,0,0,0,0
ANTA,0.15087531,0.28571429,pics/AN8124288905.jpg,0,0,0,0,0,0,0,0,0,0,1,0,0,0,0,0,0,0,0,0,1,0,0,0,0,0,0
DIADORA,0.75359057,0.21428571,pics/DR201178601C0673.jpg,0,0,0,0,0,0,1,0,0,0,0,0,0,0,0,0,0,0,1,0,0,0,0,0,0,0,0
EA7,0.57852805,0.07142857,pics/EA7X8X089XK234T539.jpg,1,0,0,0,0,0,0,0,0,0,0,0,0,0,0,0,1,0,0,0,0,0,0,0,0,0,0
PUMA,0.46409432,0.14285714,pics/PM39077623.jpg,0,0,0,0,0,0,0,0,0,0,0,0,0,1,1,0,0,0,0,0,0,0,0,0,0,0,0
ANTA,0.14255091,0.28571429,pics/AN8124288908.jpg,0,0,0,0,0,1,0,0,0,0,0,0,0,0,0,0,0,0,0,0,1,0,0,0,0,0,0
ETONIC,0.1161129,0.28571429,pics/ETM418E3101.jpg,0,0,0,0,0,0,0,0,0,0,1,0,0,0,0,0,0,0,0,0,1,0,0,0,0,0,0
REEBOK,0.30364416,0.0,pics/RB100206597R00.jpg,0,0,1,0,0,0,0,0,0,0,0,0,0,0,1,0,0,0,0,0,0,0,0,0,0,0,0
DIADORA,0.65355484,0.0,pics/DR201158569C6664.jpg,0,0,0,0,0,0,0,0,1,0,0,0,0,0,0,0,0,0,0,0,0,0,1,0,0,0,0
ANTA,0.14255091,0.14285714,pics/AN8124288903.jpg,0,0,0,0,0,0,0,0,0,0,0,0,0,0,0,0,0,0,0,0,1,0,0,0,0,0,0
ETONIC,0.0785995,0.28571429,pics/ETM418E3301.jpg,0,0,0,0,0,0,0,0,0,0,1,0,0,0,0,0,0,0,0,0,1,0,0,0,0,0,0
DIADORA,0.08910325,0.07142857,pics/DR101180238C0200.jpg,0,0,0,0,0,0,0,0,0,0,0,0,0,1,0,0,0,0,0,0,1,0,0,0,0,0,0
DIADORA,0.05694891,0.0,pics/DR101180242C7406.jpg,0,0,0,0,0,0,0,0,0,0,0,0,0,1,0,0,0,0,0,0,1,0,0,0,0,0,0
DIADORA,0.16841729,0.21428571,pics/DR101178042D0906.jpg,0,0,0,0,0,0,0,0,1,0,0,0,0,0,1,0,0,0,0,0,0,0,0,0,0,0,0
ANTA,0.11911397,0.21428571,pics/AN8124288902.jpg,0,0,0,0,0,1,0,0,0,0,0,0,0,0,0,0,0,0,0,0,1,0,0,0,0,0,0
DIADORA,0.63572705,0.0,pics/DR201158569C3130.jpg,0,0,0,0,0,0,0,0,0,0,0,1,0,0,0,0,0,0,0,0,0,0,1,0,0,0,0
DIADORA,0.37845659,0.07142857,pics/DR501178301C5262.jpg,0,0,0,0,0,0,0,0,0,0,0,0,0,0,0,0,0,0,0,0,1,0,0,0,0,0,0
DIADORA,0.40346552,0.42857143,pics/DR20117782930179.jpg,0,0,0,0,0,1,0,0,0,0,0,0,0,0,0,0,0,0,1,0,0,0,0,0,0,0,0
ANTA,0.14255091,0.21428571,pics/AN8124288901.jpg,0,0,0,0,0,0,0,0,1,0,0,0,0,0,0,0,0,0,0,0,1,0,0,0,0,0,0
PUMA,0.35691318,0.14285714,pics/PM39592002.jpg,0,0,0,0,0,0,0,0,0,0,1,0,0,0,0,0,0,0,0,0,1,0,0,0,0,0,0
ANTA,0.14255091,0.21428571,pics/AN8124188514.jpg,0,0,0,0,0,0,0,0,0,0,1,0,0,0,0,0,0,0,0,0,1,0,0,0,0,0,0
EA7,0.57852805,0.07142857,pics/EA7X8X089XK234Q289.jpg,0,0,0,0,0,0,0,0,0,0,0,0,0,1,0,0,1,0,0,0,0,0,0,0,0,0,0
DIADORA,0.08910325,0.0,pics/DR101180238C7406.jpg,0,0,0,0,0,0,0,0,0,0,0,0,0,1,0,0,0,0,0,0,1,0,0,0,0,0,0
ANTA,0.14255091,0.21428571,pics/AN8124188513.jpg,0,0,0,0,0,0,0,0,0,0,0,0,0,0,0,0,0,0,0,0,1,0,0,0,0,0,0
EA7,0.57852805,0.07142857,pics/EA7X8X027XK050T603.jpg,1,0,0,0,0,0,0,0,0,0,0,0,0,0,0,0,1,0,0,0,0,0,0,0,0,0,0
EA7,0.47849232,0.0,pics/EA7X8X173XK374N181.jpg,0,0,0,0,0,0,0,0,0,0,0,0,0,1,0,0,1,0,0,0,0,0,0,0,0,0,0
ANTA,0.14255091,0.28571429,pics/AN8124288906.jpg,0,0,0,0,0,0,0,0,0,0,0,0,0,1,0,0,0,0,0,0,1,0,0,0,0,0,0
ANTA,0.14255091,0.28571429,pics/AN8124188512.jpg,0,0,0,0,0,0,0,0,0,0,0,0,0,1,0,0,0,0,0,0,1,0,0,0,0,0,0
REEBOK,0.30364416,0.14285714,pics/RB100206594R00.jpg,0,0,0,0,1,0,0,0,0,0,0,0,0,0,1,0,0,0,0,0,0,0,0,0,0,0,0
DIADORA,0.16841729,0.28571429,pics/DR10117804275029.jpg,0,0,0,0,0,0,0,0,1,0,0,0,0,0,1,0,0,0,0,0,0,0,0,0,0,0,0
ANTA,0.17827796,0.21428571,pics/AN8124188912.jpg,0,0,0,0,0,0,0,0,0,0,0,0,0,1,0,0,0,0,0,0,1,0,0,0,0,0,0
ANTA,0.04608789,0.28571429,pics/AN8124188408.jpg,0,0,0,0,0,0,0,0,0,0,1,0,0,0,0,0,0,0,0,0,1,0,0,0,0,0,0
REEBOK,0.12861736,0.21428571,pics/RB100075206R00.jpg,1,0,0,0,0,0,0,0,0,0,0,0,0,0,1,0,0,0,0,0,0,0,0,0,0,0,0
REEBOK,0.27863523,0.0,pics/RB100074434R00.jpg,0,0,0,0,0,1,0,0,0,0,0,0,0,0,1,0,0,0,0,0,0,0,0,0,0,0,0
ADIDAS,0.46409432,0.71428571,pics/ADIF8774R00.jpg,0,0,0,0,0,1,0,0,0,0,0,0,0,0,1,0,0,0,0,0,0,0,0,0,0,0,0
ECCO,0.22851018,0.21428571,pics/EC82381460770.jpg,0,0,0,0,0,1,0,0,0,0,0,0,0,0,0,0,0,0,0,0,0,0,0,0,0,1,0
ADIDAS,0.35691318,0.21428571,pics/ADIG3754R00.jpg,1,0,0,0,0,0,0,0,0,0,0,0,0,0,0,0,0,0,0,0,1,0,0,0,0,0,0
ADIDAS,0.39264023,0.28571429,pics/ADIG3755R00.jpg,1,0,0,0,0,0,0,0,0,0,0,0,0,0,0,0,0,0,0,0,1,0,0,0,0,0,0
ANTA,0.214005,0.14285714,pics/AN8124188914.jpg,0,0,0,0,0,0,0,0,0,0,0,0,0,1,0,0,0,0,0,0,1,0,0,0,0,0,0
REEBOK,0.28545909,0.28571429,pics/RB100074661R00.jpg,0,0,0,0,0,0,0,0,0,0,1,0,0,0,1,0,0,0,0,0,0,0,0,0,0,0,0
ADIDAS,0.51768489,0.35714286,pics/ADB41645R00.jpg,0,1,0,0,0,0,0,0,0,0,0,0,0,0,1,0,0,0,0,0,0,0,0,0,0,0,0
REEBOK,0.14991068,0.57142857,pics/RB100033737R00.jpg,1,0,0,0,0,0,0,0,0,0,0,0,0,0,1,0,0,0,0,0,0,0,0,0,0,0,0
ANTA,0.10682387,0.07142857,pics/AN8124177181.jpg,1,0,0,0,0,0,0,0,0,0,0,0,0,0,0,0,0,0,0,0,1,0,0,0,0,0,0
ECCO,0.14276527,0.28571429,pics/EC52140460949.jpg,0,0,0,0,1,0,0,0,0,0,0,0,0,0,0,0,0,0,0,0,1,0,0,0,0,0,0
ANTA,0.214005,0.21428571,pics/AN8124188916.jpg,0,0,0,0,0,0,0,0,0,0,0,0,0,0,0,0,0,0,0,0,1,0,0,0,0,0,0
REEBOK,0.30364416,0.0,pics/RB100206593R00.jpg,0,0,0,1,0,0,0,0,0,0,0,0,0,0,1,0,0,0,0,0,0,0,0,0,0,0,0
REEBOK,0.28545909,0.28571429,pics/RB100206592R00.jpg,0,0,0,0,0,0,0,0,0,0,0,0,0,1,1,0,0,0,0,0,0,0,0,0,0,0,0
REEBOK,0.214005,0.64285714,pics/RB100074941R00.jpg,0,0,0,0,0,0,0,0,0,0,0,0,0,0,1,0,0,0,0,0,0,0,0,0,0,0,0
REEBOK,0.24973205,0.35714286,pics/RB100000154R00.jpg,1,0,0,0,0,0,0,0,0,0,0,0,0,0,1,0,0,0,0,0,0,0,0,0,0,0,0
REEBOK,0.11432655,0.0,pics/RB100074739R00.jpg,0,0,0,0,0,0,0,0,1,0,0,0,0,0,1,0,0,0,0,0,0,0,0,0,0,0,0
ANTA,0.17827796,0.14285714,pics/AN8124177183.jpg,0,0,0,0,0,0,0,0,0,0,0,0,0,1,0,0,0,0,0,0,1,0,0,0,0,0,0
ANTA,0.14255091,0.14285714,pics/AN8124188401.jpg,0,0,0,0,0,0,0,0,0,0,0,0,0,1,0,0,0,0,0,0,1,0,0,0,0,0,0
REEBOK,0.10003573,0.0,pics/RB100074210R00.jpg,1,0,0,0,0,0,0,0,0,0,0,0,0,0,1,0,0,0,0,0,0,0,0,0,0,0,0
ANTA,0.17827796,0.21428571,pics/AN8124188917.jpg,0,0,0,0,0,0,0,0,0,0,0,0,0,0,0,0,0,0,0,0,1,0,0,0,0,0,0
ANTA,0.14255091,0.28571429,pics/AN8124188406.jpg,0,0,0,0,0,0,0,0,0,0,0,0,0,1,0,0,0,0,0,0,1,0,0,0,0,0,0
ANTA,0.10682387,0.21428571,pics/AN8124177184.jpg,0,0,1,0,0,0,0,0,0,0,0,0,0,0,0,0,0,0,0,0,1,0,0,0,0,0,0
REEBOK,0.10003573,0.57142857,pics/RB100000153R00.jpg,0,0,0,0,0,0,0,0,0,0,0,0,0,1,1,0,0,0,0,0,0,0,0,0,0,0,0
REEBOK,0.24973205,0.5,pics/RB100074636R00.jpg,1,0,0,0,0,0,0,0,0,0,0,0,0,0,1,0,0,0,0,0,0,0,0,0,0,0,0
ECCO,0.14276527,0.07142857,pics/EC82577451052.jpg,0,0,0,0,0,0,0,0,0,0,0,0,0,1,0,0,0,0,0,0,0,0,0,0,1,0,0
ANTA,0.03558414,0.28571429,pics/AN8124188404.jpg,0,0,0,0,0,0,0,0,0,0,1,0,0,0,0,0,0,0,0,0,1,0,0,0,0,0,0
TIMBERLAND,0.25709182,0.28571429,pics/TB0A6AZDEK91R00.jpg,0,0,0,0,0,0,0,0,0,0,0,0,0,1,0,0,0,0,0,1,0,0,0,0,0,0,0
ANTA,0.17827796,0.21428571,pics/AN8124188913.jpg,0,0,0,0,0,1,0,0,0,0,0,0,0,0,0,0,0,0,0,0,1,0,0,0,0,0,0
PUMA,0.214005,0.0,pics/PM39232602.jpg,1,0,0,0,0,0,0,0,0,0,0,0,0,0,0,0,0,0,0,0,1,0,0,0,0,0,0
TIMBERLAND,0.242801,0.21428571,pics/TB0A5W2RD511R00.jpg,0,0,0,0,0,1,0,0,0,0,0,0,0,0,0,0,0,0,0,0,0,0,0,0,0,0,0
MICHAEL KORS,0.27581279,0.14285714,pics/MK42R4MIFS3D012.jpg,0,0,0,0,0,0,0,0,0,0,0,0,0,1,1,0,0,0,0,0,0,0,0,0,0,0,0
PUMA,0.24973205,0.5,pics/PM39232801.jpg,0,0,0,0,0,0,0,0,0,0,0,0,0,1,0,0,0,0,0,0,1,0,0,0,0,0,0
TIMBERLAND,0.242801,0.14285714,pics/TB0A67A9EO21R00.jpg,0,0,0,0,0,1,0,0,0,0,0,0,0,0,0,0,0,0,0,0,0,0,0,0,0,0,0
PUMA,0.214005,0.0,pics/PM39232605.jpg,0,0,0,0,0,0,0,0,0,0,1,0,0,0,0,0,0,0,0,0,1,0,0,0,0,0,0
ANTA,0.03558414,0.28571429,pics/AN8124188403.jpg,0,0,0,0,0,1,0,0,0,0,0,0,0,0,0,0,0,0,0,0,1,0,0,0,0,0,0
ANTA,0.07109682,0.21428571,pics/AN8124180163.jpg,0,0,0,0,0,0,0,0,0,0,0,0,0,1,0,0,0,0,0,0,1,0,0,0,0,0,0
MICHAEL KORS,0.32868882,0.14285714,pics/MK42R4KIFS4D407.jpg,0,0,0,0,0,0,0,0,0,0,0,1,0,0,1,0,0,0,0,0,0,0,0,0,0,0,0
PUMA,0.35691318,0.28571429,pics/PM39592001.jpg,0,0,0,0,0,0,0,0,0,0,0,0,0,1,0,0,0,0,0,0,1,0,0,0,0,0,0
TIMBERLAND,0.242801,0.14285714,pics/TB0A66PWEN71R00.jpg,0,0,0,0,0,0,0,0,0,0,0,0,0,0,0,0,0,0,0,0,0,0,0,0,0,0,0
TIMBERLAND,0.25709182,0.21428571,pics/TB0A6A6REM11R00.jpg,1,0,0,0,0,0,0,0,0,0,0,0,0,0,0,0,0,0,0,1,0,0,0,0,0,0,0
PUMA,0.46409432,0.5,pics/PM39077630.jpg,0,0,0,0,0,1,0,0,0,0,0,0,0,0,1,0,0,0,0,0,0,0,0,0,0,0,0
ECCO,0.19632011,0.0,pics/EC82577456586.jpg,0,0,0,0,1,0,0,0,0,0,0,0,0,0,0,0,0,0,0,0,0,0,0,0,1,0,0
TIMBERLAND,0.25709182,0.28571429,pics/TB0A6AEVEO41R00.jpg,0,0,0,0,0,1,0,0,0,0,0,0,0,0,0,0,0,0,0,1,0,0,0,0,0,0,0
ANTA,0.00414434,0.28571429,pics/AN8124180161.jpg,1,0,0,0,0,0,0,0,0,0,0,0,0,0,0,0,0,0,0,0,1,0,0,0,0,0,0
PUMA,0.26759557,0.21428571,pics/PM39232601.jpg,0,0,0,0,0,0,0,0,0,0,0,0,0,1,0,0,0,0,0,0,1,0,0,0,0,0,0
MICHAEL KORS,0.27581279,0.21428571,pics/MK42R4MIFS3D221.jpg,0,0,0,0,0,1,0,0,0,0,0,0,0,0,1,0,0,0,0,0,0,0,0,0,0,0,0
MICHAEL KORS,0.47338335,0.07142857,pics/MK42R4NIFS2B407.jpg,0,0,0,0,0,0,0,0,0,0,0,1,0,0,1,0,0,0,0,0,0,0,0,0,0,0,0
PUMA,0.49982136,0.0,pics/PM39590901.jpg,0,0,0,0,0,1,0,0,0,0,0,0,0,0,1,0,0,0,0,0,0,0,0,0,0,0,0
ECCO,0.14276527,0.07142857,pics/EC52140450334.jpg,0,0,0,0,0,0,0,0,0,0,0,0,0,1,0,0,0,0,0,0,1,0,0,0,0,0,0
PUMA,0.46409432,0.5,pics/PM39077621.jpg,0,0,0,0,0,0,0,0,0,0,0,0,0,1,1,0,0,0,0,0,0,0,0,0,0,0,0
MICHAEL KORS,0.36262951,0.07142857,pics/MK42T2MIFS4D001.jpg,0,0,0,0,0,0,0,0,0,0,0,0,0,1,1,0,0,0,0,0,0,0,0,0,0,0,0
TIMBERLAND,0.242801,0.28571429,pics/TB0A5WVZ0151R00.jpg,0,0,0,0,0,0,0,0,0,0,0,0,0,1,0,0,0,0,0,0,0,0,0,0,0,0,0
ECCO,0.22851018,0.35714286,pics/EC52081454301.jpg,0,0,0,0,0,0,0,0,0,0,1,0,0,0,0,0,0,0,0,0,1,0,0,0,0,0,0
